country,price_date,year,month,c_beans_fao,c_maize_fao,inflation_food_price_index
Kenya,1/1/2007,2007,1,37651.53,15551.52,
Kenya,2/1/2007,2007,2,36928.44,15071.37,
Kenya,3/1/2007,2007,3,37557.35,15492.61,
Kenya,4/1/2007,2007,4,37545.86,15338.85,
Kenya,5/1/2007,2007,5,37497.17,14954.2,
Kenya,6/1/2007,2007,6,37897.22,14965.69,
Kenya,7/1/2007,2007,7,37973.61,14986.88,
Kenya,8/1/2007,2007,8,37676.15,14970.84,
Kenya,9/1/2007,2007,9,38273.1,14950.92,
Kenya,10/1/2007,2007,10,38069.86,14929.74,
Kenya,11/1/2007,2007,11,38262.29,14601.35,
Kenya,12/1/2007,2007,12,41486.15,15765.32,
Kenya,1/1/2007,2007,1,36480.48,14715.25,
Kenya,2/1/2007,2007,2,36075.61,14507.14,
Kenya,3/1/2007,2007,3,36618.83,14915.44,
Kenya,4/1/2007,2007,4,35854.08,14499.35,
Kenya,5/1/2007,2007,5,35826.4,14047.42,
Kenya,6/1/2007,2007,6,36030.92,14115.84,
Kenya,7/1/2007,2007,7,36159.27,14029.76,
Kenya,8/1/2007,2007,8,36464.47,14209.97,
Kenya,9/1/2007,2007,9,36013.35,13911.22,
Kenya,10/1/2007,2007,10,35853.92,13958.69,
Kenya,11/1/2007,2007,11,37004.11,13856.49,
Kenya,12/1/2007,2007,12,37045.41,13253.72,
Kenya,1/1/2007,2007,1,38336.25,13585.88,
Kenya,2/1/2007,2007,2,38910.9,13383.51,
Kenya,3/1/2007,2007,3,37503.63,13253.24,
Kenya,4/1/2007,2007,4,37675.26,13135.7,
Kenya,5/1/2007,2007,5,38142.73,13154.67,
Kenya,6/1/2007,2007,6,38504.48,12845.34,
Kenya,7/1/2007,2007,7,38279.31,13138.53,
Kenya,8/1/2007,2007,8,38631.93,13081.64,
Kenya,9/1/2007,2007,9,38528.92,13080.43,
Kenya,10/1/2007,2007,10,38417.7,12946.76,
Kenya,11/1/2007,2007,11,39624.05,12604.09,
Kenya,12/1/2007,2007,12,39452.49,12236.61,
Kenya,1/1/2007,2007,1,34731.73,14863.85,
Kenya,2/1/2007,2007,2,34641.62,14826.71,
Kenya,3/1/2007,2007,3,34711.5,14381.43,
Kenya,4/1/2007,2007,4,34459.34,14133.18,
Kenya,5/1/2007,2007,5,34543.95,13622.18,
Kenya,6/1/2007,2007,6,34902.85,13771.8,
Kenya,7/1/2007,2007,7,34637.19,13753.18,
Kenya,8/1/2007,2007,8,35056.81,13891.68,
Kenya,9/1/2007,2007,9,35128.49,13783.76,
Kenya,10/1/2007,2007,10,34598.4,13589.62,
Kenya,11/1/2007,2007,11,35031.58,13624.73,
Kenya,12/1/2007,2007,12,36183.13,13554.04,
Kenya,1/1/2007,2007,1,37642.86,14943.47,
Kenya,2/1/2007,2007,2,37578.84,14664.8,
Kenya,3/1/2007,2007,3,37680.7,14645.66,
Kenya,4/1/2007,2007,4,37519.67,14471.78,
Kenya,5/1/2007,2007,5,37219.04,14236.81,
Kenya,6/1/2007,2007,6,37413.54,14068.57,
Kenya,7/1/2007,2007,7,37573.17,14008.2,
Kenya,8/1/2007,2007,8,37675.28,14182.04,
Kenya,9/1/2007,2007,9,37664.66,14103.51,
Kenya,10/1/2007,2007,10,37734.34,14067.65,
Kenya,11/1/2007,2007,11,37827.63,14014.87,
Kenya,12/1/2007,2007,12,38631.09,13818.9,
Kenya,1/1/2007,2007,1,40622.11,17289.21,
Kenya,2/1/2007,2007,2,40119.82,16588.97,
Kenya,3/1/2007,2007,3,40021.92,16624.11,
Kenya,4/1/2007,2007,4,40357.8,16490.3,
Kenya,5/1/2007,2007,5,41481.22,16555.53,
Kenya,6/1/2007,2007,6,40639.51,15508.46,
Kenya,7/1/2007,2007,7,42325.94,16803.3,
Kenya,8/1/2007,2007,8,41405.68,16298.31,
Kenya,9/1/2007,2007,9,41242.06,15570.91,
Kenya,10/1/2007,2007,10,41223.29,15777.96,
Kenya,11/1/2007,2007,11,43445.54,17057.09,
Kenya,12/1/2007,2007,12,44300.96,17668.92,
Kenya,1/1/2007,2007,1,37649.29,13649.89,
Kenya,2/1/2007,2007,2,37538.6,13619.16,
Kenya,3/1/2007,2007,3,37556.29,13455.29,
Kenya,4/1/2007,2007,4,37379.46,13345.81,
Kenya,5/1/2007,2007,5,37542.97,13383.07,
Kenya,6/1/2007,2007,6,37729.22,13308.66,
Kenya,7/1/2007,2007,7,37514.9,13280.65,
Kenya,8/1/2007,2007,8,37702.33,13491.32,
Kenya,9/1/2007,2007,9,37543.52,13438.39,
Kenya,10/1/2007,2007,10,37738.01,13238.04,
Kenya,11/1/2007,2007,11,38053.72,12948.19,
Kenya,12/1/2007,2007,12,38354.56,12496.18,
Kenya,1/1/2007,2007,1,39935.82,15271.67,
Kenya,2/1/2007,2007,2,38222.58,14973.19,
Kenya,3/1/2007,2007,3,39659.53,15938.79,
Kenya,4/1/2007,2007,4,39669.48,15956.73,
Kenya,5/1/2007,2007,5,40114.24,15022.52,
Kenya,6/1/2007,2007,6,42398.15,17381.88,
Kenya,7/1/2007,2007,7,42964.86,17720.73,
Kenya,8/1/2007,2007,8,43187.61,17040,
Kenya,9/1/2007,2007,9,42425.41,17119.93,
Kenya,10/1/2007,2007,10,41778.15,16273.03,
Kenya,11/1/2007,2007,11,43437.86,17523.49,
Kenya,12/1/2007,2007,12,45371.71,17533.5,
Kenya,1/1/2007,2007,1,37138.69,14788.77,
Kenya,2/1/2007,2007,2,37024.97,14872.13,
Kenya,3/1/2007,2007,3,36755.03,14692.52,
Kenya,4/1/2007,2007,4,36686.2,14691.39,
Kenya,5/1/2007,2007,5,36597.2,14149.43,
Kenya,6/1/2007,2007,6,36755.77,14195.03,
Kenya,7/1/2007,2007,7,36917.91,14083.32,
Kenya,8/1/2007,2007,8,36752.44,14272.58,
Kenya,9/1/2007,2007,9,37116.38,14172.27,
Kenya,10/1/2007,2007,10,36717.82,14160.43,
Kenya,11/1/2007,2007,11,37586.17,14314.55,
Kenya,12/1/2007,2007,12,37835.88,14197.78,
Kenya,1/1/2007,2007,1,39941.71,13372.44,
Kenya,2/1/2007,2007,2,39424.58,13244.1,
Kenya,3/1/2007,2007,3,39694.21,13247.03,
Kenya,4/1/2007,2007,4,38594.98,13331.15,
Kenya,5/1/2007,2007,5,38860.88,13449.6,
Kenya,6/1/2007,2007,6,40224.13,14467.97,
Kenya,7/1/2007,2007,7,40057.5,13551.07,
Kenya,8/1/2007,2007,8,40043.23,14222.86,
Kenya,9/1/2007,2007,9,39777.6,13524.06,
Kenya,10/1/2007,2007,10,39791.81,13275.97,
Kenya,11/1/2007,2007,11,41132.74,14797.49,
Kenya,12/1/2007,2007,12,43215.29,14272.8,
Kenya,1/1/2007,2007,1,38584.26,13858.72,
Kenya,2/1/2007,2007,2,37985.31,13624.55,
Kenya,3/1/2007,2007,3,38067.55,13704.62,
Kenya,4/1/2007,2007,4,37936.72,13682.1,
Kenya,5/1/2007,2007,5,38002.45,13599.6,
Kenya,6/1/2007,2007,6,39760.79,13943.26,
Kenya,7/1/2007,2007,7,39565.16,13894.19,
Kenya,8/1/2007,2007,8,39761.97,13884.37,
Kenya,9/1/2007,2007,9,40072.92,13759.28,
Kenya,10/1/2007,2007,10,38904.37,13741.39,
Kenya,11/1/2007,2007,11,40939.56,14049.84,
Kenya,12/1/2007,2007,12,42696.41,14139.06,
Kenya,1/1/2007,2007,1,37248.96,14964.05,
Kenya,2/1/2007,2007,2,37188.18,14575.25,
Kenya,3/1/2007,2007,3,36766.08,14351.78,
Kenya,4/1/2007,2007,4,36946.18,14154.38,
Kenya,5/1/2007,2007,5,37472.04,13985.13,
Kenya,6/1/2007,2007,6,37382.46,14188.82,
Kenya,7/1/2007,2007,7,37399.09,13939.37,
Kenya,8/1/2007,2007,8,37495.42,13852.02,
Kenya,9/1/2007,2007,9,37454.8,13943.16,
Kenya,10/1/2007,2007,10,37339.81,13901.88,
Kenya,11/1/2007,2007,11,38283.19,13825.78,
Kenya,12/1/2007,2007,12,38648.05,13716.37,
Kenya,1/1/2007,2007,1,38279.41,15474.32,
Kenya,2/1/2007,2007,2,37651.72,15130.77,
Kenya,3/1/2007,2007,3,37722.53,15255.15,
Kenya,4/1/2007,2007,4,36264.5,14813.41,
Kenya,5/1/2007,2007,5,37355.02,14353.22,
Kenya,6/1/2007,2007,6,38085.22,14792.76,
Kenya,7/1/2007,2007,7,38066.69,14482.08,
Kenya,8/1/2007,2007,8,38047.43,14809.33,
Kenya,9/1/2007,2007,9,37926.86,15006.22,
Kenya,10/1/2007,2007,10,38222.37,14582.59,
Kenya,11/1/2007,2007,11,39877.44,15215.24,
Kenya,12/1/2007,2007,12,40796.56,14860.98,
Kenya,1/1/2007,2007,1,36699.22,15653.88,
Kenya,2/1/2007,2007,2,36426.11,14717.37,
Kenya,3/1/2007,2007,3,36388.35,14699.78,
Kenya,4/1/2007,2007,4,36163.13,14446.23,
Kenya,5/1/2007,2007,5,36840.43,14725.12,
Kenya,6/1/2007,2007,6,37663.03,14882.16,
Kenya,7/1/2007,2007,7,38587.55,15389.89,
Kenya,8/1/2007,2007,8,37626.09,14771.78,
Kenya,9/1/2007,2007,9,38049.91,15041.02,
Kenya,10/1/2007,2007,10,37891.08,14881.62,
Kenya,11/1/2007,2007,11,41110.67,16371.09,
Kenya,12/1/2007,2007,12,44343.52,17271.09,
Kenya,1/1/2007,2007,1,38965.05,14318.9,
Kenya,2/1/2007,2007,2,38724.5,14334.52,
Kenya,3/1/2007,2007,3,38074.44,14170.46,
Kenya,4/1/2007,2007,4,39153.63,14500.2,
Kenya,5/1/2007,2007,5,40133.99,14688.6,
Kenya,6/1/2007,2007,6,40544.36,14699.28,
Kenya,7/1/2007,2007,7,41788.32,15020.5,
Kenya,8/1/2007,2007,8,41459.78,15234.63,
Kenya,9/1/2007,2007,9,41426.13,15243.49,
Kenya,10/1/2007,2007,10,40394.97,14735.77,
Kenya,11/1/2007,2007,11,42715.5,15566.14,
Kenya,12/1/2007,2007,12,43827.43,15190.53,
Kenya,1/1/2007,2007,1,36603.65,14543.32,
Kenya,2/1/2007,2007,2,36470.23,14177.32,
Kenya,3/1/2007,2007,3,36000.8,14292.3,
Kenya,4/1/2007,2007,4,35890.46,14049.72,
Kenya,5/1/2007,2007,5,36140.68,13825.96,
Kenya,6/1/2007,2007,6,36526.29,13688.96,
Kenya,7/1/2007,2007,7,36736.78,13719.21,
Kenya,8/1/2007,2007,8,36386.23,13806.33,
Kenya,9/1/2007,2007,9,36841.28,13754.84,
Kenya,10/1/2007,2007,10,36463.51,13746.06,
Kenya,11/1/2007,2007,11,37809.72,13571.3,
Kenya,12/1/2007,2007,12,39554.12,13486.33,
Kenya,1/1/2007,2007,1,36639.07,14505.64,
Kenya,2/1/2007,2007,2,36473.81,14516.71,
Kenya,3/1/2007,2007,3,36758.05,14633.08,
Kenya,4/1/2007,2007,4,37080.07,14352.64,
Kenya,5/1/2007,2007,5,36476.69,13888.09,
Kenya,6/1/2007,2007,6,35923.99,13672.53,
Kenya,7/1/2007,2007,7,38114.02,14247.09,
Kenya,8/1/2007,2007,8,36868.71,13872.61,
Kenya,9/1/2007,2007,9,36434.38,13826.08,
Kenya,10/1/2007,2007,10,36510.75,13857.46,
Kenya,11/1/2007,2007,11,37866.55,13722.89,
Kenya,12/1/2007,2007,12,39176.86,14555,
Kenya,1/1/2007,2007,1,38638.84,14658.59,
Kenya,2/1/2007,2007,2,38303.5,14536.49,
Kenya,3/1/2007,2007,3,37994.86,14372.3,
Kenya,4/1/2007,2007,4,39677.26,15387.15,
Kenya,5/1/2007,2007,5,39324.12,14186.67,
Kenya,6/1/2007,2007,6,39953.87,14931.69,
Kenya,7/1/2007,2007,7,41180.01,14970.89,
Kenya,8/1/2007,2007,8,41286.1,15011.63,
Kenya,9/1/2007,2007,9,39726.15,14765.98,
Kenya,10/1/2007,2007,10,39588.8,14791.19,
Kenya,11/1/2007,2007,11,41409.67,15152.2,
Kenya,12/1/2007,2007,12,44077.14,16556.76,
Kenya,1/1/2007,2007,1,37454.98,15018.21,
Kenya,2/1/2007,2007,2,37997.46,15210.94,
Kenya,3/1/2007,2007,3,38172.51,15168.69,
Kenya,4/1/2007,2007,4,38481.86,14949.23,
Kenya,5/1/2007,2007,5,37730.76,14670.13,
Kenya,6/1/2007,2007,6,37268.97,14380.92,
Kenya,7/1/2007,2007,7,38248.76,14721.83,
Kenya,8/1/2007,2007,8,39345.39,15078.12,
Kenya,9/1/2007,2007,9,38181.26,14721.58,
Kenya,10/1/2007,2007,10,37889.49,14737.46,
Kenya,11/1/2007,2007,11,39291.8,14668.86,
Kenya,12/1/2007,2007,12,40639.28,14930.85,
Kenya,1/1/2007,2007,1,36677.24,14422.52,
Kenya,2/1/2007,2007,2,36465.91,14407.24,
Kenya,3/1/2007,2007,3,37405.03,14368.4,
Kenya,4/1/2007,2007,4,35693.37,13989.73,
Kenya,5/1/2007,2007,5,35448.38,13580.79,
Kenya,6/1/2007,2007,6,36239.67,13663.13,
Kenya,7/1/2007,2007,7,35382.04,13573.3,
Kenya,8/1/2007,2007,8,38732.85,14350.09,
Kenya,9/1/2007,2007,9,37077.19,13926.85,
Kenya,10/1/2007,2007,10,36717.73,13935.23,
Kenya,11/1/2007,2007,11,37533.01,13605.83,
Kenya,12/1/2007,2007,12,38535.75,13915.03,
Kenya,1/1/2007,2007,1,37565.55,15169.13,
Kenya,2/1/2007,2007,2,37686.76,15043.75,
Kenya,3/1/2007,2007,3,37294.1,14955.52,
Kenya,4/1/2007,2007,4,37215.53,14542.83,
Kenya,5/1/2007,2007,5,37186.83,14260.48,
Kenya,6/1/2007,2007,6,37824.15,14191.37,
Kenya,7/1/2007,2007,7,37469.31,14226.45,
Kenya,8/1/2007,2007,8,37510.68,14150.24,
Kenya,9/1/2007,2007,9,37326.14,14086.36,
Kenya,10/1/2007,2007,10,37491.74,14268.99,
Kenya,11/1/2007,2007,11,38163.1,14206.06,
Kenya,12/1/2007,2007,12,38841.66,13922.79,
Kenya,1/1/2007,2007,1,33907.44,14047.36,
Kenya,2/1/2007,2007,2,34705.3,14461,
Kenya,3/1/2007,2007,3,33951,14131.85,
Kenya,4/1/2007,2007,4,34321.24,13992.07,
Kenya,5/1/2007,2007,5,34756.18,13691.91,
Kenya,6/1/2007,2007,6,35165.59,13904.61,
Kenya,7/1/2007,2007,7,35227.93,13976.15,
Kenya,8/1/2007,2007,8,35305.95,13895.71,
Kenya,9/1/2007,2007,9,35380.46,13970.64,
Kenya,10/1/2007,2007,10,35357.8,13992.31,
Kenya,11/1/2007,2007,11,35552.32,13960.03,
Kenya,12/1/2007,2007,12,37439.76,13890.92,
Kenya,1/1/2007,2007,1,36947.04,15013.3,
Kenya,2/1/2007,2007,2,36730.37,14986.1,
Kenya,3/1/2007,2007,3,36523.18,14836.38,
Kenya,4/1/2007,2007,4,36918.85,14586.73,
Kenya,5/1/2007,2007,5,36274.11,14107.58,
Kenya,6/1/2007,2007,6,37127.51,14303.62,
Kenya,7/1/2007,2007,7,36909,14111.71,
Kenya,8/1/2007,2007,8,37257.72,14322.58,
Kenya,9/1/2007,2007,9,36670.5,14219.09,
Kenya,10/1/2007,2007,10,36881.03,14476.91,
Kenya,11/1/2007,2007,11,37735.53,14169.47,
Kenya,12/1/2007,2007,12,38073.79,13948.8,
Kenya,1/1/2007,2007,1,42264.51,15474.14,
Kenya,2/1/2007,2007,2,42788.51,14119.64,
Kenya,3/1/2007,2007,3,40964.09,13820.33,
Kenya,4/1/2007,2007,4,40898.38,13899,
Kenya,5/1/2007,2007,5,41873.36,13915.5,
Kenya,6/1/2007,2007,6,42140.99,14469.92,
Kenya,7/1/2007,2007,7,42704.38,14507.25,
Kenya,8/1/2007,2007,8,42732.56,14620.19,
Kenya,9/1/2007,2007,9,43109.18,14714.14,
Kenya,10/1/2007,2007,10,42805.43,13796.32,
Kenya,11/1/2007,2007,11,43515.29,13910.91,
Kenya,12/1/2007,2007,12,46600.68,14411.11,
Kenya,1/1/2007,2007,1,38364.93,15249.84,
Kenya,2/1/2007,2007,2,37329.07,14336.13,
Kenya,3/1/2007,2007,3,39740.31,15537.98,
Kenya,4/1/2007,2007,4,38523.61,14504.01,
Kenya,5/1/2007,2007,5,40279.06,14972.86,
Kenya,6/1/2007,2007,6,39079.79,14436.23,
Kenya,7/1/2007,2007,7,41376.67,15705.28,
Kenya,8/1/2007,2007,8,41304.08,15382.73,
Kenya,9/1/2007,2007,9,40396.21,15187,
Kenya,10/1/2007,2007,10,39762.44,15011.82,
Kenya,11/1/2007,2007,11,42037.97,15575.48,
Kenya,12/1/2007,2007,12,43549.92,16303.17,
Kenya,1/1/2007,2007,1,48637.25,18427.43,
Kenya,2/1/2007,2007,2,48217.7,18352.44,
Kenya,3/1/2007,2007,3,47793.39,18930.34,
Kenya,4/1/2007,2007,4,48157.92,19050.62,
Kenya,5/1/2007,2007,5,48564.05,18616.49,
Kenya,6/1/2007,2007,6,49579.25,21311.87,
Kenya,7/1/2007,2007,7,48943.02,18370.77,
Kenya,8/1/2007,2007,8,49537.92,18769.58,
Kenya,9/1/2007,2007,9,49368.73,21048.41,
Kenya,10/1/2007,2007,10,48069.78,18032.9,
Kenya,11/1/2007,2007,11,51340.73,21054.75,
Kenya,12/1/2007,2007,12,52561.37,24383.2,
Kenya,1/1/2007,2007,1,42945.56,16230.29,
Kenya,2/1/2007,2007,2,40121.73,14611.1,
Kenya,3/1/2007,2007,3,41210.13,15525.74,
Kenya,4/1/2007,2007,4,41562.93,15980.42,
Kenya,5/1/2007,2007,5,41670.5,15438.91,
Kenya,6/1/2007,2007,6,44263.46,15761.54,
Kenya,7/1/2007,2007,7,43749.54,15689.75,
Kenya,8/1/2007,2007,8,44246.92,16521.09,
Kenya,9/1/2007,2007,9,42711.59,15782.06,
Kenya,10/1/2007,2007,10,42909.28,16354.65,
Kenya,11/1/2007,2007,11,45060.47,15961.55,
Kenya,12/1/2007,2007,12,46946.16,15437.57,
Kenya,1/1/2007,2007,1,45895.15,16299.9,
Kenya,2/1/2007,2007,2,43956.9,16800.66,
Kenya,3/1/2007,2007,3,42460.46,16253.16,
Kenya,4/1/2007,2007,4,43647.31,16569.1,
Kenya,5/1/2007,2007,5,44634.88,16970.84,
Kenya,6/1/2007,2007,6,47362.49,17917.48,
Kenya,7/1/2007,2007,7,48142.35,18282.6,
Kenya,8/1/2007,2007,8,48037.52,17877.27,
Kenya,9/1/2007,2007,9,47799.47,17537.62,
Kenya,10/1/2007,2007,10,47344.05,17921.33,
Kenya,11/1/2007,2007,11,48671.87,18046.04,
Kenya,12/1/2007,2007,12,50297.25,20813.45,
Kenya,1/1/2007,2007,1,36552.37,15645.78,
Kenya,2/1/2007,2007,2,36495.37,15613.9,
Kenya,3/1/2007,2007,3,36248.96,15038.82,
Kenya,4/1/2007,2007,4,35876.21,14798.31,
Kenya,5/1/2007,2007,5,36456.6,14404.67,
Kenya,6/1/2007,2007,6,35874,13970.66,
Kenya,7/1/2007,2007,7,36505.29,14588.44,
Kenya,8/1/2007,2007,8,36398.93,14336.36,
Kenya,9/1/2007,2007,9,36038.38,14580.48,
Kenya,10/1/2007,2007,10,35665.49,14145.88,
Kenya,11/1/2007,2007,11,36676.51,14113.23,
Kenya,12/1/2007,2007,12,38000.04,13921.06,
Kenya,1/1/2007,2007,1,33652.32,14343.59,
Kenya,2/1/2007,2007,2,33703.82,14207.97,
Kenya,3/1/2007,2007,3,33329.89,14541.91,
Kenya,4/1/2007,2007,4,33300.92,14001.54,
Kenya,5/1/2007,2007,5,34512.01,14009.07,
Kenya,6/1/2007,2007,6,34818.78,13952.17,
Kenya,7/1/2007,2007,7,34503.37,13973.41,
Kenya,8/1/2007,2007,8,34671.93,14008.07,
Kenya,9/1/2007,2007,9,35334.36,13950.28,
Kenya,10/1/2007,2007,10,35238.05,14021.52,
Kenya,11/1/2007,2007,11,36009.4,13892.17,
Kenya,12/1/2007,2007,12,36938.94,13789.92,
Kenya,1/1/2007,2007,1,40174.62,15387.01,
Kenya,2/1/2007,2007,2,38276.8,13669.33,
Kenya,3/1/2007,2007,3,38807.55,13861.7,
Kenya,4/1/2007,2007,4,39278.77,15010.45,
Kenya,5/1/2007,2007,5,39904.17,14315.16,
Kenya,6/1/2007,2007,6,40499.76,13690.39,
Kenya,7/1/2007,2007,7,41845.13,14377.73,
Kenya,8/1/2007,2007,8,41606.34,15175.71,
Kenya,9/1/2007,2007,9,41070.44,15028.28,
Kenya,10/1/2007,2007,10,40664.75,13528.54,
Kenya,11/1/2007,2007,11,41901.15,14465.18,
Kenya,12/1/2007,2007,12,43951.3,15011.58,
Kenya,1/1/2007,2007,1,37001.37,15184.76,
Kenya,2/1/2007,2007,2,36061.98,14729.04,
Kenya,3/1/2007,2007,3,35556.89,14745.97,
Kenya,4/1/2007,2007,4,35758.58,14826.94,
Kenya,5/1/2007,2007,5,36242.13,14469.95,
Kenya,6/1/2007,2007,6,35772.45,14039.06,
Kenya,7/1/2007,2007,7,36330.16,14298.39,
Kenya,8/1/2007,2007,8,36060.26,14581.66,
Kenya,9/1/2007,2007,9,36754.07,14600.78,
Kenya,10/1/2007,2007,10,35560.87,14003.23,
Kenya,11/1/2007,2007,11,37465.71,14258.79,
Kenya,12/1/2007,2007,12,37330.44,13966.36,
Kenya,1/1/2007,2007,1,36391.68,14843,
Kenya,2/1/2007,2007,2,36338.26,14784.7,
Kenya,3/1/2007,2007,3,35085.32,14678.02,
Kenya,4/1/2007,2007,4,35333.18,14758.23,
Kenya,5/1/2007,2007,5,35658.83,14470.83,
Kenya,6/1/2007,2007,6,36256.02,14498.39,
Kenya,7/1/2007,2007,7,35957.31,14169.02,
Kenya,8/1/2007,2007,8,35743.16,14332.88,
Kenya,9/1/2007,2007,9,36162.08,14594.79,
Kenya,10/1/2007,2007,10,35913.36,14541.88,
Kenya,11/1/2007,2007,11,36798.12,14229.75,
Kenya,12/1/2007,2007,12,37825.18,13967.85,
Kenya,1/1/2007,2007,1,35408.64,13159.49,
Kenya,2/1/2007,2007,2,35585.93,13072.05,
Kenya,3/1/2007,2007,3,35326.48,13066.44,
Kenya,4/1/2007,2007,4,35594.59,13151.94,
Kenya,5/1/2007,2007,5,35389.97,12913.1,
Kenya,6/1/2007,2007,6,36687,13240.31,
Kenya,7/1/2007,2007,7,36761.43,13246.77,
Kenya,8/1/2007,2007,8,36401.3,13088.35,
Kenya,9/1/2007,2007,9,36505.55,13308.18,
Kenya,10/1/2007,2007,10,36744.69,13296.63,
Kenya,11/1/2007,2007,11,37375.68,13448.17,
Kenya,12/1/2007,2007,12,39731.41,14222.93,
Kenya,1/1/2007,2007,1,38613.13,15037.19,
Kenya,2/1/2007,2007,2,37990.62,14789.73,
Kenya,3/1/2007,2007,3,37476.66,14508.04,
Kenya,4/1/2007,2007,4,38133.66,14736.74,
Kenya,5/1/2007,2007,5,37302.48,13852.21,
Kenya,6/1/2007,2007,6,38041.32,14075.46,
Kenya,7/1/2007,2007,7,38214.21,14155.76,
Kenya,8/1/2007,2007,8,38181.07,14155.83,
Kenya,9/1/2007,2007,9,37745.04,14122.08,
Kenya,10/1/2007,2007,10,37568.82,13934.06,
Kenya,11/1/2007,2007,11,38256.16,14214.15,
Kenya,12/1/2007,2007,12,39190.07,13810.29,
Kenya,1/1/2007,2007,1,37042.7,14942.94,
Kenya,2/1/2007,2007,2,36699.82,14958.57,
Kenya,3/1/2007,2007,3,36691.19,14827.02,
Kenya,4/1/2007,2007,4,35489.28,14299.84,
Kenya,5/1/2007,2007,5,35884.82,14033.06,
Kenya,6/1/2007,2007,6,36331.7,13820.66,
Kenya,7/1/2007,2007,7,36145.17,14041.57,
Kenya,8/1/2007,2007,8,36312.84,14181.95,
Kenya,9/1/2007,2007,9,36423.6,14258.18,
Kenya,10/1/2007,2007,10,35795.44,13746.19,
Kenya,11/1/2007,2007,11,37637.34,13854.76,
Kenya,12/1/2007,2007,12,38646.22,13842.71,
Kenya,1/1/2007,2007,1,43469,10706,
Kenya,2/1/2007,2007,2,46112.33,10457.33,
Kenya,3/1/2007,2007,3,42176,10797,
Kenya,4/1/2007,2007,4,46488.03,12761,
Kenya,5/1/2007,2007,5,45854,12540,
Kenya,6/1/2007,2007,6,47271.3,13154,
Kenya,7/1/2007,2007,7,47201,13106,
Kenya,8/1/2007,2007,8,45548,13022,
Kenya,9/1/2007,2007,9,41166,12721.64,
Kenya,10/1/2007,2007,10,44767,13270,
Kenya,11/1/2007,2007,11,48860,13541,
Kenya,12/1/2007,2007,12,51374.72,13177,
Kenya,1/1/2007,2007,1,37855.57,14710.15,
Kenya,2/1/2007,2007,2,36958.26,14803.93,
Kenya,3/1/2007,2007,3,36728.14,14771.47,
Kenya,4/1/2007,2007,4,36500.71,14669.12,
Kenya,5/1/2007,2007,5,36536.2,14044.45,
Kenya,6/1/2007,2007,6,37046.8,14161.68,
Kenya,7/1/2007,2007,7,37600.22,14279.32,
Kenya,8/1/2007,2007,8,37622.34,14076.16,
Kenya,9/1/2007,2007,9,37635.2,14342.06,
Kenya,10/1/2007,2007,10,37096.68,14103.21,
Kenya,11/1/2007,2007,11,38512.77,13798.32,
Kenya,12/1/2007,2007,12,38777.81,13974.69,
Kenya,1/1/2007,2007,1,40170.15,14606.82,
Kenya,2/1/2007,2007,2,39884.72,14525.5,
Kenya,3/1/2007,2007,3,40047.13,14576.72,
Kenya,4/1/2007,2007,4,39813.14,14013.01,
Kenya,5/1/2007,2007,5,39951.1,14476.05,
Kenya,6/1/2007,2007,6,40083.86,13803.29,
Kenya,7/1/2007,2007,7,39633.15,14246.3,
Kenya,8/1/2007,2007,8,40156.01,14079.88,
Kenya,9/1/2007,2007,9,39491.43,14215.61,
Kenya,10/1/2007,2007,10,39681.13,14407.52,
Kenya,11/1/2007,2007,11,41232.31,13637.73,
Kenya,12/1/2007,2007,12,41910.2,13247.21,
Kenya,1/1/2007,2007,1,39539.43,14427.52,
Kenya,2/1/2007,2007,2,39245.8,14519.74,
Kenya,3/1/2007,2007,3,38265.56,14007.92,
Kenya,4/1/2007,2007,4,37407.96,13717.79,
Kenya,5/1/2007,2007,5,38999.01,13532.99,
Kenya,6/1/2007,2007,6,38539.14,13664.22,
Kenya,7/1/2007,2007,7,39770.37,13352.77,
Kenya,8/1/2007,2007,8,39319.52,13367,
Kenya,9/1/2007,2007,9,39017.32,13957.33,
Kenya,10/1/2007,2007,10,39477.85,13741.61,
Kenya,11/1/2007,2007,11,40634.85,13801.3,
Kenya,12/1/2007,2007,12,40967.89,13649.55,
Kenya,1/1/2007,2007,1,39090.11,13067.19,
Kenya,2/1/2007,2007,2,39080.66,12983.27,
Kenya,3/1/2007,2007,3,38945.65,12902.29,
Kenya,4/1/2007,2007,4,39001.95,12770.66,
Kenya,5/1/2007,2007,5,38267.54,13057.11,
Kenya,6/1/2007,2007,6,38661.54,12620.79,
Kenya,7/1/2007,2007,7,38582.37,12846.1,
Kenya,8/1/2007,2007,8,38457.68,12774.32,
Kenya,9/1/2007,2007,9,38461.5,12807.6,
Kenya,10/1/2007,2007,10,38646.7,12661.64,
Kenya,11/1/2007,2007,11,39114.01,12623.02,
Kenya,12/1/2007,2007,12,39976.64,11936.21,
Kenya,1/1/2007,2007,1,39296.08,15107.54,
Kenya,2/1/2007,2007,2,38088.42,15064.23,
Kenya,3/1/2007,2007,3,38711.53,14978.74,
Kenya,4/1/2007,2007,4,39028.69,14875.74,
Kenya,5/1/2007,2007,5,39947.92,15031.56,
Kenya,6/1/2007,2007,6,40653.08,15131.18,
Kenya,7/1/2007,2007,7,40782.65,14944.6,
Kenya,8/1/2007,2007,8,40939.69,15270.53,
Kenya,9/1/2007,2007,9,40524.16,14963.38,
Kenya,10/1/2007,2007,10,41007.99,15342.29,
Kenya,11/1/2007,2007,11,42850.81,15381.01,
Kenya,12/1/2007,2007,12,43620.6,15060.51,
Kenya,1/1/2007,2007,1,42664.82,15576.95,
Kenya,2/1/2007,2007,2,41186.48,15082.09,
Kenya,3/1/2007,2007,3,42289.46,15705.09,
Kenya,4/1/2007,2007,4,41829.22,15494.44,
Kenya,5/1/2007,2007,5,41108.11,15306.17,
Kenya,6/1/2007,2007,6,42689.49,15274.35,
Kenya,7/1/2007,2007,7,43826.24,15225.95,
Kenya,8/1/2007,2007,8,43409.67,16169.96,
Kenya,9/1/2007,2007,9,43535.22,15784.34,
Kenya,10/1/2007,2007,10,40506.7,14561.55,
Kenya,11/1/2007,2007,11,43045.93,14620.83,
Kenya,12/1/2007,2007,12,45746.64,14716.79,
Kenya,1/1/2007,2007,1,37746.1,14385.61,
Kenya,2/1/2007,2007,2,36753.62,14162.54,
Kenya,3/1/2007,2007,3,37128.73,14334.22,
Kenya,4/1/2007,2007,4,37270.27,14094.05,
Kenya,5/1/2007,2007,5,38074.69,13782.16,
Kenya,6/1/2007,2007,6,38279.41,13823.76,
Kenya,7/1/2007,2007,7,38661.95,14241.45,
Kenya,8/1/2007,2007,8,39221.94,14593.43,
Kenya,9/1/2007,2007,9,37991.25,14081.7,
Kenya,10/1/2007,2007,10,37975.28,13855.04,
Kenya,11/1/2007,2007,11,38188.28,13887.4,
Kenya,12/1/2007,2007,12,40524.49,14201.9,
Kenya,1/1/2007,2007,1,37259.29,13533.59,
Kenya,2/1/2007,2007,2,37003.27,13476.34,
Kenya,3/1/2007,2007,3,35561.9,13250.17,
Kenya,4/1/2007,2007,4,35734.2,13259.31,
Kenya,5/1/2007,2007,5,36659.53,13298.36,
Kenya,6/1/2007,2007,6,37188.35,13424.67,
Kenya,7/1/2007,2007,7,37175.27,13424.46,
Kenya,8/1/2007,2007,8,36850.03,13412.29,
Kenya,9/1/2007,2007,9,37489.48,13404.2,
Kenya,10/1/2007,2007,10,37370.14,13435.25,
Kenya,11/1/2007,2007,11,37534.9,13650.38,
Kenya,12/1/2007,2007,12,39413.55,13340.76,
Kenya,1/1/2007,2007,1,37123.34,15140.37,
Kenya,2/1/2007,2007,2,36099.6,14785.66,
Kenya,3/1/2007,2007,3,35887.6,14409.53,
Kenya,4/1/2007,2007,4,33578.04,13837.98,
Kenya,5/1/2007,2007,5,35050.94,13613.53,
Kenya,6/1/2007,2007,6,35785.77,13582.48,
Kenya,7/1/2007,2007,7,36232.73,14171.62,
Kenya,8/1/2007,2007,8,35877.05,13798.48,
Kenya,9/1/2007,2007,9,36150.79,14321.44,
Kenya,10/1/2007,2007,10,36276.02,13885.75,
Kenya,11/1/2007,2007,11,37470.78,14037.02,
Kenya,12/1/2007,2007,12,38532.79,13552.31,
Kenya,1/1/2007,2007,1,35979.39,14316.26,
Kenya,2/1/2007,2007,2,34723.12,13828.72,
Kenya,3/1/2007,2007,3,35851.96,14240.05,
Kenya,4/1/2007,2007,4,35978.26,14094.4,
Kenya,5/1/2007,2007,5,36022.88,13868.24,
Kenya,6/1/2007,2007,6,36683.87,13983,
Kenya,7/1/2007,2007,7,37556.34,14037.21,
Kenya,8/1/2007,2007,8,38557.09,14168.39,
Kenya,9/1/2007,2007,9,36806.74,14001.98,
Kenya,10/1/2007,2007,10,36388.32,13913.5,
Kenya,11/1/2007,2007,11,36913.87,13576.86,
Kenya,12/1/2007,2007,12,39628.33,14082.14,
Kenya,1/1/2007,2007,1,36681.02,14576.23,
Kenya,2/1/2007,2007,2,36613.4,14594.3,
Kenya,3/1/2007,2007,3,36141.36,14521.47,
Kenya,4/1/2007,2007,4,35892.2,14272.81,
Kenya,5/1/2007,2007,5,36214.67,13773.66,
Kenya,6/1/2007,2007,6,36139.22,13665,
Kenya,7/1/2007,2007,7,36431.93,14013.3,
Kenya,8/1/2007,2007,8,36113.35,13723.79,
Kenya,9/1/2007,2007,9,36965.43,14192.27,
Kenya,10/1/2007,2007,10,36694.91,14137.48,
Kenya,11/1/2007,2007,11,37105.29,13849.74,
Kenya,12/1/2007,2007,12,38485.4,13645.68,
Kenya,1/1/2007,2007,1,56539.74,22483.6,
Kenya,2/1/2007,2007,2,56056.48,21558.47,
Kenya,3/1/2007,2007,3,55941.53,21917.93,
Kenya,4/1/2007,2007,4,55886.33,22061.11,
Kenya,5/1/2007,2007,5,55666.52,21021.85,
Kenya,6/1/2007,2007,6,56113.37,22215.23,
Kenya,7/1/2007,2007,7,56007.02,21007.09,
Kenya,8/1/2007,2007,8,56132.75,22106.35,
Kenya,9/1/2007,2007,9,56153.18,22169.04,
Kenya,10/1/2007,2007,10,56040.08,22266.89,
Kenya,11/1/2007,2007,11,55748,21642.57,
Kenya,12/1/2007,2007,12,56656.69,21860.07,
Kenya,1/1/2007,2007,1,39128.92,14958.93,
Kenya,2/1/2007,2007,2,38462.46,14741.8,
Kenya,3/1/2007,2007,3,36995.68,14382.49,
Kenya,4/1/2007,2007,4,37224.28,14196.3,
Kenya,5/1/2007,2007,5,37793.41,13999.37,
Kenya,6/1/2007,2007,6,38675.69,14369.3,
Kenya,7/1/2007,2007,7,38939.7,14498.6,
Kenya,8/1/2007,2007,8,38797.5,14367.66,
Kenya,9/1/2007,2007,9,39593.18,14397.54,
Kenya,10/1/2007,2007,10,38329.02,14193.63,
Kenya,11/1/2007,2007,11,38893.4,14186.78,
Kenya,12/1/2007,2007,12,40269.97,14654.84,
Kenya,1/1/2007,2007,1,35879.54,14628.36,
Kenya,2/1/2007,2007,2,34383.57,14298.2,
Kenya,3/1/2007,2007,3,33920.81,14332.92,
Kenya,4/1/2007,2007,4,35048.06,14165.49,
Kenya,5/1/2007,2007,5,35927.09,13689.99,
Kenya,6/1/2007,2007,6,36569.53,13727.62,
Kenya,7/1/2007,2007,7,36428.9,13741.75,
Kenya,8/1/2007,2007,8,36260.33,13592.76,
Kenya,9/1/2007,2007,9,36005.54,13691.56,
Kenya,10/1/2007,2007,10,36714.16,13819.73,
Kenya,11/1/2007,2007,11,36668.25,13660.1,
Kenya,12/1/2007,2007,12,37759.61,13101.8,
Kenya,1/1/2007,2007,1,34003.18,14485.14,
Kenya,2/1/2007,2007,2,33346.29,14291.09,
Kenya,3/1/2007,2007,3,33383.9,14150.03,
Kenya,4/1/2007,2007,4,33729.05,14160.12,
Kenya,5/1/2007,2007,5,34009.85,13840.49,
Kenya,6/1/2007,2007,6,34588.44,13709.31,
Kenya,7/1/2007,2007,7,34809.23,13866.38,
Kenya,8/1/2007,2007,8,34797.05,13880.32,
Kenya,9/1/2007,2007,9,35093.4,13649.86,
Kenya,10/1/2007,2007,10,34858.53,13899.77,
Kenya,11/1/2007,2007,11,35228.97,13625.91,
Kenya,12/1/2007,2007,12,37926.1,13772.44,
Kenya,1/1/2007,2007,1,38506.42,13169.72,
Kenya,2/1/2007,2007,2,37830.84,12983.68,
Kenya,3/1/2007,2007,3,38824.4,13046.35,
Kenya,4/1/2007,2007,4,38154.51,12845.04,
Kenya,5/1/2007,2007,5,38264.77,12882.6,
Kenya,6/1/2007,2007,6,38678.04,12769.55,
Kenya,7/1/2007,2007,7,39163.1,12829.03,
Kenya,8/1/2007,2007,8,38642.88,12779.21,
Kenya,9/1/2007,2007,9,38955.53,12778.8,
Kenya,10/1/2007,2007,10,38693.08,12912.03,
Kenya,11/1/2007,2007,11,39545.72,12457.38,
Kenya,12/1/2007,2007,12,39263.68,12162.26,
Kenya,1/1/2007,2007,1,41980.88,15755.27,
Kenya,2/1/2007,2007,2,41895.66,15891.07,
Kenya,3/1/2007,2007,3,42343.12,15955.12,
Kenya,4/1/2007,2007,4,43053.69,15551.68,
Kenya,5/1/2007,2007,5,44815.6,16059,
Kenya,6/1/2007,2007,6,43999.97,16809.15,
Kenya,7/1/2007,2007,7,48496.43,18462.83,
Kenya,8/1/2007,2007,8,47086.9,17765.98,
Kenya,9/1/2007,2007,9,45674.22,15936.75,
Kenya,10/1/2007,2007,10,47657.98,17841.85,
Kenya,11/1/2007,2007,11,48615.93,18025.35,
Kenya,12/1/2007,2007,12,48568.51,18411.41,
Kenya,1/1/2007,2007,1,42108.98,14905.58,
Kenya,2/1/2007,2007,2,41343.11,14729.11,
Kenya,3/1/2007,2007,3,41059.13,14482.82,
Kenya,4/1/2007,2007,4,40596.69,14425.33,
Kenya,5/1/2007,2007,5,41322.9,14340.99,
Kenya,6/1/2007,2007,6,41844.72,14181.39,
Kenya,7/1/2007,2007,7,42220.47,14180.4,
Kenya,8/1/2007,2007,8,42758.79,14612.09,
Kenya,9/1/2007,2007,9,42285.2,14492.79,
Kenya,10/1/2007,2007,10,42972.3,14314.59,
Kenya,11/1/2007,2007,11,42556.08,13903.8,
Kenya,12/1/2007,2007,12,44457.73,14942.5,
Kenya,1/1/2007,2007,1,37453.12,14549.45,
Kenya,2/1/2007,2007,2,36059.59,14091.28,
Kenya,3/1/2007,2007,3,37145.27,14115.01,
Kenya,4/1/2007,2007,4,36280.24,13819.86,
Kenya,5/1/2007,2007,5,36468.04,13551.35,
Kenya,6/1/2007,2007,6,37358.88,13837.77,
Kenya,7/1/2007,2007,7,37162.9,13711.93,
Kenya,8/1/2007,2007,8,37671.95,14195.86,
Kenya,9/1/2007,2007,9,36701.64,13629.6,
Kenya,10/1/2007,2007,10,36347.91,13753.98,
Kenya,11/1/2007,2007,11,37645.96,13989.06,
Kenya,12/1/2007,2007,12,40438.63,14302.76,
Kenya,1/1/2007,2007,1,39546.37,14899.99,
Kenya,2/1/2007,2007,2,38386.65,14037.34,
Kenya,3/1/2007,2007,3,38176.55,14079.29,
Kenya,4/1/2007,2007,4,39052.97,14060.99,
Kenya,5/1/2007,2007,5,40585.38,14278.51,
Kenya,6/1/2007,2007,6,39914.5,13836.62,
Kenya,7/1/2007,2007,7,40765.9,13935.06,
Kenya,8/1/2007,2007,8,41391.64,14371.36,
Kenya,9/1/2007,2007,9,40492.44,13899.92,
Kenya,10/1/2007,2007,10,40797.42,14328.79,
Kenya,11/1/2007,2007,11,42069.81,14722.62,
Kenya,12/1/2007,2007,12,42714.81,14597.82,
Kenya,1/1/2007,2007,1,35424.07,14974,
Kenya,2/1/2007,2007,2,35473.07,15021.68,
Kenya,3/1/2007,2007,3,34752.59,14623.45,
Kenya,4/1/2007,2007,4,34946.01,14472.61,
Kenya,5/1/2007,2007,5,34792.69,13958.74,
Kenya,6/1/2007,2007,6,35484.94,14089.99,
Kenya,7/1/2007,2007,7,35150.2,13760.07,
Kenya,8/1/2007,2007,8,35769.63,13997.11,
Kenya,9/1/2007,2007,9,35950.51,14009.57,
Kenya,10/1/2007,2007,10,35206.56,13962.77,
Kenya,11/1/2007,2007,11,35986.78,14035.89,
Kenya,12/1/2007,2007,12,36614.78,13766,
Kenya,1/1/2007,2007,1,38504.6,13744.04,
Kenya,2/1/2007,2007,2,38176.33,13899.39,
Kenya,3/1/2007,2007,3,37943.74,13693.15,
Kenya,4/1/2007,2007,4,38001.16,13718.13,
Kenya,5/1/2007,2007,5,38550.3,13730.88,
Kenya,6/1/2007,2007,6,39659.75,13928.65,
Kenya,7/1/2007,2007,7,39515.79,13906.63,
Kenya,8/1/2007,2007,8,39379.96,13864.93,
Kenya,9/1/2007,2007,9,39976.46,14036.52,
Kenya,10/1/2007,2007,10,39735.62,13912.83,
Kenya,11/1/2007,2007,11,40445.88,13969.89,
Kenya,12/1/2007,2007,12,41897.42,14229.81,
Kenya,1/1/2007,2007,1,39223.34,14161.05,
Kenya,2/1/2007,2007,2,39332.01,14372.87,
Kenya,3/1/2007,2007,3,38887.01,14165.11,
Kenya,4/1/2007,2007,4,39133.75,14050.33,
Kenya,5/1/2007,2007,5,38511.66,13866.16,
Kenya,6/1/2007,2007,6,39411.44,13707.11,
Kenya,7/1/2007,2007,7,38824.09,13709.74,
Kenya,8/1/2007,2007,8,39772.73,13832.42,
Kenya,9/1/2007,2007,9,39431.12,13731.37,
Kenya,10/1/2007,2007,10,39007.22,13794.65,
Kenya,11/1/2007,2007,11,40156.32,13412.96,
Kenya,12/1/2007,2007,12,40932.67,12825.12,
Kenya,1/1/2007,2007,1,36003.5,14682.09,
Kenya,2/1/2007,2007,2,34546.13,14713.16,
Kenya,3/1/2007,2007,3,34628.93,14719.2,
Kenya,4/1/2007,2007,4,33874.91,14493.85,
Kenya,5/1/2007,2007,5,35378.88,14263.64,
Kenya,6/1/2007,2007,6,35532.25,14408.75,
Kenya,7/1/2007,2007,7,36372.78,14212.76,
Kenya,8/1/2007,2007,8,36539.11,14387.5,
Kenya,9/1/2007,2007,9,35895.36,14233.1,
Kenya,10/1/2007,2007,10,35449.83,14403.12,
Kenya,11/1/2007,2007,11,36295.63,13818.86,
Kenya,12/1/2007,2007,12,38436.95,13830.17,
Kenya,1/1/2007,2007,1,35842.32,13272.8,
Kenya,2/1/2007,2007,2,35479.1,13104.77,
Kenya,3/1/2007,2007,3,35496.21,13006.32,
Kenya,4/1/2007,2007,4,35400.07,12998.67,
Kenya,5/1/2007,2007,5,35993.11,13147.4,
Kenya,6/1/2007,2007,6,36606,13129.76,
Kenya,7/1/2007,2007,7,36798.97,13187.1,
Kenya,8/1/2007,2007,8,36930.73,13182.9,
Kenya,9/1/2007,2007,9,36780.12,13285.63,
Kenya,10/1/2007,2007,10,36836.21,13200.65,
Kenya,11/1/2007,2007,11,37643.69,13360.37,
Kenya,12/1/2007,2007,12,39427.95,14281.04,
Kenya,1/1/2007,2007,1,35842.38,13279.57,
Kenya,2/1/2007,2007,2,35380.32,12940.06,
Kenya,3/1/2007,2007,3,35319.51,12806.6,
Kenya,4/1/2007,2007,4,35281.12,12898.53,
Kenya,5/1/2007,2007,5,35783.03,13014.82,
Kenya,6/1/2007,2007,6,36664.44,13274.61,
Kenya,7/1/2007,2007,7,36798.4,13351.52,
Kenya,8/1/2007,2007,8,36902.81,13369.41,
Kenya,9/1/2007,2007,9,36861.98,13358.31,
Kenya,10/1/2007,2007,10,36673.83,13307.93,
Kenya,11/1/2007,2007,11,37425,13423.86,
Kenya,12/1/2007,2007,12,39263.47,14441.47,
Kenya,1/1/2007,2007,1,40262.06,13110.74,
Kenya,2/1/2007,2007,2,40230.39,13057.72,
Kenya,3/1/2007,2007,3,39737.38,12819.17,
Kenya,4/1/2007,2007,4,39853.1,12695.05,
Kenya,5/1/2007,2007,5,39366.77,13027.09,
Kenya,6/1/2007,2007,6,40074.92,12524.96,
Kenya,7/1/2007,2007,7,40085.35,12793.21,
Kenya,8/1/2007,2007,8,39692.55,12787.09,
Kenya,9/1/2007,2007,9,40100.84,12557.75,
Kenya,10/1/2007,2007,10,39616.62,12757.68,
Kenya,11/1/2007,2007,11,40641.33,12470.73,
Kenya,12/1/2007,2007,12,41384.97,12245.69,
Kenya,1/1/2007,2007,1,40328.87,13951.62,
Kenya,2/1/2007,2007,2,40080.81,13936.44,
Kenya,3/1/2007,2007,3,39949.63,13897.46,
Kenya,4/1/2007,2007,4,39568.47,13740.79,
Kenya,5/1/2007,2007,5,39587.71,13594.52,
Kenya,6/1/2007,2007,6,39836.33,13517.89,
Kenya,7/1/2007,2007,7,39801.56,13555.72,
Kenya,8/1/2007,2007,8,39660.19,13636.76,
Kenya,9/1/2007,2007,9,40100.12,13557.15,
Kenya,10/1/2007,2007,10,39641.91,13517.17,
Kenya,11/1/2007,2007,11,40564.82,13010.18,
Kenya,12/1/2007,2007,12,41080.08,12836.01,
Kenya,1/1/2007,2007,1,44388.99,16253.71,
Kenya,2/1/2007,2007,2,44722.92,16380.6,
Kenya,3/1/2007,2007,3,42608.31,15383.31,
Kenya,4/1/2007,2007,4,41225.79,14328.4,
Kenya,5/1/2007,2007,5,42603.64,15200.53,
Kenya,6/1/2007,2007,6,42681.13,15214.44,
Kenya,7/1/2007,2007,7,43953.74,15874.99,
Kenya,8/1/2007,2007,8,44799.95,16468.06,
Kenya,9/1/2007,2007,9,42858.49,15454.31,
Kenya,10/1/2007,2007,10,43194.85,15211.11,
Kenya,11/1/2007,2007,11,45843.63,16062.78,
Kenya,12/1/2007,2007,12,46005.61,15634.23,
Kenya,1/1/2007,2007,1,39443.97,13081.6,
Kenya,2/1/2007,2007,2,39205.3,13013.23,
Kenya,3/1/2007,2007,3,39197.72,12871.84,
Kenya,4/1/2007,2007,4,38867.13,12840.27,
Kenya,5/1/2007,2007,5,38399.44,12940.3,
Kenya,6/1/2007,2007,6,39063.27,12793.84,
Kenya,7/1/2007,2007,7,38868.75,12862.87,
Kenya,8/1/2007,2007,8,38554.63,12875.21,
Kenya,9/1/2007,2007,9,38737.94,12768.79,
Kenya,10/1/2007,2007,10,38672.16,12808.63,
Kenya,11/1/2007,2007,11,39193.77,12526.79,
Kenya,12/1/2007,2007,12,39674.84,12193.58,
Kenya,1/1/2007,2007,1,39091.56,13261.91,
Kenya,2/1/2007,2007,2,38893.22,13161.25,
Kenya,3/1/2007,2007,3,39008.38,12965.71,
Kenya,4/1/2007,2007,4,39164.36,12829.64,
Kenya,5/1/2007,2007,5,38323.59,12910.98,
Kenya,6/1/2007,2007,6,38708.51,12846.61,
Kenya,7/1/2007,2007,7,38475.32,12841.93,
Kenya,8/1/2007,2007,8,38516.88,12967.39,
Kenya,9/1/2007,2007,9,38614.64,12771.05,
Kenya,10/1/2007,2007,10,38432.49,12953.57,
Kenya,11/1/2007,2007,11,39324.61,12523.45,
Kenya,12/1/2007,2007,12,39552.39,12205.22,
Kenya,1/1/2007,2007,1,39189.38,13050.75,
Kenya,2/1/2007,2007,2,38005.58,13119.75,
Kenya,3/1/2007,2007,3,37829.51,12919.98,
Kenya,4/1/2007,2007,4,39285.28,12874.09,
Kenya,5/1/2007,2007,5,38348.91,13053.83,
Kenya,6/1/2007,2007,6,38810.89,12934.48,
Kenya,7/1/2007,2007,7,38417.89,12974.2,
Kenya,8/1/2007,2007,8,38545.43,12813.14,
Kenya,9/1/2007,2007,9,38447.61,12864.1,
Kenya,10/1/2007,2007,10,38435.77,12881.21,
Kenya,11/1/2007,2007,11,39682.85,12592.78,
Kenya,12/1/2007,2007,12,39350.56,12284.63,
Kenya,1/1/2007,2007,1,39069.44,13157.6,
Kenya,2/1/2007,2007,2,38952.25,13133.98,
Kenya,3/1/2007,2007,3,37506.05,12924.81,
Kenya,4/1/2007,2007,4,38026.65,12829.2,
Kenya,5/1/2007,2007,5,38104.41,12850.65,
Kenya,6/1/2007,2007,6,38594.54,12843.88,
Kenya,7/1/2007,2007,7,38637.61,12976.83,
Kenya,8/1/2007,2007,8,38413.86,12848.37,
Kenya,9/1/2007,2007,9,38206.12,12872.25,
Kenya,10/1/2007,2007,10,38460.85,12869.2,
Kenya,11/1/2007,2007,11,39480.68,12566.72,
Kenya,12/1/2007,2007,12,39882.61,12059.56,
Kenya,1/1/2007,2007,1,37663.12,13650.24,
Kenya,2/1/2007,2007,2,37846.94,13728.12,
Kenya,3/1/2007,2007,3,37414.21,13543.11,
Kenya,4/1/2007,2007,4,37669.08,13664,
Kenya,5/1/2007,2007,5,37946.27,13774.51,
Kenya,6/1/2007,2007,6,39261.32,13812.49,
Kenya,7/1/2007,2007,7,38697.44,13639.54,
Kenya,8/1/2007,2007,8,39487.28,13896.74,
Kenya,9/1/2007,2007,9,40035.36,13951.19,
Kenya,10/1/2007,2007,10,39108.38,13783.88,
Kenya,11/1/2007,2007,11,40739.47,14045.03,
Kenya,12/1/2007,2007,12,42160.97,13981.35,
Kenya,1/1/2008,2008,1,45333.87,16308.52,13.38
Kenya,2/1/2008,2008,2,43336.82,18435.75,19.6
Kenya,3/1/2008,2008,3,44113.17,16049.42,11.2
Kenya,4/1/2008,2008,4,47107.9,17309.3,19.8
Kenya,5/1/2008,2008,5,48083.95,19021.86,27.78
Kenya,6/1/2008,2008,6,50393.46,20967.47,36.13
Kenya,7/1/2008,2008,7,52185.74,21424.43,39.88
Kenya,8/1/2008,2008,8,49803.37,21251.79,36.53
Kenya,9/1/2008,2008,9,54282.06,22575.28,45.87
Kenya,10/1/2008,2008,10,52539.62,24865.79,50.57
Kenya,11/1/2008,2008,11,55681.24,22799.51,50.14
Kenya,12/1/2008,2008,12,55032.2,24667.58,42.95
Kenya,1/1/2008,2008,1,38583.34,14296.4,1.92
Kenya,2/1/2008,2008,2,39087.42,15188.57,6.73
Kenya,3/1/2008,2008,3,39571.09,14274.47,2.52
Kenya,4/1/2008,2008,4,40616.73,14559.15,7.54
Kenya,5/1/2008,2008,5,43464.49,15851.6,17.61
Kenya,6/1/2008,2008,6,43888.25,16719.42,20.34
Kenya,7/1/2008,2008,7,44571.51,16846.24,21.88
Kenya,8/1/2008,2008,8,44353.24,17099.2,21.08
Kenya,9/1/2008,2008,9,46914.6,21353.94,40.41
Kenya,10/1/2008,2008,10,49353.43,21795.3,45.76
Kenya,11/1/2008,2008,11,49996.36,22054.67,45.43
Kenya,12/1/2008,2008,12,49357.03,22017.85,46.96
Kenya,1/1/2008,2008,1,40631.79,13207.03,2.35
Kenya,2/1/2008,2008,2,40371.82,13675.48,3.12
Kenya,3/1/2008,2008,3,41183.76,12774.77,4.26
Kenya,4/1/2008,2008,4,42158.95,12500.22,5.03
Kenya,5/1/2008,2008,5,44072.42,13019.36,8.79
Kenya,6/1/2008,2008,6,45837.29,14549,16.74
Kenya,7/1/2008,2008,7,45800.55,13671.06,13.32
Kenya,8/1/2008,2008,8,45843.62,13614.64,12.79
Kenya,9/1/2008,2008,9,46723.69,14579.63,17.32
Kenya,10/1/2008,2008,10,49208.09,16376.78,27.46
Kenya,11/1/2008,2008,11,49734.7,18132.05,32.66
Kenya,12/1/2008,2008,12,49164.61,18781.2,35.68
Kenya,1/1/2008,2008,1,36951.52,14457.96,2.19
Kenya,2/1/2008,2008,2,37390.49,15186.01,5.4
Kenya,3/1/2008,2008,3,37944.39,14110.75,4.25
Kenya,4/1/2008,2008,4,38832.07,14497.68,8.14
Kenya,5/1/2008,2008,5,40777.83,14667.56,13.48
Kenya,6/1/2008,2008,6,40716.42,15135.75,13.69
Kenya,7/1/2008,2008,7,42374.03,15841.33,19.18
Kenya,8/1/2008,2008,8,42260.72,15490.9,16.57
Kenya,9/1/2008,2008,9,45275.63,18802.23,32.2
Kenya,10/1/2008,2008,10,47159.19,21876.36,47.17
Kenya,11/1/2008,2008,11,47596.75,22000.62,47.09
Kenya,12/1/2008,2008,12,47617.42,22498.08,46.34
Kenya,1/1/2008,2008,1,39254.58,14695.24,1.66
Kenya,2/1/2008,2008,2,39129.01,15201.05,3.92
Kenya,3/1/2008,2008,3,40521.27,14690.97,4.38
Kenya,4/1/2008,2008,4,40837.2,15030.47,6.68
Kenya,5/1/2008,2008,5,42965.18,18203.8,20.83
Kenya,6/1/2008,2008,6,45213.08,17479.77,22.31
Kenya,7/1/2008,2008,7,45346.04,17873.42,23.64
Kenya,8/1/2008,2008,8,46550.96,17835.06,24.51
Kenya,9/1/2008,2008,9,47428.79,21087.46,36.03
Kenya,10/1/2008,2008,10,49834.12,22616.66,44.33
Kenya,11/1/2008,2008,11,50443.04,22184.78,43.98
Kenya,12/1/2008,2008,12,50709.35,22250.39,43.68
Kenya,1/1/2008,2008,1,46333.01,19731.3,14.09
Kenya,2/1/2008,2008,2,46792.32,18391.99,14.03
Kenya,3/1/2008,2008,3,47130.68,19121.78,16.53
Kenya,4/1/2008,2008,4,47912.16,19458.51,18.4
Kenya,5/1/2008,2008,5,50435.35,20478.65,22.53
Kenya,6/1/2008,2008,6,53010.43,20786.24,32.01
Kenya,7/1/2008,2008,7,53783.99,21562.4,27.64
Kenya,8/1/2008,2008,8,53669.1,22686.22,33.85
Kenya,9/1/2008,2008,9,55180.35,27711.62,52.81
Kenya,10/1/2008,2008,10,57824.98,25291.17,48.96
Kenya,11/1/2008,2008,11,57146.44,26789.04,42.77
Kenya,12/1/2008,2008,12,57090.48,23909.27,31.74
Kenya,1/1/2008,2008,1,38482.28,13377.76,0.45
Kenya,2/1/2008,2008,2,38708.44,13979.89,2.92
Kenya,3/1/2008,2008,3,38758.47,12940.2,0.27
Kenya,4/1/2008,2008,4,40444.44,12903.92,3.41
Kenya,5/1/2008,2008,5,42510.51,13274.8,7.4
Kenya,6/1/2008,2008,6,44335.05,13789.28,11.78
Kenya,7/1/2008,2008,7,43168.55,13708.78,10.17
Kenya,8/1/2008,2008,8,44141.49,14145.08,11.99
Kenya,9/1/2008,2008,9,45029.46,16296.66,20.51
Kenya,10/1/2008,2008,10,47690.87,18241.86,31.1
Kenya,11/1/2008,2008,11,48066.5,18534.95,33.15
Kenya,12/1/2008,2008,12,47420.94,18359.25,32.84
Kenya,1/1/2008,2008,1,45936.75,19150.58,19.53
Kenya,2/1/2008,2008,2,46415.72,19111.29,24.17
Kenya,3/1/2008,2008,3,47364.12,17793.83,15.96
Kenya,4/1/2008,2008,4,49070.34,19339.7,22.59
Kenya,5/1/2008,2008,5,52903.02,21868.4,37.75
Kenya,6/1/2008,2008,6,53488.76,22168.8,26.79
Kenya,7/1/2008,2008,7,53515.47,24255.73,30.13
Kenya,8/1/2008,2008,8,53194.99,24338.83,31.85
Kenya,9/1/2008,2008,9,55072.64,26014.01,39.71
Kenya,10/1/2008,2008,10,57129.48,25364.8,45.13
Kenya,11/1/2008,2008,11,58278.2,27720.12,44.9
Kenya,12/1/2008,2008,12,55737.46,24963.46,31.37
Kenya,1/1/2008,2008,1,39243.88,14834.78,3.3
Kenya,2/1/2008,2008,2,39113.38,15246.11,4.25
Kenya,3/1/2008,2008,3,39625.31,14723.91,4.44
Kenya,4/1/2008,2008,4,42753.36,15369.54,11.25
Kenya,5/1/2008,2008,5,45656.37,16313.83,20.64
Kenya,6/1/2008,2008,6,45106.94,17027.39,21.53
Kenya,7/1/2008,2008,7,46225.34,17316.6,24.25
Kenya,8/1/2008,2008,8,45932.68,17398.06,23.65
Kenya,9/1/2008,2008,9,46280.05,19289.01,29.64
Kenya,10/1/2008,2008,10,48567.45,21896,42.02
Kenya,11/1/2008,2008,11,49828.43,21046.78,38.84
Kenya,12/1/2008,2008,12,49546.36,21408.46,39.47
Kenya,1/1/2008,2008,1,44176.04,14516.02,9.78
Kenya,2/1/2008,2008,2,44208.82,14378.35,10.7
Kenya,3/1/2008,2008,3,44183.74,14555.79,10.74
Kenya,4/1/2008,2008,4,46129.01,16067.17,19.94
Kenya,5/1/2008,2008,5,50256.29,18181.04,31.74
Kenya,6/1/2008,2008,6,54344.26,19877.27,36.08
Kenya,7/1/2008,2008,7,56501.85,20283.49,44.55
Kenya,8/1/2008,2008,8,55445.92,18812.36,35.91
Kenya,9/1/2008,2008,9,57360.19,20356.37,46.78
Kenya,10/1/2008,2008,10,57101.5,22198.53,53
Kenya,11/1/2008,2008,11,59146.14,23570.42,50.29
Kenya,12/1/2008,2008,12,58554.12,23815.62,47.98
Kenya,1/1/2008,2008,1,44169.87,14648.14,10.81
Kenya,2/1/2008,2008,2,45618.91,16187.96,19.57
Kenya,3/1/2008,2008,3,46539.94,14734.99,16.1
Kenya,4/1/2008,2008,4,48653.7,15794.01,22.89
Kenya,5/1/2008,2008,5,52702.77,17384.46,34.17
Kenya,6/1/2008,2008,6,52974.73,19092.47,34.77
Kenya,7/1/2008,2008,7,52353.62,19672.16,36.15
Kenya,8/1/2008,2008,8,52032.23,18880.7,32.98
Kenya,9/1/2008,2008,9,53482.35,20968.33,41.18
Kenya,10/1/2008,2008,10,55459.61,23169.74,53.35
Kenya,11/1/2008,2008,11,56583.51,23435.07,49.86
Kenya,12/1/2008,2008,12,55714.37,22763.05,42.65
Kenya,1/1/2008,2008,1,40251.46,14080.33,1.85
Kenya,2/1/2008,2008,2,40384.07,14835.85,5.61
Kenya,3/1/2008,2008,3,40595.46,13880.37,4.42
Kenya,4/1/2008,2008,4,43157.41,14738.14,11.32
Kenya,5/1/2008,2008,5,45830.82,16135.89,19.36
Kenya,6/1/2008,2008,6,46107.39,16371.15,19.92
Kenya,7/1/2008,2008,7,44694.8,15945.18,17.33
Kenya,8/1/2008,2008,8,44986.7,15985.14,18.04
Kenya,9/1/2008,2008,9,47128.76,18328.76,28.24
Kenya,10/1/2008,2008,10,48416.9,20750.24,38.04
Kenya,11/1/2008,2008,11,49437.51,20654.14,37.64
Kenya,12/1/2008,2008,12,48732.31,20931.12,37.1
Kenya,1/1/2008,2008,1,42869.47,17065.64,11.23
Kenya,2/1/2008,2008,2,43208.03,16274.61,11.56
Kenya,3/1/2008,2008,3,43988.06,17313.48,15.23
Kenya,4/1/2008,2008,4,46663.62,18085.59,25.73
Kenya,5/1/2008,2008,5,50113.6,20056,36.59
Kenya,6/1/2008,2008,6,50186.8,19695.8,32.39
Kenya,7/1/2008,2008,7,48835.11,19695.74,31.63
Kenya,8/1/2008,2008,8,49310.21,20964.5,34.85
Kenya,9/1/2008,2008,9,50273.17,20332.27,33.87
Kenya,10/1/2008,2008,10,52147.43,23675.52,47.67
Kenya,11/1/2008,2008,11,54152.1,24199.69,45.87
Kenya,12/1/2008,2008,12,54953.16,23694.13,45.14
Kenya,1/1/2008,2008,1,46360.16,18805.96,23.49
Kenya,2/1/2008,2008,2,46554.8,19652.67,30.38
Kenya,3/1/2008,2008,3,47827.68,18982.75,30.42
Kenya,4/1/2008,2008,4,48566.4,19966.41,36.05
Kenya,5/1/2008,2008,5,52353.61,19897.86,39.02
Kenya,6/1/2008,2008,6,51699.16,19620.29,34.89
Kenya,7/1/2008,2008,7,49803.73,19216.18,27.21
Kenya,8/1/2008,2008,8,51015.5,20918.47,38.25
Kenya,9/1/2008,2008,9,56077.65,23628.74,51.69
Kenya,10/1/2008,2008,10,53841.68,24986.3,53.46
Kenya,11/1/2008,2008,11,56103.46,24753.57,43.02
Kenya,12/1/2008,2008,12,52654.2,24992.24,30.12
Kenya,1/1/2008,2008,1,46809.81,16424.96,17.84
Kenya,2/1/2008,2008,2,48105.2,16721.79,21.01
Kenya,3/1/2008,2008,3,48947.66,16337.16,22.91
Kenya,4/1/2008,2008,4,52631.94,20005.34,35.94
Kenya,5/1/2008,2008,5,53762.16,19382.03,33.12
Kenya,6/1/2008,2008,6,53986.09,19487.3,32.92
Kenya,7/1/2008,2008,7,52362.86,19549.47,27.34
Kenya,8/1/2008,2008,8,53192.5,19935.19,29.39
Kenya,9/1/2008,2008,9,55690.09,22141.99,39.03
Kenya,10/1/2008,2008,10,56339.78,24558.97,50.95
Kenya,11/1/2008,2008,11,58026.32,24925.63,46.09
Kenya,12/1/2008,2008,12,55561.83,22042.39,34.29
Kenya,1/1/2008,2008,1,43716.35,15925.63,15.05
Kenya,2/1/2008,2008,2,43429.63,15382.28,14.47
Kenya,3/1/2008,2008,3,43680.34,15713.1,16.3
Kenya,4/1/2008,2008,4,44026.57,15586.99,17.53
Kenya,5/1/2008,2008,5,46327.41,17000.2,25.93
Kenya,6/1/2008,2008,6,50599.8,17314.65,33.38
Kenya,7/1/2008,2008,7,47125.96,17368.21,27.57
Kenya,8/1/2008,2008,8,46402.61,17195.1,26.26
Kenya,9/1/2008,2008,9,50014.99,18002.58,33.7
Kenya,10/1/2008,2008,10,53533.71,19425.42,44.48
Kenya,11/1/2008,2008,11,54989.01,18416.22,41.4
Kenya,12/1/2008,2008,12,54171.56,19897.19,41.27
Kenya,1/1/2008,2008,1,41459.2,16536.14,13.53
Kenya,2/1/2008,2008,2,41729.65,16978.24,15.54
Kenya,3/1/2008,2008,3,41704.23,16344.59,12.68
Kenya,4/1/2008,2008,4,43613.17,16445.81,16.3
Kenya,5/1/2008,2008,5,45006.61,16838.48,22.47
Kenya,6/1/2008,2008,6,45280.04,16975.39,25.24
Kenya,7/1/2008,2008,7,44517.12,16840.67,17.41
Kenya,8/1/2008,2008,8,45962.76,17604.39,25.63
Kenya,9/1/2008,2008,9,48476.97,24132.83,50.97
Kenya,10/1/2008,2008,10,51055.29,25074.03,57.58
Kenya,11/1/2008,2008,11,52514.09,25464.37,58.39
Kenya,12/1/2008,2008,12,51418.01,24996.33,48.51
Kenya,1/1/2008,2008,1,46503.7,17653.97,20.4
Kenya,2/1/2008,2008,2,47109.27,18226.49,24.03
Kenya,3/1/2008,2008,3,48261.85,16257.31,21.05
Kenya,4/1/2008,2008,4,50335.52,18765.1,24.73
Kenya,5/1/2008,2008,5,53716.89,18801.78,34.9
Kenya,6/1/2008,2008,6,52939.89,21095.84,36.27
Kenya,7/1/2008,2008,7,51098.63,20703.7,30.08
Kenya,8/1/2008,2008,8,50977.89,21707.43,32.38
Kenya,9/1/2008,2008,9,53346.86,22562.93,42.2
Kenya,10/1/2008,2008,10,53915.59,21501.45,40.13
Kenya,11/1/2008,2008,11,55676.44,22275.42,39.78
Kenya,12/1/2008,2008,12,53432.25,21892.59,25.96
Kenya,1/1/2008,2008,1,42194.34,16320.75,10.89
Kenya,2/1/2008,2008,2,42022.95,17169.29,11.61
Kenya,3/1/2008,2008,3,42783.4,16592.06,10.89
Kenya,4/1/2008,2008,4,42918.66,16000.53,9.57
Kenya,5/1/2008,2008,5,47234.09,18311.96,25.04
Kenya,6/1/2008,2008,6,50534.03,20202.95,37.74
Kenya,7/1/2008,2008,7,48307.62,20266.16,31.25
Kenya,8/1/2008,2008,8,48350.65,20465.38,28.47
Kenya,9/1/2008,2008,9,48445.54,20563.57,32.47
Kenya,10/1/2008,2008,10,53006.96,22605.31,45.82
Kenya,11/1/2008,2008,11,53097.02,22328.27,42.45
Kenya,12/1/2008,2008,12,53396.81,23538.09,42.52
Kenya,1/1/2008,2008,1,40889.42,15231.49,8.9
Kenya,2/1/2008,2008,2,40736.84,15565.43,10.1
Kenya,3/1/2008,2008,3,41447.57,16107.5,11.37
Kenya,4/1/2008,2008,4,42883.31,16079.02,17.86
Kenya,5/1/2008,2008,5,45252.39,16681.69,25.57
Kenya,6/1/2008,2008,6,45049.18,16681.58,23.36
Kenya,7/1/2008,2008,7,44648.82,17279.79,26.68
Kenya,8/1/2008,2008,8,44732.24,17426.45,18.03
Kenya,9/1/2008,2008,9,48010.9,23320.36,45.78
Kenya,10/1/2008,2008,10,51193.46,26185.77,60.35
Kenya,11/1/2008,2008,11,51922.16,25219.44,58.11
Kenya,12/1/2008,2008,12,50489.26,24437.16,49.73
Kenya,1/1/2008,2008,1,40855.64,14926.91,4.14
Kenya,2/1/2008,2008,2,41070.23,15570.96,6.56
Kenya,3/1/2008,2008,3,41345.89,14725.39,5.35
Kenya,4/1/2008,2008,4,44438.51,15976.76,15.23
Kenya,5/1/2008,2008,5,47318.31,17523.52,25.37
Kenya,6/1/2008,2008,6,47437.69,18075.76,26.27
Kenya,7/1/2008,2008,7,46704.53,17161.77,22.93
Kenya,8/1/2008,2008,8,47593.29,17502.22,25.52
Kenya,9/1/2008,2008,9,49660.06,19443.23,35.21
Kenya,10/1/2008,2008,10,51153.45,20419.91,39.34
Kenya,11/1/2008,2008,11,50923.4,20716.21,38.74
Kenya,12/1/2008,2008,12,50656.27,20528.38,37.54
Kenya,1/1/2008,2008,1,38204.24,14406.18,8.1
Kenya,2/1/2008,2008,2,38915.54,15312.35,9.3
Kenya,3/1/2008,2008,3,37697.15,13992.8,5.58
Kenya,4/1/2008,2008,4,42640.13,15710.86,18.88
Kenya,5/1/2008,2008,5,46178.96,16561.24,27.63
Kenya,6/1/2008,2008,6,46839.14,16844.99,27.89
Kenya,7/1/2008,2008,7,46110.41,17785.1,29.29
Kenya,8/1/2008,2008,8,46224.14,17418.38,28.48
Kenya,9/1/2008,2008,9,49626.26,19595.67,40.29
Kenya,10/1/2008,2008,10,51397.67,22525.53,52.28
Kenya,11/1/2008,2008,11,55034.2,21583.81,54.74
Kenya,12/1/2008,2008,12,51399.43,22049.88,46.44
Kenya,1/1/2008,2008,1,38918.73,14746.08,2.15
Kenya,2/1/2008,2008,2,40323.44,15229.92,6.13
Kenya,3/1/2008,2008,3,40507.45,14557.47,5.19
Kenya,4/1/2008,2008,4,43599.77,15061.98,11.56
Kenya,5/1/2008,2008,5,45815.28,16111.99,21.03
Kenya,6/1/2008,2008,6,46968.72,17170.49,23.71
Kenya,7/1/2008,2008,7,46078.08,16226.68,20.59
Kenya,8/1/2008,2008,8,47330.38,16789.5,22.79
Kenya,9/1/2008,2008,9,48284.85,18889.87,32.21
Kenya,10/1/2008,2008,10,50550.77,20535.71,39.19
Kenya,11/1/2008,2008,11,50186.14,20637.26,38.44
Kenya,12/1/2008,2008,12,49756.56,20533.47,37.69
Kenya,1/1/2008,2008,1,46590.23,15186.54,5.13
Kenya,2/1/2008,2008,2,47410.97,15377.67,10.05
Kenya,3/1/2008,2008,3,49311.57,15741.18,17.77
Kenya,4/1/2008,2008,4,53212.92,18782.29,32.15
Kenya,5/1/2008,2008,5,56098.05,22775.58,45.83
Kenya,6/1/2008,2008,6,55548.52,21054.19,37.4
Kenya,7/1/2008,2008,7,55340.46,21485.97,37.09
Kenya,8/1/2008,2008,8,55930.13,21850.96,38.44
Kenya,9/1/2008,2008,9,56910,22325.34,40.02
Kenya,10/1/2008,2008,10,57492.43,23350.13,48.01
Kenya,11/1/2008,2008,11,58634.41,24032.14,49.58
Kenya,12/1/2008,2008,12,58953.91,23821.74,41.34
Kenya,1/1/2008,2008,1,45276.86,17973.4,17.95
Kenya,2/1/2008,2008,2,46012.02,19542.8,28.94
Kenya,3/1/2008,2008,3,45346.39,17573.65,13.67
Kenya,4/1/2008,2008,4,46501.46,18391.13,23.33
Kenya,5/1/2008,2008,5,48933.56,18940.15,23.63
Kenya,6/1/2008,2008,6,51337.84,19144.4,31.91
Kenya,7/1/2008,2008,7,52099,17999.01,21.05
Kenya,8/1/2008,2008,8,51905.36,18384.54,23.05
Kenya,9/1/2008,2008,9,54176.6,22575.2,40.37
Kenya,10/1/2008,2008,10,54609.69,23364.03,45.23
Kenya,11/1/2008,2008,11,56165.42,22687.2,38.75
Kenya,12/1/2008,2008,12,54860.94,22126.9,30.16
Kenya,1/1/2008,2008,1,53223.24,21996.11,13.71
Kenya,2/1/2008,2008,2,53743.15,21919.75,14.91
Kenya,3/1/2008,2008,3,54064.28,22890.48,16.57
Kenya,4/1/2008,2008,4,54064.68,22365.47,14.54
Kenya,5/1/2008,2008,5,57094.68,23962.98,22.41
Kenya,6/1/2008,2008,6,57184.44,25205.86,16.7
Kenya,7/1/2008,2008,7,56986.81,24938.2,24.72
Kenya,8/1/2008,2008,8,57269.62,25282.98,23.84
Kenya,9/1/2008,2008,9,60959.53,28642.23,29.28
Kenya,10/1/2008,2008,10,62715.96,29717.25,45.19
Kenya,11/1/2008,2008,11,64828.21,31150.09,36.04
Kenya,12/1/2008,2008,12,63868.87,29797.69,21.85
Kenya,1/1/2008,2008,1,49386.21,16898.06,10.32
Kenya,2/1/2008,2008,2,50409.21,17959.01,24.5
Kenya,3/1/2008,2008,3,51776.91,20045.67,27.14
Kenya,4/1/2008,2008,4,52395.54,21539.39,29.86
Kenya,5/1/2008,2008,5,54633.05,22772.64,38.09
Kenya,6/1/2008,2008,6,53935.79,24513.41,35.86
Kenya,7/1/2008,2008,7,54081.26,24619.62,37.53
Kenya,8/1/2008,2008,8,54140.06,23855.15,31.78
Kenya,9/1/2008,2008,9,55455.08,26716,46.6
Kenya,10/1/2008,2008,10,55893.26,27024.18,45.39
Kenya,11/1/2008,2008,11,58462.47,29243.26,51.91
Kenya,12/1/2008,2008,12,56772.56,28457.9,46.08
Kenya,1/1/2008,2008,1,50967.27,22191.55,21.47
Kenya,2/1/2008,2008,2,51541.28,22462.77,24.38
Kenya,3/1/2008,2008,3,52789.54,23233.73,32.41
Kenya,4/1/2008,2008,4,52823.34,23872.9,30.98
Kenya,5/1/2008,2008,5,55235.39,23826.26,30.94
Kenya,6/1/2008,2008,6,55816.29,24757.57,26.61
Kenya,7/1/2008,2008,7,55119.39,24416.13,22.72
Kenya,8/1/2008,2008,8,55065.77,24191.22,23.46
Kenya,9/1/2008,2008,9,59137.3,28412.34,39.92
Kenya,10/1/2008,2008,10,59089.36,27678.16,37.58
Kenya,11/1/2008,2008,11,63643.83,31801.54,50.12
Kenya,12/1/2008,2008,12,58811.42,29354.18,27.85
Kenya,1/1/2008,2008,1,37767.74,14527.81,-1.5
Kenya,2/1/2008,2008,2,39197.64,15286.18,3.03
Kenya,3/1/2008,2008,3,39699.41,14515.75,3.63
Kenya,4/1/2008,2008,4,42563.41,14784.71,10.19
Kenya,5/1/2008,2008,5,44159.88,15481.37,15.12
Kenya,6/1/2008,2008,6,45257.76,16217.88,21.77
Kenya,7/1/2008,2008,7,44732.11,15659.3,15.8
Kenya,8/1/2008,2008,8,45008.33,15777,17.68
Kenya,9/1/2008,2008,9,46266.89,18142.39,26.63
Kenya,10/1/2008,2008,10,49565.28,21232.2,43.91
Kenya,11/1/2008,2008,11,49355.16,21064.97,40.97
Kenya,12/1/2008,2008,12,48919.22,21579.37,39.86
Kenya,1/1/2008,2008,1,41448.25,16026.24,17.91
Kenya,2/1/2008,2008,2,40151.6,17343.09,20.48
Kenya,3/1/2008,2008,3,39447.87,15047.05,11.43
Kenya,4/1/2008,2008,4,43450.39,16478.62,24.65
Kenya,5/1/2008,2008,5,45626.82,16986.27,27.31
Kenya,6/1/2008,2008,6,50061.27,20461.19,45.07
Kenya,7/1/2008,2008,7,47020.55,18334.98,34.03
Kenya,8/1/2008,2008,8,48186.07,18757.4,36.73
Kenya,9/1/2008,2008,9,51128.8,22193.52,51.07
Kenya,10/1/2008,2008,10,53971.1,26973.69,70.55
Kenya,11/1/2008,2008,11,55384.74,28027.86,74.7
Kenya,12/1/2008,2008,12,54292.31,28148.98,71.42
Kenya,1/1/2008,2008,1,46298.81,15229.98,8.2
Kenya,2/1/2008,2008,2,49025.93,16551.66,25.18
Kenya,3/1/2008,2008,3,50309.03,17399.91,27.93
Kenya,4/1/2008,2008,4,49775.89,18112.2,24.11
Kenya,5/1/2008,2008,5,51655.11,20539.06,35.32
Kenya,6/1/2008,2008,6,53380.85,20420.72,38.81
Kenya,7/1/2008,2008,7,53324.62,20752.08,34.32
Kenya,8/1/2008,2008,8,54191.94,22275.56,37.23
Kenya,9/1/2008,2008,9,55902.42,23757.34,45.41
Kenya,10/1/2008,2008,10,56041.76,24227.57,54.31
Kenya,11/1/2008,2008,11,57447.18,24781.21,51.08
Kenya,12/1/2008,2008,12,55648.2,23555.24,38.92
Kenya,1/1/2008,2008,1,38358.72,14774.43,0.8
Kenya,2/1/2008,2008,2,39201.05,15561.74,7.34
Kenya,3/1/2008,2008,3,39467.58,14586.42,5.53
Kenya,4/1/2008,2008,4,41761.78,14435.8,7.99
Kenya,5/1/2008,2008,5,45513.66,16396.7,20.15
Kenya,6/1/2008,2008,6,46614.13,17465.59,27.73
Kenya,7/1/2008,2008,7,44181.68,15758.68,16.61
Kenya,8/1/2008,2008,8,44449.61,16120.43,17.6
Kenya,9/1/2008,2008,9,46098.82,18522.18,26.08
Kenya,10/1/2008,2008,10,48563.29,21371.39,43.66
Kenya,11/1/2008,2008,11,51776.52,21588,43.93
Kenya,12/1/2008,2008,12,51453.25,21780.23,45.61
Kenya,1/1/2008,2008,1,38915.82,15130.01,4.69
Kenya,2/1/2008,2008,2,39093.7,15356.93,5.92
Kenya,3/1/2008,2008,3,39498.22,14642.45,6.74
Kenya,4/1/2008,2008,4,41456.72,14359.96,8.23
Kenya,5/1/2008,2008,5,45124.83,16661.99,21.45
Kenya,6/1/2008,2008,6,46338.7,17140.58,23.57
Kenya,7/1/2008,2008,7,44060.4,15629.54,17.16
Kenya,8/1/2008,2008,8,44023.46,15902.64,17.75
Kenya,9/1/2008,2008,9,46229.48,18699.22,27.99
Kenya,10/1/2008,2008,10,50099.14,21034.33,41.83
Kenya,11/1/2008,2008,11,51827.82,21752.5,46.11
Kenya,12/1/2008,2008,12,50660.96,21566.6,42.65
Kenya,1/1/2008,2008,1,41029.39,13918.14,11.57
Kenya,2/1/2008,2008,2,41665.58,14828.17,15.54
Kenya,3/1/2008,2008,3,41869.6,14186.87,14.3
Kenya,4/1/2008,2008,4,42959.65,15398.06,19.16
Kenya,5/1/2008,2008,5,45953.86,17673.66,32.82
Kenya,6/1/2008,2008,6,48959.86,17688.08,33.52
Kenya,7/1/2008,2008,7,49896.89,17224.12,33.35
Kenya,8/1/2008,2008,8,50070.71,17214.39,35.04
Kenya,9/1/2008,2008,9,51786.15,19259,43.08
Kenya,10/1/2008,2008,10,52842.41,22350.76,54.02
Kenya,11/1/2008,2008,11,53777.77,22661.71,54.2
Kenya,12/1/2008,2008,12,53372.26,22431.69,44.1
Kenya,1/1/2008,2008,1,40341.77,14806.03,1.85
Kenya,2/1/2008,2008,2,40540.29,15726.85,6.55
Kenya,3/1/2008,2008,3,40716.96,14671.06,5.37
Kenya,4/1/2008,2008,4,42740.03,15210.7,8.22
Kenya,5/1/2008,2008,5,45614.02,17872.43,25.16
Kenya,6/1/2008,2008,6,47410.44,19393.28,30.23
Kenya,7/1/2008,2008,7,46801.25,18435.99,25.78
Kenya,8/1/2008,2008,8,45857.21,17975.01,23.04
Kenya,9/1/2008,2008,9,49079.78,21413.56,39.29
Kenya,10/1/2008,2008,10,51810.11,21685.27,45.47
Kenya,11/1/2008,2008,11,51775.71,22368.35,44.74
Kenya,12/1/2008,2008,12,51763.81,22044.51,43.48
Kenya,1/1/2008,2008,1,38974.55,14392.34,1.25
Kenya,2/1/2008,2008,2,40120.29,15169.2,5.78
Kenya,3/1/2008,2008,3,40027.28,14335.07,3.55
Kenya,4/1/2008,2008,4,43116.42,15154.32,14.58
Kenya,5/1/2008,2008,5,45067.1,16794.52,23.01
Kenya,6/1/2008,2008,6,46668.64,18240.98,29.99
Kenya,7/1/2008,2008,7,46000.44,17449.45,25.97
Kenya,8/1/2008,2008,8,46288.76,17561.75,25.89
Kenya,9/1/2008,2008,9,47975.07,19649.65,34.41
Kenya,10/1/2008,2008,10,50920.84,20992.61,46.82
Kenya,11/1/2008,2008,11,50873.13,21185.64,42.71
Kenya,12/1/2008,2008,12,50981.79,21243.61,40.93
Kenya,1/1/2008,2008,1,46969.94,13555.85,14.18
Kenya,2/1/2008,2008,2,47325.81,13794.9,11.76
Kenya,3/1/2008,2008,3,48878.05,14106.38,20.89
Kenya,4/1/2008,2008,4,51386.77,15501,14.42
Kenya,5/1/2008,2008,5,55507.18,19277,32.61
Kenya,6/1/2008,2008,6,56097.56,19302,28.71
Kenya,7/1/2008,2008,7,67099,18374.68,41.48
Kenya,8/1/2008,2008,8,56156,19988,34.28
Kenya,9/1/2008,2008,9,59712,24689,63.79
Kenya,10/1/2008,2008,10,61968,22492,50
Kenya,11/1/2008,2008,11,62531,21427,38.78
Kenya,12/1/2008,2008,12,58591,17515.1,20.45
Kenya,1/1/2008,2008,1,40398.78,15461.58,6.02
Kenya,2/1/2008,2008,2,42888.01,16289.45,13.38
Kenya,3/1/2008,2008,3,42778.95,14792.39,9.21
Kenya,4/1/2008,2008,4,45604.32,15924.43,17.66
Kenya,5/1/2008,2008,5,48350.93,18807.51,33.04
Kenya,6/1/2008,2008,6,50240.59,18374.47,33.09
Kenya,7/1/2008,2008,7,48772.33,17184.44,25.69
Kenya,8/1/2008,2008,8,48826.13,16609.82,24.76
Kenya,9/1/2008,2008,9,49475.67,17859.35,28.48
Kenya,10/1/2008,2008,10,52382.71,19813.38,40.92
Kenya,11/1/2008,2008,11,53689.88,22223.9,48.47
Kenya,12/1/2008,2008,12,52900.66,21729.8,44.43
Kenya,1/1/2008,2008,1,42708.37,14099.48,2.2
Kenya,2/1/2008,2008,2,43786.61,14669.32,6.09
Kenya,3/1/2008,2008,3,44357.18,13820.04,4.05
Kenya,4/1/2008,2008,4,46820.9,14597.45,12.07
Kenya,5/1/2008,2008,5,49270.8,16409.16,19.16
Kenya,6/1/2008,2008,6,51369.65,16424.47,24.44
Kenya,7/1/2008,2008,7,49510.93,15675.74,18.72
Kenya,8/1/2008,2008,8,48518.8,15462.9,16.31
Kenya,9/1/2008,2008,9,50554.33,18247.31,28.18
Kenya,10/1/2008,2008,10,51253.3,20280.23,34.06
Kenya,11/1/2008,2008,11,51329.06,20344.1,34.33
Kenya,12/1/2008,2008,12,51799.7,19886.3,33.88
Kenya,1/1/2008,2008,1,43912.65,15477.27,9.47
Kenya,2/1/2008,2008,2,47728.06,15382.75,14.96
Kenya,3/1/2008,2008,3,48054.9,16005.04,20.81
Kenya,4/1/2008,2008,4,52055.58,18947.57,38.73
Kenya,5/1/2008,2008,5,54219.73,20999.5,45.66
Kenya,6/1/2008,2008,6,54566.54,22129.06,50.05
Kenya,7/1/2008,2008,7,53687.94,21436.65,45.27
Kenya,8/1/2008,2008,8,53439.12,21412.27,45.75
Kenya,9/1/2008,2008,9,54558.34,24146.36,53.68
Kenya,10/1/2008,2008,10,57940.88,27702.34,69.28
Kenya,11/1/2008,2008,11,59695.27,28939.98,72.31
Kenya,12/1/2008,2008,12,59045.46,28561.06,70.18
Kenya,1/1/2008,2008,1,41064.96,13113.09,3.17
Kenya,2/1/2008,2008,2,41118.1,13449.34,4.57
Kenya,3/1/2008,2008,3,41053.71,12469.07,1.92
Kenya,4/1/2008,2008,4,42450.99,12476.31,4.44
Kenya,5/1/2008,2008,5,44375.66,13236.62,10.06
Kenya,6/1/2008,2008,6,46681.73,14133.84,17.3
Kenya,7/1/2008,2008,7,45556.28,13540.9,13.03
Kenya,8/1/2008,2008,8,45845.93,13584.88,14.1
Kenya,9/1/2008,2008,9,47876.62,15508.06,23.14
Kenya,10/1/2008,2008,10,49547.1,16538.53,29.18
Kenya,11/1/2008,2008,11,49081.45,18577.23,34
Kenya,12/1/2008,2008,12,48842.73,18284.51,33.78
Kenya,1/1/2008,2008,1,46393.53,16641,14.63
Kenya,2/1/2008,2008,2,47725.77,17565.56,21.47
Kenya,3/1/2008,2008,3,49531.85,17360.19,22.7
Kenya,4/1/2008,2008,4,50995.75,19503.45,30.87
Kenya,5/1/2008,2008,5,53865.64,19402.11,32.38
Kenya,6/1/2008,2008,6,53995.06,20257.01,33.28
Kenya,7/1/2008,2008,7,53498.62,20120.22,32.65
Kenya,8/1/2008,2008,8,52404.52,19723.86,28.51
Kenya,9/1/2008,2008,9,55282.6,21611.35,39.83
Kenya,10/1/2008,2008,10,55401.28,23095.79,41.72
Kenya,11/1/2008,2008,11,57719.36,24627.7,45.33
Kenya,12/1/2008,2008,12,53677.58,22134.34,32.83
Kenya,1/1/2008,2008,1,47532.74,15922.52,7.54
Kenya,2/1/2008,2008,2,46981,15905.69,10.44
Kenya,3/1/2008,2008,3,48487.32,16140.13,9.6
Kenya,4/1/2008,2008,4,51675.34,18014.59,20.45
Kenya,5/1/2008,2008,5,55941.55,18541.55,29.72
Kenya,6/1/2008,2008,6,54485.75,18628.99,25.28
Kenya,7/1/2008,2008,7,54988.68,19036.63,25.3
Kenya,8/1/2008,2008,8,56230.8,18329.77,22.65
Kenya,9/1/2008,2008,9,57406.3,18890.76,26.76
Kenya,10/1/2008,2008,10,59015.27,18723.99,38.56
Kenya,11/1/2008,2008,11,61073.04,20947.94,42.46
Kenya,12/1/2008,2008,12,60187.37,20313.11,34.11
Kenya,1/1/2008,2008,1,44905.05,16167,16.12
Kenya,2/1/2008,2008,2,43938.58,16797.54,19.15
Kenya,3/1/2008,2008,3,45745.94,15711.66,17.3
Kenya,4/1/2008,2008,4,47240.46,16460.7,22.47
Kenya,5/1/2008,2008,5,48598.31,17330.39,26.85
Kenya,6/1/2008,2008,6,52389,18930.31,36.91
Kenya,7/1/2008,2008,7,52459.96,19102.16,35.04
Kenya,8/1/2008,2008,8,52779.25,19697.29,34.75
Kenya,9/1/2008,2008,9,55505.17,20574.08,46.13
Kenya,10/1/2008,2008,10,54502.4,21272.13,47.76
Kenya,11/1/2008,2008,11,55494.22,20035.91,44.9
Kenya,12/1/2008,2008,12,55240.67,20743.38,40.35
Kenya,1/1/2008,2008,1,42531.13,14629.68,11.61
Kenya,2/1/2008,2008,2,42891.01,15141.34,14.42
Kenya,3/1/2008,2008,3,45219.84,14604.8,19.94
Kenya,4/1/2008,2008,4,47064.02,15692.65,26.03
Kenya,5/1/2008,2008,5,49622.04,17396.89,33.46
Kenya,6/1/2008,2008,6,53450.04,17747.68,38.91
Kenya,7/1/2008,2008,7,53641.73,18325.72,41.05
Kenya,8/1/2008,2008,8,53322.26,18576.11,42.11
Kenya,9/1/2008,2008,9,54144.97,19793.21,45.8
Kenya,10/1/2008,2008,10,55341.86,20725.44,50.69
Kenya,11/1/2008,2008,11,57433.94,23228.01,60.26
Kenya,12/1/2008,2008,12,56162.43,23017.12,54.63
Kenya,1/1/2008,2008,1,39834.89,14932.55,3.41
Kenya,2/1/2008,2008,2,40333.57,15189.02,7.68
Kenya,3/1/2008,2008,3,40819.53,14303.69,7.3
Kenya,4/1/2008,2008,4,43083.68,15575.81,21.2
Kenya,5/1/2008,2008,5,45345.49,18337.89,31.71
Kenya,6/1/2008,2008,6,46198.03,18068.63,30.81
Kenya,7/1/2008,2008,7,45811.03,18577.13,28.49
Kenya,8/1/2008,2008,8,47220.52,18942.4,34.09
Kenya,9/1/2008,2008,9,48447.39,20606.88,38.4
Kenya,10/1/2008,2008,10,50168.39,20989.08,43.89
Kenya,11/1/2008,2008,11,50848.6,20743.55,40.9
Kenya,12/1/2008,2008,12,50233.41,21651.55,42.52
Kenya,1/1/2008,2008,1,42836.54,16574.9,17.61
Kenya,2/1/2008,2008,2,42491.97,16546.57,21.18
Kenya,3/1/2008,2008,3,43049.64,16301.11,17.6
Kenya,4/1/2008,2008,4,43327.86,15669.86,16.37
Kenya,5/1/2008,2008,5,46435.47,16977.04,26.09
Kenya,6/1/2008,2008,6,45078.37,16751.36,21.56
Kenya,7/1/2008,2008,7,43858.56,16381.27,16.75
Kenya,8/1/2008,2008,8,44588.87,16773.75,16.81
Kenya,9/1/2008,2008,9,48350.25,20171.91,36.86
Kenya,10/1/2008,2008,10,52075.06,24068.59,56.07
Kenya,11/1/2008,2008,11,52674.97,23454.08,55.45
Kenya,12/1/2008,2008,12,51199.07,23147.18,43.82
Kenya,1/1/2008,2008,1,40823.65,15318.87,8.55
Kenya,2/1/2008,2008,2,40727.09,16021.47,10.6
Kenya,3/1/2008,2008,3,41130.23,14868.62,8.73
Kenya,4/1/2008,2008,4,43893.26,16536.57,19.45
Kenya,5/1/2008,2008,5,46820.76,18591.96,31.76
Kenya,6/1/2008,2008,6,46747.26,19371.88,34.71
Kenya,7/1/2008,2008,7,45678.83,18246.57,27.49
Kenya,8/1/2008,2008,8,46394.13,19429.96,34.14
Kenya,9/1/2008,2008,9,49030.36,21088.81,39.58
Kenya,10/1/2008,2008,10,51754.15,22317.23,48.38
Kenya,11/1/2008,2008,11,52299.53,21935.27,48.42
Kenya,12/1/2008,2008,12,51756.28,21785.94,44.94
Kenya,1/1/2008,2008,1,56179.85,22308.16,-0.7
Kenya,2/1/2008,2008,2,57544.49,23489.64,5.4
Kenya,3/1/2008,2008,3,57585.35,23582.9,4.98
Kenya,4/1/2008,2008,4,59932.88,23198.3,6.32
Kenya,5/1/2008,2008,5,60684.05,24058.11,11.35
Kenya,6/1/2008,2008,6,60958.44,23761.43,7.9
Kenya,7/1/2008,2008,7,61760.75,24660.06,13.33
Kenya,8/1/2008,2008,8,62253.76,25227.25,12.32
Kenya,9/1/2008,2008,9,64216.01,25955.81,15.56
Kenya,10/1/2008,2008,10,64245.61,28138.66,19.84
Kenya,11/1/2008,2008,11,65864.48,29325.5,25.73
Kenya,12/1/2008,2008,12,64994.3,32885.44,30.27
Kenya,1/1/2008,2008,1,43457.37,17716.06,14.26
Kenya,2/1/2008,2008,2,46811.02,17238.32,19.65
Kenya,3/1/2008,2008,3,46687.06,16164.7,20.17
Kenya,4/1/2008,2008,4,49038.2,17505.59,28.1
Kenya,5/1/2008,2008,5,51753.64,17433.08,31.67
Kenya,6/1/2008,2008,6,53325.9,19585.67,37.22
Kenya,7/1/2008,2008,7,53507.08,18651.51,33.69
Kenya,8/1/2008,2008,8,53673.18,20461.21,40.09
Kenya,9/1/2008,2008,9,56219.06,21557.06,45.27
Kenya,10/1/2008,2008,10,56089.47,22973.65,52.96
Kenya,11/1/2008,2008,11,57518.81,24217.47,57.53
Kenya,12/1/2008,2008,12,56912.15,24158.54,51.25
Kenya,1/1/2008,2008,1,40658.64,15052.89,8.65
Kenya,2/1/2008,2008,2,41999.2,16492.29,19.07
Kenya,3/1/2008,2008,3,42161.63,15782.71,17.81
Kenya,4/1/2008,2008,4,42807.17,16228.97,18.76
Kenya,5/1/2008,2008,5,44312.58,16381.32,21.76
Kenya,6/1/2008,2008,6,44613.05,16993.6,22.77
Kenya,7/1/2008,2008,7,44068.8,17368.95,23.31
Kenya,8/1/2008,2008,8,44579.49,17453.01,25.29
Kenya,9/1/2008,2008,9,47965.75,22259.5,45.91
Kenya,10/1/2008,2008,10,51493.96,22822.63,50.96
Kenya,11/1/2008,2008,11,52010.66,24353.95,57.41
Kenya,12/1/2008,2008,12,50568.52,23347.19,52.07
Kenya,1/1/2008,2008,1,40168.15,16055.04,14.78
Kenya,2/1/2008,2008,2,40045.82,16553.95,18.13
Kenya,3/1/2008,2008,3,40563.06,15159.29,14.92
Kenya,4/1/2008,2008,4,44789.41,18218.74,30.92
Kenya,5/1/2008,2008,5,48962.46,20012.04,44.26
Kenya,6/1/2008,2008,6,49506.26,19380.23,42.37
Kenya,7/1/2008,2008,7,48578.12,18451.92,36.7
Kenya,8/1/2008,2008,8,50675.77,19806.42,44.35
Kenya,9/1/2008,2008,9,52561.33,21940.37,54.59
Kenya,10/1/2008,2008,10,50650.55,24467.48,58.95
Kenya,11/1/2008,2008,11,53397.44,25143.93,65.97
Kenya,12/1/2008,2008,12,52674.69,25190.28,57.42
Kenya,1/1/2008,2008,1,40269.27,12939.46,2.01
Kenya,2/1/2008,2008,2,40322.82,13159.43,4.46
Kenya,3/1/2008,2008,3,40793.88,12482.57,1.3
Kenya,4/1/2008,2008,4,42318.33,12476.5,5.37
Kenya,5/1/2008,2008,5,44917.76,13314.9,11.75
Kenya,6/1/2008,2008,6,46081.11,13828.86,14.84
Kenya,7/1/2008,2008,7,45303.35,13490.75,11.53
Kenya,8/1/2008,2008,8,45396.13,13498.86,12.78
Kenya,9/1/2008,2008,9,47752.04,15310.27,21.5
Kenya,10/1/2008,2008,10,49733.88,18728.33,35.16
Kenya,11/1/2008,2008,11,49584.61,17896.3,32.46
Kenya,12/1/2008,2008,12,48864.74,18594.18,35.34
Kenya,1/1/2008,2008,1,51760.49,21753.29,29.64
Kenya,2/1/2008,2008,2,52944.58,23736.19,36.3
Kenya,3/1/2008,2008,3,53544.53,24097.88,37.02
Kenya,4/1/2008,2008,4,53261.14,22984.23,33.81
Kenya,5/1/2008,2008,5,55398.59,23847.41,34.01
Kenya,6/1/2008,2008,6,55705.31,24204.15,34.14
Kenya,7/1/2008,2008,7,56105.18,25905.66,26.33
Kenya,8/1/2008,2008,8,56262.61,25911.18,30.82
Kenya,9/1/2008,2008,9,59068.95,26486.53,44.48
Kenya,10/1/2008,2008,10,59869.92,27906.19,38.81
Kenya,11/1/2008,2008,11,62060.84,30801.13,46.06
Kenya,12/1/2008,2008,12,61854.87,31236.99,45.6
Kenya,1/1/2008,2008,1,48265.01,16822.44,13.9
Kenya,2/1/2008,2008,2,52156.86,18973.84,27.28
Kenya,3/1/2008,2008,3,53075.68,18618.43,28.98
Kenya,4/1/2008,2008,4,54420.81,19641.74,34.94
Kenya,5/1/2008,2008,5,56111.69,23019.82,45.93
Kenya,6/1/2008,2008,6,56226.95,25852.87,53.74
Kenya,7/1/2008,2008,7,55529.93,25887.08,52.03
Kenya,8/1/2008,2008,8,56339.13,26738,52.56
Kenya,9/1/2008,2008,9,57492.9,26266.46,54.38
Kenya,10/1/2008,2008,10,59218.85,28651.84,62.74
Kenya,11/1/2008,2008,11,60322.29,30450.98,72.29
Kenya,12/1/2008,2008,12,61757.43,29679.01,62.91
Kenya,1/1/2008,2008,1,42910.59,16300.39,13.47
Kenya,2/1/2008,2008,2,42651.27,16678.3,18.32
Kenya,3/1/2008,2008,3,42971.4,16243.85,15.43
Kenya,4/1/2008,2008,4,43378.15,16445.75,19.33
Kenya,5/1/2008,2008,5,45281.27,16906.44,24.43
Kenya,6/1/2008,2008,6,44935.62,16647.9,20.3
Kenya,7/1/2008,2008,7,44202.28,16786.92,20.43
Kenya,8/1/2008,2008,8,44467.03,17194.64,19.37
Kenya,9/1/2008,2008,9,47934.03,24037.79,50.12
Kenya,10/1/2008,2008,10,50979.18,24704.56,57.22
Kenya,11/1/2008,2008,11,52300.72,25720.87,58.09
Kenya,12/1/2008,2008,12,50663.93,24570.24,44.55
Kenya,1/1/2008,2008,1,45091.55,14882.12,7.95
Kenya,2/1/2008,2008,2,47156.84,15753.45,18.37
Kenya,3/1/2008,2008,3,50430.32,17091.57,27.57
Kenya,4/1/2008,2008,4,52866.7,19609.7,37.1
Kenya,5/1/2008,2008,5,54800.27,20714.37,39.19
Kenya,6/1/2008,2008,6,54194.59,20260.42,40.15
Kenya,7/1/2008,2008,7,52889.49,21357.59,39.3
Kenya,8/1/2008,2008,8,53235.44,21674.35,37.72
Kenya,9/1/2008,2008,9,56308.67,23308.12,50.72
Kenya,10/1/2008,2008,10,56376.4,25035.05,53.27
Kenya,11/1/2008,2008,11,58420.92,25603.27,53.3
Kenya,12/1/2008,2008,12,56264.15,25990.82,50.53
Kenya,1/1/2008,2008,1,37603.38,14533.1,1.99
Kenya,2/1/2008,2008,2,38613.58,15180.07,5.28
Kenya,3/1/2008,2008,3,38773.8,14185.9,4.92
Kenya,4/1/2008,2008,4,39309.6,13938.65,5.17
Kenya,5/1/2008,2008,5,42630.91,14741.24,15.01
Kenya,6/1/2008,2008,6,42818.07,15172.96,14.94
Kenya,7/1/2008,2008,7,42724.61,15512.01,17.69
Kenya,8/1/2008,2008,8,44752.19,15721.41,19.52
Kenya,9/1/2008,2008,9,46806.75,18806.96,31.99
Kenya,10/1/2008,2008,10,48236.7,20944.16,42.78
Kenya,11/1/2008,2008,11,49292.21,20338.11,40.47
Kenya,12/1/2008,2008,12,48367.45,20756.82,40.13
Kenya,1/1/2008,2008,1,44463.43,14186.24,10.37
Kenya,2/1/2008,2008,2,44969.39,15734.34,15.87
Kenya,3/1/2008,2008,3,46881.81,14652.94,16.63
Kenya,4/1/2008,2008,4,48904.14,15621.92,22.49
Kenya,5/1/2008,2008,5,53027.11,17323.53,32.83
Kenya,6/1/2008,2008,6,53162.8,19150.11,35.48
Kenya,7/1/2008,2008,7,52320.81,19190.27,34.72
Kenya,8/1/2008,2008,8,52214.42,20050.89,37.57
Kenya,9/1/2008,2008,9,52644.41,21399.89,40.26
Kenya,10/1/2008,2008,10,55080.03,23136.25,50.03
Kenya,11/1/2008,2008,11,55937.67,23091.9,49.34
Kenya,12/1/2008,2008,12,55901.29,23179.93,45.35
Kenya,1/1/2008,2008,1,41123.73,13492.09,0.84
Kenya,2/1/2008,2008,2,41151.71,14328.67,2.55
Kenya,3/1/2008,2008,3,42317.77,13460.84,3.02
Kenya,4/1/2008,2008,4,42572.1,13450.49,3.34
Kenya,5/1/2008,2008,5,44423.44,14568.25,11.06
Kenya,6/1/2008,2008,6,46355.57,14752.83,13.54
Kenya,7/1/2008,2008,7,46796.51,14420.36,14.2
Kenya,8/1/2008,2008,8,46375.67,14581.84,12.03
Kenya,9/1/2008,2008,9,49292.63,15777.3,20.88
Kenya,10/1/2008,2008,10,50153.01,17441.04,27.71
Kenya,11/1/2008,2008,11,49992.19,17397.92,26.6
Kenya,12/1/2008,2008,12,50120.86,17805.46,28.77
Kenya,1/1/2008,2008,1,40245.8,16190.39,11.11
Kenya,2/1/2008,2008,2,40767.21,16654.42,15.8
Kenya,3/1/2008,2008,3,42086.92,16510.71,17.24
Kenya,4/1/2008,2008,4,42925.77,16976.27,22.31
Kenya,5/1/2008,2008,5,45002.06,19119.55,30.27
Kenya,6/1/2008,2008,6,48260.93,19946.88,37.01
Kenya,7/1/2008,2008,7,46365.27,19407.7,31.47
Kenya,8/1/2008,2008,8,47869.93,20061.13,34.73
Kenya,9/1/2008,2008,9,49239.38,20978.69,41.71
Kenya,10/1/2008,2008,10,52962.91,22508.14,52.51
Kenya,11/1/2008,2008,11,53583.13,23717.66,58.02
Kenya,12/1/2008,2008,12,53137.23,23631.08,51.91
Kenya,1/1/2008,2008,1,40329.09,14832.25,12.19
Kenya,2/1/2008,2008,2,41531.18,15473.84,17.5
Kenya,3/1/2008,2008,3,43117.59,14613.79,17.63
Kenya,4/1/2008,2008,4,44835.48,15261.57,22.75
Kenya,5/1/2008,2008,5,46663.3,16499.42,27.91
Kenya,6/1/2008,2008,6,49148.13,18029.59,35.55
Kenya,7/1/2008,2008,7,50281.86,17574.14,35.24
Kenya,8/1/2008,2008,8,49603.74,17344.05,33.18
Kenya,9/1/2008,2008,9,51833.35,19433.51,43.18
Kenya,10/1/2008,2008,10,51791.9,20992.38,48.3
Kenya,11/1/2008,2008,11,54965.42,22488.32,55.29
Kenya,12/1/2008,2008,12,53484.46,21913.33,43.14
Kenya,1/1/2008,2008,1,41450.66,13870.82,10.89
Kenya,2/1/2008,2008,2,42494.57,15898.6,21.28
Kenya,3/1/2008,2008,3,41870.73,14333.97,15.77
Kenya,4/1/2008,2008,4,44801.38,15030.78,22.58
Kenya,5/1/2008,2008,5,47761.96,16830.02,31.73
Kenya,6/1/2008,2008,6,47902.68,17403.82,30.85
Kenya,7/1/2008,2008,7,49667.8,16921.6,31.52
Kenya,8/1/2008,2008,8,47506.62,16673.95,27.06
Kenya,9/1/2008,2008,9,50279.12,18434.9,37.09
Kenya,10/1/2008,2008,10,52904.44,21938.66,52.93
Kenya,11/1/2008,2008,11,52828.07,21575.08,49.34
Kenya,12/1/2008,2008,12,52585.09,22011.82,41.78
Kenya,1/1/2008,2008,1,42243.85,12848.26,2.2
Kenya,2/1/2008,2008,2,43039.61,12994.59,4.05
Kenya,3/1/2008,2008,3,43415.13,12692.47,5.25
Kenya,4/1/2008,2008,4,45012.35,12575.12,7.56
Kenya,5/1/2008,2008,5,48062.59,13833.11,15.78
Kenya,6/1/2008,2008,6,48267.34,13532.8,15.69
Kenya,7/1/2008,2008,7,47295.2,13387.66,12.81
Kenya,8/1/2008,2008,8,47575.82,13621.94,14.66
Kenya,9/1/2008,2008,9,49448.63,15040.62,21.97
Kenya,10/1/2008,2008,10,50436.94,16765.22,28.94
Kenya,11/1/2008,2008,11,50351.22,16584.01,27.37
Kenya,12/1/2008,2008,12,50559.21,16454.71,26.72
Kenya,1/1/2008,2008,1,41960.27,13418.57,0.83
Kenya,2/1/2008,2008,2,42339.88,13749.22,2.78
Kenya,3/1/2008,2008,3,42810.73,12983.95,1.53
Kenya,4/1/2008,2008,4,43639.65,13171.32,4.38
Kenya,5/1/2008,2008,5,46573.43,14031.24,11.78
Kenya,6/1/2008,2008,6,47594.5,14532.65,14.65
Kenya,7/1/2008,2008,7,46134.97,13775.8,10.14
Kenya,8/1/2008,2008,8,47187.19,14282.44,13.19
Kenya,9/1/2008,2008,9,49088.98,15797.66,20.06
Kenya,10/1/2008,2008,10,50098.49,16471.05,24.57
Kenya,11/1/2008,2008,11,50502.57,16587.64,25.69
Kenya,12/1/2008,2008,12,50155.3,16782.42,25.44
Kenya,1/1/2008,2008,1,48071.75,17506.99,8.05
Kenya,2/1/2008,2008,2,49462.8,17808.76,9.81
Kenya,3/1/2008,2008,3,51034.36,17921.24,18.41
Kenya,4/1/2008,2008,4,52733.45,18764.83,29.18
Kenya,5/1/2008,2008,5,55360.84,21016.07,33.42
Kenya,6/1/2008,2008,6,55223.53,22865.79,38.09
Kenya,7/1/2008,2008,7,54889.15,24756.05,37.91
Kenya,8/1/2008,2008,8,54879.73,24773.63,34.34
Kenya,9/1/2008,2008,9,56180.48,24056.15,41.39
Kenya,10/1/2008,2008,10,59716.89,28078.14,57.41
Kenya,11/1/2008,2008,11,63551.4,28710.8,55.16
Kenya,12/1/2008,2008,12,62566.41,28530.34,54.81
Kenya,1/1/2008,2008,1,40772.73,13073.59,2
Kenya,2/1/2008,2008,2,40721.14,13191.84,2.88
Kenya,3/1/2008,2008,3,41184.02,12556.74,2.09
Kenya,4/1/2008,2008,4,42550.67,12402.92,4.36
Kenya,5/1/2008,2008,5,44943.6,13715.33,12.61
Kenya,6/1/2008,2008,6,46661.08,14139.82,15.93
Kenya,7/1/2008,2008,7,45911.06,13479.81,12.83
Kenya,8/1/2008,2008,8,45875.23,13670.62,13.88
Kenya,9/1/2008,2008,9,47850.72,14462.53,19.47
Kenya,10/1/2008,2008,10,49287.47,16051.38,26.62
Kenya,11/1/2008,2008,11,49450.25,17661.35,31.96
Kenya,12/1/2008,2008,12,48814.17,18269.27,33.24
Kenya,1/1/2008,2008,1,40102.84,12940.14,0.56
Kenya,2/1/2008,2008,2,40790.8,13424.21,3.72
Kenya,3/1/2008,2008,3,41157.86,12519.84,1.94
Kenya,4/1/2008,2008,4,42469.62,12354.36,3.64
Kenya,5/1/2008,2008,5,44788.93,13764.53,12.75
Kenya,6/1/2008,2008,6,46187.7,13838.11,14.71
Kenya,7/1/2008,2008,7,45815.56,13215.68,12.63
Kenya,8/1/2008,2008,8,45542.12,13859.25,13.68
Kenya,9/1/2008,2008,9,47458.1,15719.41,22.99
Kenya,10/1/2008,2008,10,49216.36,18512.63,34.06
Kenya,11/1/2008,2008,11,49419.15,18190.61,33.3
Kenya,12/1/2008,2008,12,49150.1,17941.57,32.95
Kenya,1/1/2008,2008,1,40909.81,13114.61,2.83
Kenya,2/1/2008,2008,2,40767.51,13303.39,4.88
Kenya,3/1/2008,2008,3,40929.7,12533.44,3.66
Kenya,4/1/2008,2008,4,42402.32,12589.39,3.92
Kenya,5/1/2008,2008,5,44484.42,13231.02,10.08
Kenya,6/1/2008,2008,6,46476.82,14357.46,16.27
Kenya,7/1/2008,2008,7,45643.6,13745.9,13.64
Kenya,8/1/2008,2008,8,45729.07,13649.3,13.82
Kenya,9/1/2008,2008,9,46907.17,14565.62,18.5
Kenya,10/1/2008,2008,10,49643.18,16290.26,28.1
Kenya,11/1/2008,2008,11,49217.6,17994.45,31.37
Kenya,12/1/2008,2008,12,49396.47,18677.99,35.73
Kenya,1/1/2008,2008,1,40669.23,13016.46,2.02
Kenya,2/1/2008,2008,2,40738.41,13240.72,3.07
Kenya,3/1/2008,2008,3,41058.6,12508.35,4.3
Kenya,4/1/2008,2008,4,42460.14,12436.39,5.74
Kenya,5/1/2008,2008,5,45008.24,13432.58,12.66
Kenya,6/1/2008,2008,6,46356.64,14150.21,16.16
Kenya,7/1/2008,2008,7,45497.1,13318.65,11.7
Kenya,8/1/2008,2008,8,46428.3,13677.81,15.11
Kenya,9/1/2008,2008,9,47142.86,15542.24,22.34
Kenya,10/1/2008,2008,10,49700.23,18614.37,35.42
Kenya,11/1/2008,2008,11,49496.7,18187.93,32.91
Kenya,12/1/2008,2008,12,48740.34,18214.61,33.08
Kenya,1/1/2008,2008,1,45150.91,16273.02,19.61
Kenya,2/1/2008,2008,2,45151.03,16313.96,19.11
Kenya,3/1/2008,2008,3,46269.88,14738.46,17.45
Kenya,4/1/2008,2008,4,46709.62,15792.33,20.47
Kenya,5/1/2008,2008,5,49188.97,17705.23,29.18
Kenya,6/1/2008,2008,6,51577.3,19866.52,36.53
Kenya,7/1/2008,2008,7,52678.88,19625.68,39.35
Kenya,8/1/2008,2008,8,52189.5,19446.28,35.39
Kenya,9/1/2008,2008,9,53018.63,20636.14,38.8
Kenya,10/1/2008,2008,10,54474.35,23488.15,52.16
Kenya,11/1/2008,2008,11,56225.07,24838.09,53.87
Kenya,12/1/2008,2008,12,54720.71,23689.26,45.6
Kenya,1/1/2009,2009,1,53420.7,23592.64,29.07
Kenya,2/1/2009,2009,2,55529.78,22429.41,25.17
Kenya,3/1/2009,2009,3,56728.07,23277.2,35.53
Kenya,4/1/2009,2009,4,57008.2,23418.11,27.07
Kenya,5/1/2009,2009,5,56897.16,23612.05,20.9
Kenya,6/1/2009,2009,6,56384.22,23249.36,11.44
Kenya,7/1/2009,2009,7,56759.35,23470.54,9.12
Kenya,8/1/2009,2009,8,57405.19,25173.53,16.74
Kenya,9/1/2009,2009,9,55634.13,22998.21,2.21
Kenya,10/1/2009,2009,10,54692.5,25010.79,2.39
Kenya,11/1/2009,2009,11,54452.41,25337.75,3.79
Kenya,12/1/2009,2009,12,55588.11,25464.79,2.06
Kenya,1/1/2009,2009,1,49558.23,22396.39,40.46
Kenya,2/1/2009,2009,2,51956.46,23576.13,42.68
Kenya,3/1/2009,2009,3,52673.38,23599.11,46.62
Kenya,4/1/2009,2009,4,52978.12,23966.1,44.71
Kenya,5/1/2009,2009,5,52796.46,23371.53,32.43
Kenya,6/1/2009,2009,6,52258.33,22649.27,26.17
Kenya,7/1/2009,2009,7,53382.91,23077.92,27.19
Kenya,8/1/2009,2009,8,54032.95,26031.78,35.06
Kenya,9/1/2009,2009,9,52343.37,22407.25,8.41
Kenya,10/1/2009,2009,10,51852.99,22204.43,3.57
Kenya,11/1/2009,2009,11,51723.59,22578.81,2.95
Kenya,12/1/2009,2009,12,49782.44,22109.72,0.65
Kenya,1/1/2009,2009,1,48906.63,19152.29,30.08
Kenya,2/1/2009,2009,2,49636.36,19495.81,30.88
Kenya,3/1/2009,2009,3,49699.8,19626.08,33.3
Kenya,4/1/2009,2009,4,49774.4,21628.28,38.52
Kenya,5/1/2009,2009,5,50133.06,20449.82,29.84
Kenya,6/1/2009,2009,6,50382.5,19619.28,19.6
Kenya,7/1/2009,2009,7,50790.92,19315.92,22.25
Kenya,8/1/2009,2009,8,50262.17,19949.44,23.38
Kenya,9/1/2009,2009,9,50944.73,18740.32,16.53
Kenya,10/1/2009,2009,10,51169.58,19080.38,8.99
Kenya,11/1/2009,2009,11,49992.48,19276.66,2.96
Kenya,12/1/2009,2009,12,50369.19,19111.18,2.15
Kenya,1/1/2009,2009,1,47071.26,22273.08,39.1
Kenya,2/1/2009,2009,2,48937,23014.71,40.15
Kenya,3/1/2009,2009,3,50326.92,24702,50.73
Kenya,4/1/2009,2009,4,50367.32,24118.24,45.38
Kenya,5/1/2009,2009,5,49920.78,22167.55,34.44
Kenya,6/1/2009,2009,6,50080.38,22472.76,33.87
Kenya,7/1/2009,2009,7,50125.31,21833.53,26.65
Kenya,8/1/2009,2009,8,50788.02,23760.55,34.22
Kenya,9/1/2009,2009,9,50158.25,21942.76,13.47
Kenya,10/1/2009,2009,10,49853.72,22695.48,4.77
Kenya,11/1/2009,2009,11,48618.77,22001.95,1.12
Kenya,12/1/2009,2009,12,47748.36,21978.04,-0.98
Kenya,1/1/2009,2009,1,50335.74,22275.21,38.23
Kenya,2/1/2009,2009,2,51467.54,23779.83,42.43
Kenya,3/1/2009,2009,3,51498.02,24801.06,44.63
Kenya,4/1/2009,2009,4,52655.48,26305.19,48.47
Kenya,5/1/2009,2009,5,53672.89,25229.68,31.2
Kenya,6/1/2009,2009,6,53487.29,24943.93,28.94
Kenya,7/1/2009,2009,7,53723.73,24080.76,25.65
Kenya,8/1/2009,2009,8,53900.87,24695.61,25.63
Kenya,9/1/2009,2009,9,52660.28,21482.96,6.73
Kenya,10/1/2009,2009,10,52602.63,21523.18,0.62
Kenya,11/1/2009,2009,11,52032.29,21853.75,0.98
Kenya,12/1/2009,2009,12,52037.69,21386.39,-0.41
Kenya,1/1/2009,2009,1,57595.68,25289.97,26.09
Kenya,2/1/2009,2009,2,57956.39,29378.14,39.64
Kenya,3/1/2009,2009,3,61615.29,29164.51,40.5
Kenya,4/1/2009,2009,4,61948.79,28961.69,38.06
Kenya,5/1/2009,2009,5,61560.33,27888.91,28.39
Kenya,6/1/2009,2009,6,60511.82,27391.08,21.9
Kenya,7/1/2009,2009,7,61822.23,27936.57,21.45
Kenya,8/1/2009,2009,8,62067.79,27825.69,18.86
Kenya,9/1/2009,2009,9,58778.6,27955.44,3.7
Kenya,10/1/2009,2009,10,58366.9,28351.77,6.15
Kenya,11/1/2009,2009,11,57859.72,28876.09,4.41
Kenya,12/1/2009,2009,12,57647.7,26843.59,6.12
Kenya,1/1/2009,2009,1,47366.21,18863.01,30.45
Kenya,2/1/2009,2009,2,48624.88,19667.14,31.95
Kenya,3/1/2009,2009,3,48742.13,20796.1,39.76
Kenya,4/1/2009,2009,4,48832.07,20953.61,36.96
Kenya,5/1/2009,2009,5,49203.56,20039.03,29.28
Kenya,6/1/2009,2009,6,49359.14,19118.51,21.81
Kenya,7/1/2009,2009,7,49483.66,19470.27,25.27
Kenya,8/1/2009,2009,8,49717.99,19494.98,22.47
Kenya,9/1/2009,2009,9,49362.03,18730.19,11.86
Kenya,10/1/2009,2009,10,48942.66,18805.96,2.83
Kenya,11/1/2009,2009,11,48649.19,18880.15,1.49
Kenya,12/1/2009,2009,12,49105.47,18556.44,2.47
Kenya,1/1/2009,2009,1,57208.26,25653.41,28.83
Kenya,2/1/2009,2009,2,60008.25,29100.48,39.67
Kenya,3/1/2009,2009,3,61838.67,30289.38,47.58
Kenya,4/1/2009,2009,4,61754.83,29675.53,38.02
Kenya,5/1/2009,2009,5,62284.53,29661.44,25.84
Kenya,6/1/2009,2009,6,61017.52,29542.39,22.77
Kenya,7/1/2009,2009,7,62032.05,29210.15,18.06
Kenya,8/1/2009,2009,8,61169.65,30391.26,19.71
Kenya,9/1/2009,2009,9,60734.01,30108.55,12.93
Kenya,10/1/2009,2009,10,59164.62,29463.23,9.48
Kenya,11/1/2009,2009,11,57821.09,28678.91,1.28
Kenya,12/1/2009,2009,12,57958.88,27788.88,7.45
Kenya,1/1/2009,2009,1,49247,21525.98,33.94
Kenya,2/1/2009,2009,2,50350.64,22688.58,37.53
Kenya,3/1/2009,2009,3,50310.05,23142.79,39.85
Kenya,4/1/2009,2009,4,51264.19,23432.91,33.52
Kenya,5/1/2009,2009,5,52395.62,23987.21,28.22
Kenya,6/1/2009,2009,6,51362.65,22114.22,20.76
Kenya,7/1/2009,2009,7,52499.59,22217.33,19.89
Kenya,8/1/2009,2009,8,52332.65,22958.48,21.7
Kenya,9/1/2009,2009,9,51130.25,20428.36,8.41
Kenya,10/1/2009,2009,10,50927.59,20438.68,-0.59
Kenya,11/1/2009,2009,11,50978.12,20850.95,0.83
Kenya,12/1/2009,2009,12,50324.58,20037.31,-2.12
Kenya,1/1/2009,2009,1,58190.94,23132.31,42.69
Kenya,2/1/2009,2009,2,58858.19,25210.17,49.77
Kenya,3/1/2009,2009,3,60102.68,25919.97,52.73
Kenya,4/1/2009,2009,4,61212.92,26534.26,46.02
Kenya,5/1/2009,2009,5,61000.72,25717.46,29.8
Kenya,6/1/2009,2009,6,60286.14,25906.65,19.13
Kenya,7/1/2009,2009,7,60969.85,24308.89,12.9
Kenya,8/1/2009,2009,8,61354.35,26278.81,22.39
Kenya,9/1/2009,2009,9,59899.92,24425.75,10.89
Kenya,10/1/2009,2009,10,59544.08,24010.21,5.98
Kenya,11/1/2009,2009,11,59378.55,24092.55,1.2
Kenya,12/1/2009,2009,12,59233.52,23820.86,0.65
Kenya,1/1/2009,2009,1,56358.04,23363.65,40.32
Kenya,2/1/2009,2009,2,56987.43,25513.39,38.49
Kenya,3/1/2009,2009,3,57918.39,27068.8,47.42
Kenya,4/1/2009,2009,4,57371.77,25365.22,34.72
Kenya,5/1/2009,2009,5,58362.42,25686.14,25.45
Kenya,6/1/2009,2009,6,57931.13,25064.21,18.54
Kenya,7/1/2009,2009,7,57025.24,23074.44,12.52
Kenya,8/1/2009,2009,8,57767.16,24255.42,18.36
Kenya,9/1/2009,2009,9,55671.01,22691.79,5.91
Kenya,10/1/2009,2009,10,55417.2,23255.57,0.13
Kenya,11/1/2009,2009,11,55620.62,23060.36,-1.66
Kenya,12/1/2009,2009,12,56425.17,22769.48,0.72
Kenya,1/1/2009,2009,1,48450.83,20542.13,30.88
Kenya,2/1/2009,2009,2,48127.6,21512.01,30.11
Kenya,3/1/2009,2009,3,50028.68,22758.23,39.77
Kenya,4/1/2009,2009,4,49968.92,21960.3,29.26
Kenya,5/1/2009,2009,5,51599.9,23067.11,25.13
Kenya,6/1/2009,2009,6,51999.06,23455.93,25.44
Kenya,7/1/2009,2009,7,51776.75,21727.06,24.35
Kenya,8/1/2009,2009,8,52338.14,22603.03,26.75
Kenya,9/1/2009,2009,9,50755.18,20396.74,9.27
Kenya,10/1/2009,2009,10,49729.46,20067,-0.06
Kenya,11/1/2009,2009,11,50303.87,20240.85,0.05
Kenya,12/1/2009,2009,12,49962.5,20235.1,-0.17
Kenya,1/1/2009,2009,1,54701.44,23987.76,33.35
Kenya,2/1/2009,2009,2,55750.67,25142.24,39.97
Kenya,3/1/2009,2009,3,57349.84,26538.97,40.47
Kenya,4/1/2009,2009,4,57756.43,27316.82,35.68
Kenya,5/1/2009,2009,5,59755.3,28099.98,28.52
Kenya,6/1/2009,2009,6,57985.42,27192.8,25.44
Kenya,7/1/2009,2009,7,57444.8,25376.26,22.64
Kenya,8/1/2009,2009,8,57331.39,26651.98,21.26
Kenya,9/1/2009,2009,9,56124.32,24568.59,15.75
Kenya,10/1/2009,2009,10,55553.75,23246.13,2.56
Kenya,11/1/2009,2009,11,54937.83,23257.97,-1.07
Kenya,12/1/2009,2009,12,55638.52,23292.57,-0.11
Kenya,1/1/2009,2009,1,53743.62,25991.15,25.91
Kenya,2/1/2009,2009,2,57529.4,25217.32,25.75
Kenya,3/1/2009,2009,3,57403.15,25816.48,27.1
Kenya,4/1/2009,2009,4,57297.34,25945.72,23.38
Kenya,5/1/2009,2009,5,59696.24,28218.33,26.03
Kenya,6/1/2009,2009,6,57242.99,24656.65,17.18
Kenya,7/1/2009,2009,7,57354.04,24677.1,20.94
Kenya,8/1/2009,2009,8,60393.81,29709.8,29.04
Kenya,9/1/2009,2009,9,57136.75,24585.29,2.88
Kenya,10/1/2009,2009,10,56965.8,23907.76,0.94
Kenya,11/1/2009,2009,11,56454.38,23543.13,-1.96
Kenya,12/1/2009,2009,12,56461.05,24715.64,3.17
Kenya,1/1/2009,2009,1,56763.94,23744.51,30.88
Kenya,2/1/2009,2009,2,59627.71,28461.59,42.92
Kenya,3/1/2009,2009,3,61921.05,30769.27,51.26
Kenya,4/1/2009,2009,4,60679.59,30070.22,30.41
Kenya,5/1/2009,2009,5,61301.39,30046.52,31.19
Kenya,6/1/2009,2009,6,61464.19,29292.07,29.13
Kenya,7/1/2009,2009,7,61350.36,29198.02,30.92
Kenya,8/1/2009,2009,8,61271.8,30936.59,32.32
Kenya,9/1/2009,2009,9,59707.41,28062.19,15.86
Kenya,10/1/2009,2009,10,59547.19,27589.11,8.79
Kenya,11/1/2009,2009,11,58316.77,25431.32,1.21
Kenya,12/1/2009,2009,12,57274.48,25359.2,8.37
Kenya,1/1/2009,2009,1,53307.11,19494.55,22.15
Kenya,2/1/2009,2009,2,55235.26,20506.46,29.74
Kenya,3/1/2009,2009,3,56322.43,21152.56,31.33
Kenya,4/1/2009,2009,4,56486.71,21550.22,32.44
Kenya,5/1/2009,2009,5,57329.39,22181.52,26.61
Kenya,6/1/2009,2009,6,56746.59,20137.46,13.85
Kenya,7/1/2009,2009,7,56717.86,20056.24,18.3
Kenya,8/1/2009,2009,8,57803.49,21760.45,25.42
Kenya,9/1/2009,2009,9,55935.24,21484.02,14.97
Kenya,10/1/2009,2009,10,54782.65,20176.44,2.98
Kenya,11/1/2009,2009,11,55223.08,20003.94,3.71
Kenya,12/1/2009,2009,12,55728.71,20937.25,3.87
Kenya,1/1/2009,2009,1,52149.98,24648.64,36.12
Kenya,2/1/2009,2009,2,54596.12,27739.98,45.44
Kenya,3/1/2009,2009,3,57024.9,30444.38,58.5
Kenya,4/1/2009,2009,4,57357.92,30019.69,53.45
Kenya,5/1/2009,2009,5,57039.54,29430.77,47.3
Kenya,6/1/2009,2009,6,56331.96,28513.19,43.07
Kenya,7/1/2009,2009,7,56243.9,28898.7,45.83
Kenya,8/1/2009,2009,8,57068.46,29716.85,43.52
Kenya,9/1/2009,2009,9,55288.71,28767.99,16.62
Kenya,10/1/2009,2009,10,53033.83,27647.65,7.04
Kenya,11/1/2009,2009,11,52649.65,26960.21,3.02
Kenya,12/1/2009,2009,12,52103.29,26372.63,3.39
Kenya,1/1/2009,2009,1,54053.95,21923.34,19.67
Kenya,2/1/2009,2009,2,56779.84,22865.62,22.69
Kenya,3/1/2009,2009,3,59946.95,27427.17,42.12
Kenya,4/1/2009,2009,4,60276.38,28118.9,32.61
Kenya,5/1/2009,2009,5,60952.46,28575.57,29.33
Kenya,6/1/2009,2009,6,58384.06,25925.28,15.88
Kenya,7/1/2009,2009,7,60696.07,28100.75,26.37
Kenya,8/1/2009,2009,8,60802.48,29231,26.35
Kenya,9/1/2009,2009,9,57733.06,25680.27,10.79
Kenya,10/1/2009,2009,10,57645.95,25727.01,12.57
Kenya,11/1/2009,2009,11,55962.13,22861.54,1.45
Kenya,12/1/2009,2009,12,54901.92,23545.16,4.91
Kenya,1/1/2009,2009,1,53933.44,23894.44,35.94
Kenya,2/1/2009,2009,2,54974.64,24159.67,35.28
Kenya,3/1/2009,2009,3,54606.61,24701.65,36.92
Kenya,4/1/2009,2009,4,55792.73,25404.22,42.3
Kenya,5/1/2009,2009,5,56753.27,24810.18,26.86
Kenya,6/1/2009,2009,6,56182.1,25001.74,16.77
Kenya,7/1/2009,2009,7,55750.31,23949.46,16.67
Kenya,8/1/2009,2009,8,56472.33,25208.58,19.72
Kenya,9/1/2009,2009,9,55644.94,23533.43,14.67
Kenya,10/1/2009,2009,10,54345.9,23051.78,2.27
Kenya,11/1/2009,2009,11,54641.3,22871.79,2.69
Kenya,12/1/2009,2009,12,53299.01,22554.72,-2.05
Kenya,1/1/2009,2009,1,50308.24,23735.51,37.04
Kenya,2/1/2009,2009,2,54457.53,27545.63,52.43
Kenya,3/1/2009,2009,3,56930.3,29403.28,57.12
Kenya,4/1/2009,2009,4,55709.31,29127.56,51.87
Kenya,5/1/2009,2009,5,57189.59,29174.23,46.96
Kenya,6/1/2009,2009,6,55082.73,27425.18,40.2
Kenya,7/1/2009,2009,7,56616.31,27902.26,41.93
Kenya,8/1/2009,2009,8,57766.57,29784.53,47.43
Kenya,9/1/2009,2009,9,55070.43,27873.24,17.08
Kenya,10/1/2009,2009,10,55369.04,27768.7,7.09
Kenya,11/1/2009,2009,11,52476.79,27326.91,4.66
Kenya,12/1/2009,2009,12,53471.62,25956.29,6.06
Kenya,1/1/2009,2009,1,51295.15,20230.5,29.78
Kenya,2/1/2009,2009,2,50974.78,21918.69,31.3
Kenya,3/1/2009,2009,3,52064.04,22829.46,38.04
Kenya,4/1/2009,2009,4,53013.38,23526.99,30.99
Kenya,5/1/2009,2009,5,53113.74,23515.79,21.59
Kenya,6/1/2009,2009,6,53101.83,22754.68,17.97
Kenya,7/1/2009,2009,7,54412.31,22651.18,23.07
Kenya,8/1/2009,2009,8,54422.92,22817.16,21.14
Kenya,9/1/2009,2009,9,52251.87,19847.13,3.84
Kenya,10/1/2009,2009,10,52839.74,20190.94,1.34
Kenya,11/1/2009,2009,11,51767.13,19726.63,-1.23
Kenya,12/1/2009,2009,12,52379.94,20184.29,1.13
Kenya,1/1/2009,2009,1,52604.38,21215.08,41.82
Kenya,2/1/2009,2009,2,55209.23,22937.31,45.37
Kenya,3/1/2009,2009,3,57188.68,23911.67,59.89
Kenya,4/1/2009,2009,4,57604.17,22400.56,38.28
Kenya,5/1/2009,2009,5,58797.77,23639.88,33.77
Kenya,6/1/2009,2009,6,56982.01,21385.54,23.88
Kenya,7/1/2009,2009,7,54345.97,23222.31,23.4
Kenya,8/1/2009,2009,8,54525.83,23666.12,25.66
Kenya,9/1/2009,2009,9,54720.99,22990.68,13.38
Kenya,10/1/2009,2009,10,53521.46,23987.77,5.23
Kenya,11/1/2009,2009,11,54608.85,22540.01,1.51
Kenya,12/1/2009,2009,12,53439.39,24221.06,6.68
Kenya,1/1/2009,2009,1,49934.43,20132.95,31.87
Kenya,2/1/2009,2009,2,49349,20998.73,29.06
Kenya,3/1/2009,2009,3,51350.23,22844.79,39.38
Kenya,4/1/2009,2009,4,52502,23294.5,34.41
Kenya,5/1/2009,2009,5,53260.36,23467.05,28.39
Kenya,6/1/2009,2009,6,53500.64,23141.83,22.72
Kenya,7/1/2009,2009,7,52665.23,21388.79,21.54
Kenya,8/1/2009,2009,8,53202.83,22653.79,21.75
Kenya,9/1/2009,2009,9,51524.18,20069.85,6.51
Kenya,10/1/2009,2009,10,51324.43,19649.15,-1.09
Kenya,11/1/2009,2009,11,51308.21,20207.34,0.29
Kenya,12/1/2009,2009,12,50556.12,19873.82,-0.57
Kenya,1/1/2009,2009,1,58800.65,23643.78,37.85
Kenya,2/1/2009,2009,2,61129.97,26433.77,45.84
Kenya,3/1/2009,2009,3,62033.05,26008.67,41.17
Kenya,4/1/2009,2009,4,62452.69,26584.97,27.37
Kenya,5/1/2009,2009,5,63200.87,26317.19,13.96
Kenya,6/1/2009,2009,6,62069.69,26893.15,18.64
Kenya,7/1/2009,2009,7,62504.16,25971.81,16.42
Kenya,8/1/2009,2009,8,63153.02,26668.89,16.92
Kenya,9/1/2009,2009,9,59529.94,23990.43,5.86
Kenya,10/1/2009,2009,10,59354.08,23866.96,2.78
Kenya,11/1/2009,2009,11,58685.08,24554.97,1.03
Kenya,12/1/2009,2009,12,59354.43,23608.63,-0.02
Kenya,1/1/2009,2009,1,54744.65,21983.46,21.54
Kenya,2/1/2009,2009,2,57649.1,25303.02,27.22
Kenya,3/1/2009,2009,3,61311.4,27461.01,44.41
Kenya,4/1/2009,2009,4,60785.27,28058,40.37
Kenya,5/1/2009,2009,5,59777.96,27511.4,32.24
Kenya,6/1/2009,2009,6,57382.13,26622.92,23.43
Kenya,7/1/2009,2009,7,58897.66,26918.69,27.96
Kenya,8/1/2009,2009,8,60036.24,27713.77,30.2
Kenya,9/1/2009,2009,9,58388.49,27251.61,13.65
Kenya,10/1/2009,2009,10,57401.66,25829.65,7.62
Kenya,11/1/2009,2009,11,56466.5,23994.31,2.87
Kenya,12/1/2009,2009,12,55954.55,23403.93,3.68
Kenya,1/1/2009,2009,1,64294.13,29947.63,27.75
Kenya,2/1/2009,2009,2,67250.85,32078.8,34.67
Kenya,3/1/2009,2009,3,68176.91,35994.08,40.38
Kenya,4/1/2009,2009,4,68238.41,34907.62,39.74
Kenya,5/1/2009,2009,5,67743.26,32448.11,26.3
Kenya,6/1/2009,2009,6,66362.38,31958.48,21.08
Kenya,7/1/2009,2009,7,66354.94,31326.22,20.72
Kenya,8/1/2009,2009,8,67998.98,34866.07,27.72
Kenya,9/1/2009,2009,9,66141.29,30709.99,7.88
Kenya,10/1/2009,2009,10,64719.47,29622.98,1.49
Kenya,11/1/2009,2009,11,63664.04,28894.2,-4.46
Kenya,12/1/2009,2009,12,63336.46,32636.96,4.16
Kenya,1/1/2009,2009,1,57799.5,29355.39,40.06
Kenya,2/1/2009,2009,2,60514.28,29782.17,39.09
Kenya,3/1/2009,2009,3,63130.04,31440.39,37.16
Kenya,4/1/2009,2009,4,61809.24,30836.84,29.34
Kenya,5/1/2009,2009,5,63012.26,30344.66,23.48
Kenya,6/1/2009,2009,6,62077.38,29650.78,17.89
Kenya,7/1/2009,2009,7,63100.16,30041.14,19.23
Kenya,8/1/2009,2009,8,63593.48,30229.26,21.8
Kenya,9/1/2009,2009,9,61594.8,29501.38,10.76
Kenya,10/1/2009,2009,10,59040.93,28435.59,5.43
Kenya,11/1/2009,2009,11,57377.49,27890.72,-3.24
Kenya,12/1/2009,2009,12,59247.57,28109.39,1.57
Kenya,1/1/2009,2009,1,63222.13,31985.17,33.4
Kenya,2/1/2009,2009,2,64306.68,32430.99,33.9
Kenya,3/1/2009,2009,3,65068.15,33411.78,32.88
Kenya,4/1/2009,2009,4,65460.65,35726.82,36.14
Kenya,5/1/2009,2009,5,65701.76,33393.26,28.77
Kenya,6/1/2009,2009,6,63558.54,31338.09,19.85
Kenya,7/1/2009,2009,7,64623.37,33435.59,26.49
Kenya,8/1/2009,2009,8,65177.34,33592.49,27.95
Kenya,9/1/2009,2009,9,64844.64,31943.45,11.01
Kenya,10/1/2009,2009,10,61589.16,28665.41,3.91
Kenya,11/1/2009,2009,11,61365.55,30717.34,-3.5
Kenya,12/1/2009,2009,12,62526.77,29690.82,3.74
Kenya,1/1/2009,2009,1,49326.93,21357.59,37.75
Kenya,2/1/2009,2009,2,50346.58,21956.33,35.11
Kenya,3/1/2009,2009,3,50990.11,23073.04,41.33
Kenya,4/1/2009,2009,4,51026.59,23303.29,35.35
Kenya,5/1/2009,2009,5,52149.04,23312.14,31.48
Kenya,6/1/2009,2009,6,52082.25,22889.21,25.96
Kenya,7/1/2009,2009,7,52313.39,22701.38,28.49
Kenya,8/1/2009,2009,8,52106.26,23533.13,29.53
Kenya,9/1/2009,2009,9,50167.26,20585.94,10.65
Kenya,10/1/2009,2009,10,50803.23,20969.7,0.78
Kenya,11/1/2009,2009,11,49629.08,20328.67,-1.31
Kenya,12/1/2009,2009,12,49553.95,20008.52,-2.72
Kenya,1/1/2009,2009,1,52937.42,25574.65,41.62
Kenya,2/1/2009,2009,2,55926.88,30047.42,55.03
Kenya,3/1/2009,2009,3,57119.68,30718.72,70.48
Kenya,4/1/2009,2009,4,58323.91,30942.65,57.32
Kenya,5/1/2009,2009,5,59326.62,32903.9,57.2
Kenya,6/1/2009,2009,6,56338.65,30088.27,28.06
Kenya,7/1/2009,2009,7,55309.58,28903.36,35.15
Kenya,8/1/2009,2009,8,54906.98,29219.17,32.25
Kenya,9/1/2009,2009,9,54864.83,29575.38,19.36
Kenya,10/1/2009,2009,10,53751.58,27006.96,-0.14
Kenya,11/1/2009,2009,11,53660.64,28579.95,-0.56
Kenya,12/1/2009,2009,12,54872.78,29618,3.18
Kenya,1/1/2009,2009,1,57126.22,24330.11,37.82
Kenya,2/1/2009,2009,2,58396.7,26671.43,36.05
Kenya,3/1/2009,2009,3,61133.26,28990.09,39.95
Kenya,4/1/2009,2009,4,60155.54,28295.83,35.75
Kenya,5/1/2009,2009,5,60820.32,28386.33,26.81
Kenya,6/1/2009,2009,6,59270.45,28268.53,22.91
Kenya,7/1/2009,2009,7,60594.16,27851.95,22.64
Kenya,8/1/2009,2009,8,61446.68,28936.79,20.84
Kenya,9/1/2009,2009,9,58968.49,27024.45,9.28
Kenya,10/1/2009,2009,10,59049.63,27004.97,8.19
Kenya,11/1/2009,2009,11,58223.46,26341.31,3.64
Kenya,12/1/2009,2009,12,57137.93,24290.76,2.88
Kenya,1/1/2009,2009,1,51422.86,20704.14,36.72
Kenya,2/1/2009,2009,2,52461.44,22056.76,37.34
Kenya,3/1/2009,2009,3,53708.87,24529.21,49.73
Kenya,4/1/2009,2009,4,54079.96,25176.44,47.86
Kenya,5/1/2009,2009,5,55520.09,26058.75,37.46
Kenya,6/1/2009,2009,6,53670.49,24183.73,25.13
Kenya,7/1/2009,2009,7,53298.42,22990.22,31.15
Kenya,8/1/2009,2009,8,54460.89,25033.49,36.3
Kenya,9/1/2009,2009,9,51950.18,21255.09,13.62
Kenya,10/1/2009,2009,10,52173.17,21040.37,3.23
Kenya,11/1/2009,2009,11,51726.8,21783.87,0.36
Kenya,12/1/2009,2009,12,51733.68,21806.85,0.35
Kenya,1/1/2009,2009,1,51076.01,20952.27,34.43
Kenya,2/1/2009,2009,2,52188.37,22023.07,37.87
Kenya,3/1/2009,2009,3,53864.82,25462.41,52.36
Kenya,4/1/2009,2009,4,54119.9,24996.18,48.36
Kenya,5/1/2009,2009,5,54830.31,25399.29,34.65
Kenya,6/1/2009,2009,6,53779.61,24532.98,27.57
Kenya,7/1/2009,2009,7,53709.71,22878.97,32.07
Kenya,8/1/2009,2009,8,53465.22,24556.22,35.28
Kenya,9/1/2009,2009,9,51520.06,21008.72,11.85
Kenya,10/1/2009,2009,10,51562.97,20771.13,1.02
Kenya,11/1/2009,2009,11,50971.7,20782.62,-2.93
Kenya,12/1/2009,2009,12,51200.61,20437.4,-1.83
Kenya,1/1/2009,2009,1,53183.78,22334.35,42.1
Kenya,2/1/2009,2009,2,54429.5,23790.37,43.03
Kenya,3/1/2009,2009,3,55689.89,24785.45,49.86
Kenya,4/1/2009,2009,4,55480.12,23392.75,38.66
Kenya,5/1/2009,2009,5,55702.85,22857.44,24.75
Kenya,6/1/2009,2009,6,54917.36,23238.27,20.23
Kenya,7/1/2009,2009,7,55399.19,23176.07,20.64
Kenya,8/1/2009,2009,8,55098.9,22709.53,18.96
Kenya,9/1/2009,2009,9,53976.37,22196.96,8.93
Kenya,10/1/2009,2009,10,53935.58,22034.99,0.47
Kenya,11/1/2009,2009,11,53656.47,21411.46,-2.64
Kenya,12/1/2009,2009,12,54648.03,22433.73,1.3
Kenya,1/1/2009,2009,1,51419.67,21463.43,34.88
Kenya,2/1/2009,2009,2,51848.79,24178.32,39.19
Kenya,3/1/2009,2009,3,51607.33,24872.59,44.67
Kenya,4/1/2009,2009,4,53561.44,26191.51,44.81
Kenya,5/1/2009,2009,5,53701.17,25800.33,29.43
Kenya,6/1/2009,2009,6,53685.5,24400.94,18.9
Kenya,7/1/2009,2009,7,53832.1,23562.47,20.66
Kenya,8/1/2009,2009,8,54191.89,24458.46,26.04
Kenya,9/1/2009,2009,9,53861.59,22995.69,8.65
Kenya,10/1/2009,2009,10,53167.53,21854.48,1.78
Kenya,11/1/2009,2009,11,53280.51,22868.6,2.6
Kenya,12/1/2009,2009,12,53287.71,22730.23,3.02
Kenya,1/1/2009,2009,1,50922.78,21081.28,37.39
Kenya,2/1/2009,2009,2,51666.25,21973.04,35.71
Kenya,3/1/2009,2009,3,52291.63,22734.54,42.32
Kenya,4/1/2009,2009,4,53232.16,23899.76,37.6
Kenya,5/1/2009,2009,5,54628.36,24362.89,31.4
Kenya,6/1/2009,2009,6,54786.47,24054.65,23.75
Kenya,7/1/2009,2009,7,54549.59,22632.07,23.39
Kenya,8/1/2009,2009,8,54086.36,22941.57,22.8
Kenya,9/1/2009,2009,9,52703.63,20821.97,8.11
Kenya,10/1/2009,2009,10,51999.61,20263.66,-0.4
Kenya,11/1/2009,2009,11,52606.65,20191.69,-0.27
Kenya,12/1/2009,2009,12,52468.89,20395.96,-0.22
Kenya,1/1/2009,2009,1,68139,17528,39.33
Kenya,2/1/2009,2009,2,68740,23643,54.89
Kenya,3/1/2009,2009,3,64277,29534,60
Kenya,4/1/2009,2009,4,70049.21,28958,55.32
Kenya,5/1/2009,2009,5,69239,28774,34.8
Kenya,6/1/2009,2009,6,59910,28652,23.76
Kenya,7/1/2009,2009,7,66175,30085,21.64
Kenya,8/1/2009,2009,8,66452,33518.42,38.85
Kenya,9/1/2009,2009,9,71389.37,30606,21.56
Kenya,10/1/2009,2009,10,71027.61,28561.41,19.82
Kenya,11/1/2009,2009,11,74165.85,25798.16,19.34
Kenya,12/1/2009,2009,12,77626.36,23928.99,34.04
Kenya,1/1/2009,2009,1,53001.49,22022.91,36.08
Kenya,2/1/2009,2009,2,54520.7,23587.83,34.77
Kenya,3/1/2009,2009,3,55012.58,25282.21,45.9
Kenya,4/1/2009,2009,4,55648.67,25504.23,37.7
Kenya,5/1/2009,2009,5,56368.14,25879.13,25.78
Kenya,6/1/2009,2009,6,55303.42,24343.77,19.54
Kenya,7/1/2009,2009,7,54874.02,23360.76,22.19
Kenya,8/1/2009,2009,8,55483.73,24700.81,27.83
Kenya,9/1/2009,2009,9,53996.31,21349.55,13.5
Kenya,10/1/2009,2009,10,53695.02,21203,4.45
Kenya,11/1/2009,2009,11,53190.8,20798.81,-3.41
Kenya,12/1/2009,2009,12,53945.28,20904.6,-0.63
Kenya,1/1/2009,2009,1,51873.2,20037.93,29.68
Kenya,2/1/2009,2009,2,51780.06,21091.31,28.5
Kenya,3/1/2009,2009,3,52130.56,22285.95,34.31
Kenya,4/1/2009,2009,4,53243.67,22797.71,30.02
Kenya,5/1/2009,2009,5,54208.67,22871.71,21.75
Kenya,6/1/2009,2009,6,52798.29,21569.56,13.91
Kenya,7/1/2009,2009,7,53243.63,20666.76,16.96
Kenya,8/1/2009,2009,8,53172.81,21656.47,21.44
Kenya,9/1/2009,2009,9,52588.64,19925.2,6.19
Kenya,10/1/2009,2009,10,52048.29,19898,0.04
Kenya,11/1/2009,2009,11,51866.35,19990.24,-0.18
Kenya,12/1/2009,2009,12,52215.9,19924.99,0.54
Kenya,1/1/2009,2009,1,57907.73,27192.3,49.99
Kenya,2/1/2009,2009,2,59384.97,27427.25,45.54
Kenya,3/1/2009,2009,3,62239.16,30133.05,53.01
Kenya,4/1/2009,2009,4,62106.36,30891.01,37.73
Kenya,5/1/2009,2009,5,62514.47,32039.5,31.56
Kenya,6/1/2009,2009,6,61755.5,30236.5,23.68
Kenya,7/1/2009,2009,7,59325.57,29747.03,23.05
Kenya,8/1/2009,2009,8,60177.78,30386.58,25.64
Kenya,9/1/2009,2009,9,59419.04,29105.47,14.37
Kenya,10/1/2009,2009,10,58271.87,27770.13,0.41
Kenya,11/1/2009,2009,11,58899.99,29050.42,-0.49
Kenya,12/1/2009,2009,12,58854.22,28657.4,0
Kenya,1/1/2009,2009,1,49993.67,18054.12,27.97
Kenya,2/1/2009,2009,2,49683.51,18672.18,27.96
Kenya,3/1/2009,2009,3,49592.82,19187.87,33.31
Kenya,4/1/2009,2009,4,49721.55,20304.88,34.01
Kenya,5/1/2009,2009,5,50164.71,19525.79,25.92
Kenya,6/1/2009,2009,6,49895,19194.56,17.79
Kenya,7/1/2009,2009,7,51199.15,18657.15,21.86
Kenya,8/1/2009,2009,8,50499.7,19042.72,21.32
Kenya,9/1/2009,2009,9,50518.15,17972.41,9.59
Kenya,10/1/2009,2009,10,50513.51,17881.99,4.42
Kenya,11/1/2009,2009,11,50750.45,17734.12,-0.02
Kenya,12/1/2009,2009,12,50474.83,18559.3,2.56
Kenya,1/1/2009,2009,1,55554.62,22606.71,26.48
Kenya,2/1/2009,2009,2,58978.62,26769.29,35.8
Kenya,3/1/2009,2009,3,60661.77,29398.52,41.79
Kenya,4/1/2009,2009,4,60215.39,27896.92,28.9
Kenya,5/1/2009,2009,5,60851.12,28280.59,26.7
Kenya,6/1/2009,2009,6,60266.36,28184.26,23.41
Kenya,7/1/2009,2009,7,60861.12,28831.44,26.44
Kenya,8/1/2009,2009,8,60784.61,29199.57,29.75
Kenya,9/1/2009,2009,9,59792.44,27932.41,17.41
Kenya,10/1/2009,2009,10,58881.9,26695.41,10.51
Kenya,11/1/2009,2009,11,57574.51,25201.65,0.94
Kenya,12/1/2009,2009,12,57257.43,24908.54,9.32
Kenya,1/1/2009,2009,1,59907.15,19534.98,24.71
Kenya,2/1/2009,2009,2,62490.9,23028.95,37.78
Kenya,3/1/2009,2009,3,62656.39,22908,34.31
Kenya,4/1/2009,2009,4,64825.9,24333.97,29.41
Kenya,5/1/2009,2009,5,65016.61,23097.76,19.56
Kenya,6/1/2009,2009,6,64134.53,23163.24,20.41
Kenya,7/1/2009,2009,7,62588.8,22100.3,14.76
Kenya,8/1/2009,2009,8,65956.91,24208,23.13
Kenya,9/1/2009,2009,9,62064.31,20959.27,9.24
Kenya,10/1/2009,2009,10,60621.45,20328.91,4.99
Kenya,11/1/2009,2009,11,62162,21452.81,2.04
Kenya,12/1/2009,2009,12,60037.16,20384.3,-0.01
Kenya,1/1/2009,2009,1,56075.45,21336.25,27.86
Kenya,2/1/2009,2009,2,57189.57,21758.5,29.9
Kenya,3/1/2009,2009,3,58542.75,23393,36.5
Kenya,4/1/2009,2009,4,60456.99,25081.77,38
Kenya,5/1/2009,2009,5,60382.84,24766.93,32.02
Kenya,6/1/2009,2009,6,59547.24,24963.63,21.3
Kenya,7/1/2009,2009,7,58034.61,21755.15,12
Kenya,8/1/2009,2009,8,60811.21,25172.33,20.59
Kenya,9/1/2009,2009,9,55781.38,21201.69,1.58
Kenya,10/1/2009,2009,10,56626.6,20472.22,0.54
Kenya,11/1/2009,2009,11,56228.38,21701.74,4.25
Kenya,12/1/2009,2009,12,55093.06,20637.88,-0.37
Kenya,1/1/2009,2009,1,55332.38,21313.23,36.46
Kenya,2/1/2009,2009,2,56256.25,21543.89,35.78
Kenya,3/1/2009,2009,3,59073.16,25978.7,49.18
Kenya,4/1/2009,2009,4,59478.17,27982.91,47.16
Kenya,5/1/2009,2009,5,60549.3,27789.15,37.57
Kenya,6/1/2009,2009,6,59078,24741.66,22.05
Kenya,7/1/2009,2009,7,59448.56,25439.28,22.19
Kenya,8/1/2009,2009,8,59320.48,25106.56,21.06
Kenya,9/1/2009,2009,9,58124.28,23865.99,12.93
Kenya,10/1/2009,2009,10,57435.3,22773.8,6.4
Kenya,11/1/2009,2009,11,57331.11,22833.21,-0.86
Kenya,12/1/2009,2009,12,58127.91,23763.37,3.38
Kenya,1/1/2009,2009,1,51121.51,20674.16,32.68
Kenya,2/1/2009,2009,2,52150.73,21795.74,35.41
Kenya,3/1/2009,2009,3,53035.55,22821.67,42.15
Kenya,4/1/2009,2009,4,54967.58,24122.42,39.04
Kenya,5/1/2009,2009,5,56196.61,24210.27,27.56
Kenya,6/1/2009,2009,6,55490.3,23748.12,25.09
Kenya,7/1/2009,2009,7,55563.58,21908.62,19.8
Kenya,8/1/2009,2009,8,55217.02,23451.39,20
Kenya,9/1/2009,2009,9,51921.41,21041.57,4.85
Kenya,10/1/2009,2009,10,53424.35,20618.98,2.74
Kenya,11/1/2009,2009,11,52292.09,20777.9,1.64
Kenya,12/1/2009,2009,12,51770.52,20475.39,-0.87
Kenya,1/1/2009,2009,1,52071.53,22302.98,27.24
Kenya,2/1/2009,2009,2,54855.49,23465.2,34.67
Kenya,3/1/2009,2009,3,56815.46,25907.18,43.6
Kenya,4/1/2009,2009,4,56898.31,26531.15,47.27
Kenya,5/1/2009,2009,5,55840.26,24175.21,29.61
Kenya,6/1/2009,2009,6,55569.89,24303.52,32.58
Kenya,7/1/2009,2009,7,56052.8,25242.61,39.05
Kenya,8/1/2009,2009,8,57839.23,26744.44,42.48
Kenya,9/1/2009,2009,9,56517.57,25050.74,20.21
Kenya,10/1/2009,2009,10,54658.93,24986.4,4.41
Kenya,11/1/2009,2009,11,55484.15,23828.62,3.58
Kenya,12/1/2009,2009,12,54688.81,24673.04,6.71
Kenya,1/1/2009,2009,1,52098.73,21898.7,34.21
Kenya,2/1/2009,2009,2,53508.82,22579.17,35.6
Kenya,3/1/2009,2009,3,54203.94,24565.79,45.82
Kenya,4/1/2009,2009,4,55630.91,25397.34,38.28
Kenya,5/1/2009,2009,5,55395.52,24632.86,24.6
Kenya,6/1/2009,2009,6,55056.85,23893.64,20.31
Kenya,7/1/2009,2009,7,54848.44,22963.8,22.65
Kenya,8/1/2009,2009,8,55220.02,24331.88,21.86
Kenya,9/1/2009,2009,9,53829.16,21861.47,6.96
Kenya,10/1/2009,2009,10,52740.35,21890.19,0.14
Kenya,11/1/2009,2009,11,52444.78,22282.85,0.87
Kenya,12/1/2009,2009,12,52229.15,21489.28,-0.12
Kenya,1/1/2009,2009,1,65742.94,32302.59,29.32
Kenya,2/1/2009,2009,2,67898.01,31771.68,25.75
Kenya,3/1/2009,2009,3,67704.79,32093.73,25.91
Kenya,4/1/2009,2009,4,68096.73,32321.91,24.84
Kenya,5/1/2009,2009,5,66644.87,31215.61,18.63
Kenya,6/1/2009,2009,6,68732.03,29819.84,18.33
Kenya,7/1/2009,2009,7,68198.75,30591.75,16.47
Kenya,8/1/2009,2009,8,66740.59,28627.35,10.01
Kenya,9/1/2009,2009,9,66529.82,30098.7,9.12
Kenya,10/1/2009,2009,10,66836.5,28129.09,2.14
Kenya,11/1/2009,2009,11,65853.08,30885.3,2.49
Kenya,12/1/2009,2009,12,64842.27,30353.35,-3.99
Kenya,1/1/2009,2009,1,55784.55,23531.25,30.38
Kenya,2/1/2009,2009,2,57623.35,27363.4,38.21
Kenya,3/1/2009,2009,3,59842.86,28775.05,48.57
Kenya,4/1/2009,2009,4,60235.39,29547.44,41.98
Kenya,5/1/2009,2009,5,62127.45,29498.64,39.83
Kenya,6/1/2009,2009,6,59990.25,27488.71,24.29
Kenya,7/1/2009,2009,7,57984.12,25882.16,20.85
Kenya,8/1/2009,2009,8,59292.49,27042.52,19.85
Kenya,9/1/2009,2009,9,58248.55,25998.72,10.98
Kenya,10/1/2009,2009,10,57249.81,23416.78,2
Kenya,11/1/2009,2009,11,57253.18,23470.63,-1.66
Kenya,12/1/2009,2009,12,57166.01,23951.72,-0.15
Kenya,1/1/2009,2009,1,51391.53,25173.6,43.77
Kenya,2/1/2009,2009,2,52900.81,27079.52,42.77
Kenya,3/1/2009,2009,3,56400.58,30887.3,60.28
Kenya,4/1/2009,2009,4,56010.28,29782.59,53.56
Kenya,5/1/2009,2009,5,54986.44,30105.81,49.46
Kenya,6/1/2009,2009,6,55073.48,28562.89,42.74
Kenya,7/1/2009,2009,7,55394.71,28456.51,42.51
Kenya,8/1/2009,2009,8,57047.95,30219.21,47.8
Kenya,9/1/2009,2009,9,54354.96,28382.55,20.15
Kenya,10/1/2009,2009,10,54720.9,26896.58,11.71
Kenya,11/1/2009,2009,11,53644.07,27134.94,7.14
Kenya,12/1/2009,2009,12,53794.47,27209.69,11.26
Kenya,1/1/2009,2009,1,51190.38,23458.5,35.74
Kenya,2/1/2009,2009,2,54034.19,25267.22,42.95
Kenya,3/1/2009,2009,3,56252.69,25553.12,51.47
Kenya,4/1/2009,2009,4,56212.08,25603.58,32.25
Kenya,5/1/2009,2009,5,57068.91,26981,24.78
Kenya,6/1/2009,2009,6,57167.44,24609.22,20.53
Kenya,7/1/2009,2009,7,55091.04,25186.75,23.38
Kenya,8/1/2009,2009,8,55002.27,24432.93,15.04
Kenya,9/1/2009,2009,9,54753.88,25049.15,8.72
Kenya,10/1/2009,2009,10,54442.63,23668.89,2.21
Kenya,11/1/2009,2009,11,53278.23,24373.38,-1.6
Kenya,12/1/2009,2009,12,54178.56,24816.68,0.74
Kenya,1/1/2009,2009,1,50069.42,18290.33,31.01
Kenya,2/1/2009,2009,2,49432.49,19053.15,31.37
Kenya,3/1/2009,2009,3,49385.74,18759.41,32.16
Kenya,4/1/2009,2009,4,49330.74,19359.51,30.89
Kenya,5/1/2009,2009,5,50749.06,19558.62,25.61
Kenya,6/1/2009,2009,6,49794.99,18974.12,18.99
Kenya,7/1/2009,2009,7,50755.81,18752.02,22.1
Kenya,8/1/2009,2009,8,50581.24,19396.26,23.45
Kenya,9/1/2009,2009,9,50655.82,18149.92,10.95
Kenya,10/1/2009,2009,10,50495.44,17827.84,-1.19
Kenya,11/1/2009,2009,11,49992.91,18116.39,0.99
Kenya,12/1/2009,2009,12,50150.1,18748.6,1.85
Kenya,1/1/2009,2009,1,61036.53,30675.42,28.47
Kenya,2/1/2009,2009,2,64877.09,32378.37,29.1
Kenya,3/1/2009,2009,3,66302.99,33503.22,31.03
Kenya,4/1/2009,2009,4,64853.6,32351.01,30.56
Kenya,5/1/2009,2009,5,65003.71,32754.8,26.6
Kenya,6/1/2009,2009,6,64686.68,31559.32,22.76
Kenya,7/1/2009,2009,7,64710.56,34033.69,23.04
Kenya,8/1/2009,2009,8,66117.57,33969.76,24.03
Kenya,9/1/2009,2009,9,62889.44,31335.47,12.06
Kenya,10/1/2009,2009,10,61129.08,30202.84,5.06
Kenya,11/1/2009,2009,11,61231.85,29992.84,-1.98
Kenya,12/1/2009,2009,12,62262.87,29944.7,-1.75
Kenya,1/1/2009,2009,1,62222.45,29155.39,47.15
Kenya,2/1/2009,2009,2,65029.18,30967.79,40.91
Kenya,3/1/2009,2009,3,64730.42,30477.18,39.16
Kenya,4/1/2009,2009,4,65505.93,31001.31,36.07
Kenya,5/1/2009,2009,5,64716.23,31196.25,24.43
Kenya,6/1/2009,2009,6,64977.78,31443.73,18.47
Kenya,7/1/2009,2009,7,64289.05,30634.92,17.02
Kenya,8/1/2009,2009,8,62624.88,30552.68,12.67
Kenya,9/1/2009,2009,9,62973.92,30356.02,12.42
Kenya,10/1/2009,2009,10,60948.35,29310.08,2.61
Kenya,11/1/2009,2009,11,60053.53,28874.67,-2.83
Kenya,12/1/2009,2009,12,61256.23,29077.39,-1.41
Kenya,1/1/2009,2009,1,51958.98,23971.22,32.3
Kenya,2/1/2009,2009,2,53892.98,28409.95,45.65
Kenya,3/1/2009,2009,3,56229.99,29346.69,52.3
Kenya,4/1/2009,2009,4,56648,29475.7,51.57
Kenya,5/1/2009,2009,5,55571.06,28680.57,42.78
Kenya,6/1/2009,2009,6,55672.33,28351.69,43.64
Kenya,7/1/2009,2009,7,55839.33,29787.63,48.39
Kenya,8/1/2009,2009,8,57419.72,31115.57,51.73
Kenya,9/1/2009,2009,9,53203.12,28632.71,15.06
Kenya,10/1/2009,2009,10,53901.05,26964.14,7.41
Kenya,11/1/2009,2009,11,53568.54,26413.9,2.56
Kenya,12/1/2009,2009,12,53200.76,26634.19,6.68
Kenya,1/1/2009,2009,1,56299.4,25253.31,42.68
Kenya,2/1/2009,2009,2,59898.21,28359.14,48.25
Kenya,3/1/2009,2009,3,62535.99,29212.37,42.96
Kenya,4/1/2009,2009,4,61259.79,29230.47,30.01
Kenya,5/1/2009,2009,5,61125.76,28148.79,22.02
Kenya,6/1/2009,2009,6,60188.36,28154.47,23
Kenya,7/1/2009,2009,7,60343.05,27906.31,21.5
Kenya,8/1/2009,2009,8,61217.03,29525.3,24.52
Kenya,9/1/2009,2009,9,59702.62,28079.86,12.57
Kenya,10/1/2009,2009,10,58879.66,27754.02,7.46
Kenya,11/1/2009,2009,11,57877.95,27025.86,2.1
Kenya,12/1/2009,2009,12,57262.08,26525.45,1.91
Kenya,1/1/2009,2009,1,48182.05,20611.35,34.12
Kenya,2/1/2009,2009,2,49460.4,22059.71,35.68
Kenya,3/1/2009,2009,3,51250.15,23387.69,46
Kenya,4/1/2009,2009,4,50900.44,22701.72,43.34
Kenya,5/1/2009,2009,5,50885.35,22495.4,32.96
Kenya,6/1/2009,2009,6,50453.33,22097.44,29.36
Kenya,7/1/2009,2009,7,51565.03,22283.64,30.36
Kenya,8/1/2009,2009,8,52910.32,23306.36,30.61
Kenya,9/1/2009,2009,9,50070.91,20929.83,8.9
Kenya,10/1/2009,2009,10,49714.9,20841.64,1.41
Kenya,11/1/2009,2009,11,49109.94,20326.8,-0.23
Kenya,12/1/2009,2009,12,48608.62,20463.73,-0.38
Kenya,1/1/2009,2009,1,55678.07,23718.96,41.58
Kenya,2/1/2009,2009,2,57701.06,25189.87,41.4
Kenya,3/1/2009,2009,3,58611.3,26898.82,47.54
Kenya,4/1/2009,2009,4,58162.42,25893.43,37.18
Kenya,5/1/2009,2009,5,58735.84,25319.43,24.75
Kenya,6/1/2009,2009,6,58288.23,25008.84,18.42
Kenya,7/1/2009,2009,7,57638.17,23641.42,15.68
Kenya,8/1/2009,2009,8,56041.5,23971.81,12.64
Kenya,9/1/2009,2009,9,55683.82,23159.72,6.87
Kenya,10/1/2009,2009,10,55973.1,23174,0.96
Kenya,11/1/2009,2009,11,55888.67,22922.28,-0.38
Kenya,12/1/2009,2009,12,55397.13,23182.43,-0.49
Kenya,1/1/2009,2009,1,50187.32,17217.88,24.27
Kenya,2/1/2009,2009,2,50967.63,17648.66,23.59
Kenya,3/1/2009,2009,3,50253.72,19031.22,27.56
Kenya,4/1/2009,2009,4,50891.78,19441.83,29.23
Kenya,5/1/2009,2009,5,51141.02,19194.68,21.72
Kenya,6/1/2009,2009,6,50961.41,18636.84,16.31
Kenya,7/1/2009,2009,7,51651.19,18126.49,16.22
Kenya,8/1/2009,2009,8,51155.87,18258.3,16.06
Kenya,9/1/2009,2009,9,50510.45,17201.18,5.03
Kenya,10/1/2009,2009,10,51193.44,17013.5,0.22
Kenya,11/1/2009,2009,11,50520.96,16858.46,-0.65
Kenya,12/1/2009,2009,12,50274.75,17493.21,-0.55
Kenya,1/1/2009,2009,1,52605.5,23457.22,37.04
Kenya,2/1/2009,2009,2,54649.16,25796.53,43.43
Kenya,3/1/2009,2009,3,55977.53,27433.38,47.58
Kenya,4/1/2009,2009,4,56886.14,27046.95,44.36
Kenya,5/1/2009,2009,5,57985.02,27658.21,36.12
Kenya,6/1/2009,2009,6,56322.92,26870.65,24.86
Kenya,7/1/2009,2009,7,55857.32,25435.29,25.3
Kenya,8/1/2009,2009,8,58565.89,30087.71,34.94
Kenya,9/1/2009,2009,9,55140.53,24535.06,14.27
Kenya,10/1/2009,2009,10,54430.9,23946,4.43
Kenya,11/1/2009,2009,11,53972.09,23033.06,-0.97
Kenya,12/1/2009,2009,12,53086.3,22914.83,-1.48
Kenya,1/1/2009,2009,1,53448.89,21785.24,38.62
Kenya,2/1/2009,2009,2,55657.56,23971.3,42.95
Kenya,3/1/2009,2009,3,55722.37,24915.41,45.91
Kenya,4/1/2009,2009,4,55720.22,23902.19,37.38
Kenya,5/1/2009,2009,5,56136.81,23735.26,30.06
Kenya,6/1/2009,2009,6,55358.26,23169.94,19.36
Kenya,7/1/2009,2009,7,55011.5,22793.9,17.76
Kenya,8/1/2009,2009,8,53722.51,22207.64,16.43
Kenya,9/1/2009,2009,9,53229.31,21793.62,6.74
Kenya,10/1/2009,2009,10,53983.25,21778.57,4.01
Kenya,11/1/2009,2009,11,54195.1,22164.8,-1.42
Kenya,12/1/2009,2009,12,53732.68,22242.38,0.93
Kenya,1/1/2009,2009,1,53052.52,21436.97,38.65
Kenya,2/1/2009,2009,2,54809.92,22602.53,34.63
Kenya,3/1/2009,2009,3,55415.56,24094.62,46.88
Kenya,4/1/2009,2009,4,55105.46,22804.02,34.54
Kenya,5/1/2009,2009,5,55899.48,23024.62,25.22
Kenya,6/1/2009,2009,6,55036.17,22717.23,21.48
Kenya,7/1/2009,2009,7,54247.7,22477.86,18.79
Kenya,8/1/2009,2009,8,54561.12,22707.33,23.65
Kenya,9/1/2009,2009,9,52639.29,21550.52,9.86
Kenya,10/1/2009,2009,10,53349.54,21338.42,-0.78
Kenya,11/1/2009,2009,11,52561.19,21483.52,-0.47
Kenya,12/1/2009,2009,12,53747.28,21645.41,0.45
Kenya,1/1/2009,2009,1,50589.72,16375.23,22.68
Kenya,2/1/2009,2009,2,49710.55,16471.3,19.75
Kenya,3/1/2009,2009,3,50306,17742.77,24.7
Kenya,4/1/2009,2009,4,49729.54,16883.26,19
Kenya,5/1/2009,2009,5,50707.9,17165.99,12.29
Kenya,6/1/2009,2009,6,50492.93,17115.32,12.46
Kenya,7/1/2009,2009,7,51763.79,16938.76,15.62
Kenya,8/1/2009,2009,8,51906.53,16864.34,14.46
Kenya,9/1/2009,2009,9,51294.82,16282.85,5.45
Kenya,10/1/2009,2009,10,51056.72,15922.44,-1.27
Kenya,11/1/2009,2009,11,50448.87,16100.93,-1.04
Kenya,12/1/2009,2009,12,50602.84,16062.48,-0.89
Kenya,1/1/2009,2009,1,50237.6,16719.63,21.65
Kenya,2/1/2009,2009,2,49921.39,16562.23,18.93
Kenya,3/1/2009,2009,3,49973.26,17292.57,22.95
Kenya,4/1/2009,2009,4,50548.34,17818.82,23.16
Kenya,5/1/2009,2009,5,50769.51,17907.51,16.02
Kenya,6/1/2009,2009,6,50582.19,17859.25,12.58
Kenya,7/1/2009,2009,7,50698.65,17006.39,14.97
Kenya,8/1/2009,2009,8,51035.74,17577.35,13.78
Kenya,9/1/2009,2009,9,50630.57,16341.42,3.26
Kenya,10/1/2009,2009,10,50662.74,16319.59,0.32
Kenya,11/1/2009,2009,11,50811.55,16525.26,0.22
Kenya,12/1/2009,2009,12,50397.25,16526.6,-0.32
Kenya,1/1/2009,2009,1,59694.93,26879.68,36.55
Kenya,2/1/2009,2009,2,62610.01,28902.35,41.53
Kenya,3/1/2009,2009,3,65020.59,29880.38,43.63
Kenya,4/1/2009,2009,4,65355.8,29774.04,38.38
Kenya,5/1/2009,2009,5,64969.44,30410.13,29.16
Kenya,6/1/2009,2009,6,63788.79,29709.34,22.04
Kenya,7/1/2009,2009,7,62782.96,29104.73,15.9
Kenya,8/1/2009,2009,8,62879.4,29821.66,17.33
Kenya,9/1/2009,2009,9,63321.88,29330.85,16.96
Kenya,10/1/2009,2009,10,60473.54,28220.11,0.9
Kenya,11/1/2009,2009,11,60701.94,27755.69,-3.94
Kenya,12/1/2009,2009,12,61457.27,28785.33,-0.5
Kenya,1/1/2009,2009,1,49380.27,18507.8,29.11
Kenya,2/1/2009,2009,2,49406.89,18844.74,29.8
Kenya,3/1/2009,2009,3,50305.32,19208.45,33.83
Kenya,4/1/2009,2009,4,49310.73,19421,30.87
Kenya,5/1/2009,2009,5,50626.53,19733.88,24.48
Kenya,6/1/2009,2009,6,50002.73,19347.23,18.35
Kenya,7/1/2009,2009,7,51675.05,19274.98,23.81
Kenya,8/1/2009,2009,8,50693.6,19633.17,22.86
Kenya,9/1/2009,2009,9,50680.17,17851.1,12.51
Kenya,10/1/2009,2009,10,50575.5,18290.63,7.09
Kenya,11/1/2009,2009,11,49733.78,18500.17,2.31
Kenya,12/1/2009,2009,12,50438.7,18105.73,1.52
Kenya,1/1/2009,2009,1,49442.41,18160.99,29.99
Kenya,2/1/2009,2009,2,49416.43,18625.8,28.14
Kenya,3/1/2009,2009,3,49966.16,18761.92,32.17
Kenya,4/1/2009,2009,4,49290.29,19610.52,31.75
Kenya,5/1/2009,2009,5,50556.07,19286.99,23.25
Kenya,6/1/2009,2009,6,50909.41,19343.24,21.29
Kenya,7/1/2009,2009,7,51127.91,18160.76,21.04
Kenya,8/1/2009,2009,8,50857.66,19232.95,21.92
Kenya,9/1/2009,2009,9,50576.93,18104.54,10
Kenya,10/1/2009,2009,10,50358.74,17804.86,-0.31
Kenya,11/1/2009,2009,11,50448.85,17839.97,0.38
Kenya,12/1/2009,2009,12,50574.52,18103.6,2.06
Kenya,1/1/2009,2009,1,49230.27,18701.34,29.04
Kenya,2/1/2009,2009,2,49582.71,19502.49,31.49
Kenya,3/1/2009,2009,3,49935.07,19621.43,35.13
Kenya,4/1/2009,2009,4,49383.26,20233.42,32.95
Kenya,5/1/2009,2009,5,50479.8,19967.4,27.44
Kenya,6/1/2009,2009,6,49908.37,19726.83,18.84
Kenya,7/1/2009,2009,7,51008.61,19447.79,22.93
Kenya,8/1/2009,2009,8,51029.57,19475.84,23.21
Kenya,9/1/2009,2009,9,50543.33,18619.42,15.44
Kenya,10/1/2009,2009,10,50545.94,18301.42,5.99
Kenya,11/1/2009,2009,11,50299.77,18800.68,3.16
Kenya,12/1/2009,2009,12,50390.38,18414.98,0.54
Kenya,1/1/2009,2009,1,49019.42,18077.48,27.7
Kenya,2/1/2009,2009,2,49298.91,18318.57,27.85
Kenya,3/1/2009,2009,3,49552.61,19221.86,33.18
Kenya,4/1/2009,2009,4,49747.08,19708.38,32.42
Kenya,5/1/2009,2009,5,50462.18,19231.93,23.72
Kenya,6/1/2009,2009,6,49866.66,18991.13,17.67
Kenya,7/1/2009,2009,7,51409.12,19083.78,24.18
Kenya,8/1/2009,2009,8,50340.88,19196.66,20.25
Kenya,9/1/2009,2009,9,50145.48,17951.33,10
Kenya,10/1/2009,2009,10,50195.67,17564.94,-1.84
Kenya,11/1/2009,2009,11,50176.01,17592.33,-0.59
Kenya,12/1/2009,2009,12,49876.11,17852.46,0.49
Kenya,1/1/2009,2009,1,55397.48,24530.29,34.45
Kenya,2/1/2009,2009,2,56264.78,26001.06,39.2
Kenya,3/1/2009,2009,3,56632.26,25329.3,41.64
Kenya,4/1/2009,2009,4,56797.26,26102.78,39.22
Kenya,5/1/2009,2009,5,57335.97,25334.37,27.67
Kenya,6/1/2009,2009,6,56121.59,24912.46,16.03
Kenya,7/1/2009,2009,7,56337.91,23551.65,12.52
Kenya,8/1/2009,2009,8,55655.64,24008.91,13.82
Kenya,9/1/2009,2009,9,54972.41,23298.3,7.72
Kenya,10/1/2009,2009,10,55704.39,23759.55,1.75
Kenya,11/1/2009,2009,11,55663.04,23592.62,-2.88
Kenya,12/1/2009,2009,12,55759.65,23367.37,0.39
Kenya,1/1/2010,2010,1,54303.2,25476.59,4.62
Kenya,2/1/2010,2010,2,50853.71,24978.79,0.41
Kenya,3/1/2010,2010,3,50125.09,25470.45,-2.16
Kenya,4/1/2010,2010,4,49270.72,27088.16,-0.4
Kenya,5/1/2010,2010,5,48247.86,24905.82,-5.83
Kenya,6/1/2010,2010,6,45902.78,22177.02,-12.28
Kenya,7/1/2010,2010,7,45600.31,19435,-18.55
Kenya,8/1/2010,2010,8,44657.9,18415.72,-24.38
Kenya,9/1/2010,2010,9,44655.43,17452.08,-21.72
Kenya,10/1/2010,2010,10,44884.34,17638.97,-23.45
Kenya,11/1/2010,2010,11,45639.79,17771.31,-22.78
Kenya,12/1/2010,2010,12,44529.56,18602.58,-23.27
Kenya,1/1/2010,2010,1,50509.19,22607.96,1.46
Kenya,2/1/2010,2010,2,49062.35,22221.9,-5.66
Kenya,3/1/2010,2010,3,48160.99,23323.66,-5.08
Kenya,4/1/2010,2010,4,48169.03,23626.84,-5.44
Kenya,5/1/2010,2010,5,47915.34,22895.83,-5.87
Kenya,6/1/2010,2010,6,45107.51,18945.96,-14.93
Kenya,7/1/2010,2010,7,42993.64,18344.73,-19.95
Kenya,8/1/2010,2010,8,41936.33,16494.68,-29.38
Kenya,9/1/2010,2010,9,42289.91,16779.01,-21.94
Kenya,10/1/2010,2010,10,41029.46,16023.19,-24.09
Kenya,11/1/2010,2010,11,42589.29,17253.6,-20.42
Kenya,12/1/2010,2010,12,42681.2,17133.88,-18.14
Kenya,1/1/2010,2010,1,50328.76,19735.6,2.97
Kenya,2/1/2010,2010,2,49804.09,19253.39,-0.36
Kenya,3/1/2010,2010,3,47546.81,19019.42,-3.79
Kenya,4/1/2010,2010,4,46959.49,18606.03,-9.52
Kenya,5/1/2010,2010,5,47127.87,19197.75,-6.05
Kenya,6/1/2010,2010,6,44055.71,16048.82,-15.03
Kenya,7/1/2010,2010,7,44206.71,15571.58,-15.74
Kenya,8/1/2010,2010,8,44195.37,15062.29,-17.57
Kenya,9/1/2010,2010,9,44259,14688.84,-16.72
Kenya,10/1/2010,2010,10,43591.52,15502.59,-16.5
Kenya,11/1/2010,2010,11,44596.67,14788.46,-16.23
Kenya,12/1/2010,2010,12,44319.34,15246.2,-15.55
Kenya,1/1/2010,2010,1,48712.11,22109.4,1.44
Kenya,2/1/2010,2010,2,45939.3,22403.54,-4.44
Kenya,3/1/2010,2010,3,45381.51,23506.78,-7.36
Kenya,4/1/2010,2010,4,45158.63,23078.93,-7.39
Kenya,5/1/2010,2010,5,44804.94,22364.01,-5.02
Kenya,6/1/2010,2010,6,42853.16,19611.87,-13.63
Kenya,7/1/2010,2010,7,42098.8,17287.68,-18.25
Kenya,8/1/2010,2010,8,39453.37,15522.79,-28.29
Kenya,9/1/2010,2010,9,39633.09,15756,-24.35
Kenya,10/1/2010,2010,10,39605.06,15806.65,-25.23
Kenya,11/1/2010,2010,11,40589.67,16867.73,-19.76
Kenya,12/1/2010,2010,12,40248.91,16325.97,-20.5
Kenya,1/1/2010,2010,1,51615.44,23495.98,3.92
Kenya,2/1/2010,2010,2,50459.74,22328.46,-3.95
Kenya,3/1/2010,2010,3,48103.09,22156.98,-8.59
Kenya,4/1/2010,2010,4,47283.44,22112.83,-13.07
Kenya,5/1/2010,2010,5,47482.3,22588.2,-11.02
Kenya,6/1/2010,2010,6,44634.04,18436.2,-21.15
Kenya,7/1/2010,2010,7,44138.51,17952.01,-21.44
Kenya,8/1/2010,2010,8,43141.31,17379.87,-24.58
Kenya,9/1/2010,2010,9,43083.52,17201.03,-18.97
Kenya,10/1/2010,2010,10,43298.65,16814.45,-19.58
Kenya,11/1/2010,2010,11,42559.79,17371.09,-19.26
Kenya,12/1/2010,2010,12,43659.46,17681.69,-16.66
Kenya,1/1/2010,2010,1,57606.72,27371.93,3.86
Kenya,2/1/2010,2010,2,56606.62,26785.17,-5.6
Kenya,3/1/2010,2010,3,55703.44,27288.94,-8.06
Kenya,4/1/2010,2010,4,55748.12,26830.74,-8.73
Kenya,5/1/2010,2010,5,55639.45,26024.5,-8.23
Kenya,6/1/2010,2010,6,53412.87,22898.98,-13.95
Kenya,7/1/2010,2010,7,52107.89,20425.12,-21.02
Kenya,8/1/2010,2010,8,49754.31,20508.72,-22.89
Kenya,9/1/2010,2010,9,47160.76,18896.71,-25.93
Kenya,10/1/2010,2010,10,47944.41,18693.02,-25.84
Kenya,11/1/2010,2010,11,50688.52,20168.53,-21.26
Kenya,12/1/2010,2010,12,52643.92,20172.05,-16.47
Kenya,1/1/2010,2010,1,49019.44,19384.18,3.17
Kenya,2/1/2010,2010,2,47773.04,18353.54,-3.95
Kenya,3/1/2010,2010,3,45394.07,19552.29,-6.46
Kenya,4/1/2010,2010,4,44922.46,19350.59,-7.84
Kenya,5/1/2010,2010,5,44793.4,18589.75,-8.19
Kenya,6/1/2010,2010,6,43996.17,17186.22,-10.54
Kenya,7/1/2010,2010,7,43942.67,15855.59,-14.44
Kenya,8/1/2010,2010,8,40994.96,14897.4,-20.2
Kenya,9/1/2010,2010,9,41241.98,15715.52,-16.3
Kenya,10/1/2010,2010,10,40029.24,14725.93,-19.73
Kenya,11/1/2010,2010,11,42044.63,15654.1,-15.11
Kenya,12/1/2010,2010,12,43237.44,15873.16,-13.03
Kenya,1/1/2010,2010,1,58219.52,28995.26,7.09
Kenya,2/1/2010,2010,2,55610.74,25785.26,-9.33
Kenya,3/1/2010,2010,3,54478.89,26407.26,-12.36
Kenya,4/1/2010,2010,4,55258.52,26067.3,-11.32
Kenya,5/1/2010,2010,5,53981.47,26443.87,-12.12
Kenya,6/1/2010,2010,6,52616.5,24166.54,-15.95
Kenya,7/1/2010,2010,7,52588.23,23391.38,-17.5
Kenya,8/1/2010,2010,8,50229.63,21130.7,-24.16
Kenya,9/1/2010,2010,9,48087.54,19339.36,-28.26
Kenya,10/1/2010,2010,10,50377.9,20243.63,-23.05
Kenya,11/1/2010,2010,11,51783.71,22413.88,-16.12
Kenya,12/1/2010,2010,12,52196.96,21681.53,-15.83
Kenya,1/1/2010,2010,1,50920.69,20860.24,0.38
Kenya,2/1/2010,2010,2,50097.93,20760.49,-4.29
Kenya,3/1/2010,2010,3,47387.29,21906.63,-5.58
Kenya,4/1/2010,2010,4,46376.66,21391.93,-9.14
Kenya,5/1/2010,2010,5,46258.91,21540.05,-11
Kenya,6/1/2010,2010,6,44667.74,17608.13,-16.43
Kenya,7/1/2010,2010,7,44035.17,17355.81,-18.76
Kenya,8/1/2010,2010,8,42399.08,16839.97,-22.57
Kenya,9/1/2010,2010,9,42866.87,16717.62,-17.05
Kenya,10/1/2010,2010,10,41934.73,16239.15,-18.95
Kenya,11/1/2010,2010,11,42903.44,17078.79,-16.86
Kenya,12/1/2010,2010,12,43505.36,16847.6,-14.6
Kenya,1/1/2010,2010,1,59200.55,23971.2,2.57
Kenya,2/1/2010,2010,2,56879.86,23017.02,-5.82
Kenya,3/1/2010,2010,3,55096.34,21771.45,-11.89
Kenya,4/1/2010,2010,4,53948.96,21120.34,-15.83
Kenya,5/1/2010,2010,5,53748.35,20576.4,-15.6
Kenya,6/1/2010,2010,6,51460.85,17735.99,-22.45
Kenya,7/1/2010,2010,7,50834.38,18236.4,-20.33
Kenya,8/1/2010,2010,8,48627.88,17671.93,-26.29
Kenya,9/1/2010,2010,9,48825.84,17786.64,-22.4
Kenya,10/1/2010,2010,10,48843.82,17927.48,-21.26
Kenya,11/1/2010,2010,11,50618.56,16512.12,-22.24
Kenya,12/1/2010,2010,12,50189.75,16672.68,-21.84
Kenya,1/1/2010,2010,1,56330.12,23510.39,0.26
Kenya,2/1/2010,2010,2,53620.39,22507.13,-8.68
Kenya,3/1/2010,2010,3,52946.37,21838.87,-13.77
Kenya,4/1/2010,2010,4,52195.18,20670.4,-13.47
Kenya,5/1/2010,2010,5,52282.62,21518.7,-13.14
Kenya,6/1/2010,2010,6,48751.71,18650.72,-20.37
Kenya,7/1/2010,2010,7,47647.87,18372.75,-18.21
Kenya,8/1/2010,2010,8,46713.36,17407.24,-23.29
Kenya,9/1/2010,2010,9,46303.06,17508.93,-19.53
Kenya,10/1/2010,2010,10,44950.21,15411.7,-25.66
Kenya,11/1/2010,2010,11,46731.54,17588.17,-19.5
Kenya,12/1/2010,2010,12,48740.45,17979.94,-16.93
Kenya,1/1/2010,2010,1,49216.25,20902,1.66
Kenya,2/1/2010,2010,2,49212.69,20230.15,-1.62
Kenya,3/1/2010,2010,3,46942.29,20485.81,-7.99
Kenya,4/1/2010,2010,4,45956.24,20403.99,-7.59
Kenya,5/1/2010,2010,5,46417.78,19372.93,-12.86
Kenya,6/1/2010,2010,6,42832.68,16774,-22.78
Kenya,7/1/2010,2010,7,44162.02,16736.12,-18.48
Kenya,8/1/2010,2010,8,42277.82,16175.52,-23.49
Kenya,9/1/2010,2010,9,42904.79,16075.35,-18.02
Kenya,10/1/2010,2010,10,42556.77,15506.45,-18.13
Kenya,11/1/2010,2010,11,42989.32,16331.17,-16.67
Kenya,12/1/2010,2010,12,44142.65,16104.97,-15.57
Kenya,1/1/2010,2010,1,55491.93,23614.53,0.04
Kenya,2/1/2010,2010,2,54908.62,23309.41,-4.25
Kenya,3/1/2010,2010,3,52641.8,21859.39,-12.74
Kenya,4/1/2010,2010,4,51865.57,20454.79,-17.45
Kenya,5/1/2010,2010,5,51030.75,20378.47,-20.84
Kenya,6/1/2010,2010,6,48491.24,18348.35,-24.19
Kenya,7/1/2010,2010,7,47163.06,18390.8,-22.42
Kenya,8/1/2010,2010,8,45303.19,17238.02,-27.89
Kenya,9/1/2010,2010,9,44542.33,16742.95,-25.87
Kenya,10/1/2010,2010,10,43689.47,16782.66,-24.3
Kenya,11/1/2010,2010,11,45826.4,17493.7,-20.35
Kenya,12/1/2010,2010,12,46772.77,17531.63,-19.94
Kenya,1/1/2010,2010,1,56656.56,24026.41,-0.96
Kenya,2/1/2010,2010,2,52487.36,23952.49,-7.02
Kenya,3/1/2010,2010,3,51108.07,24365.29,-8.44
Kenya,4/1/2010,2010,4,50007.32,24892.06,-8.61
Kenya,5/1/2010,2010,5,49474.07,22886.34,-17.99
Kenya,6/1/2010,2010,6,47440.38,19930.61,-18.07
Kenya,7/1/2010,2010,7,47087.29,20551.51,-17.36
Kenya,8/1/2010,2010,8,45654.32,19977.91,-28.55
Kenya,9/1/2010,2010,9,45946.38,19818.91,-19.5
Kenya,10/1/2010,2010,10,45882.08,20129.99,-17.8
Kenya,11/1/2010,2010,11,46128.68,19858.32,-17.1
Kenya,12/1/2010,2010,12,46375.85,20410.6,-17.66
Kenya,1/1/2010,2010,1,58228.39,27025.15,7.7
Kenya,2/1/2010,2010,2,55249.55,23098.56,-12.96
Kenya,3/1/2010,2010,3,54234.34,22000.68,-20.43
Kenya,4/1/2010,2010,4,54750.71,23339.23,-16.05
Kenya,5/1/2010,2010,5,54361.16,22237.62,-18.58
Kenya,6/1/2010,2010,6,52595.09,20508.7,-22.02
Kenya,7/1/2010,2010,7,50749.86,18965.47,-25.94
Kenya,8/1/2010,2010,8,48676.57,16956.08,-32.93
Kenya,9/1/2010,2010,9,48570.52,17554.38,-27.76
Kenya,10/1/2010,2010,10,47898.26,17269.63,-28.14
Kenya,11/1/2010,2010,11,50272.41,18139.68,-20.73
Kenya,12/1/2010,2010,12,50346.12,18570.74,-18.99
Kenya,1/1/2010,2010,1,55192.03,20371.42,3.94
Kenya,2/1/2010,2010,2,50184.79,22435.59,-1.25
Kenya,3/1/2010,2010,3,49055.83,23360.41,-2.9
Kenya,4/1/2010,2010,4,48215.75,22508.8,-6.39
Kenya,5/1/2010,2010,5,49157.8,21413.96,-9.55
Kenya,6/1/2010,2010,6,44852.21,19117.11,-14.37
Kenya,7/1/2010,2010,7,45279.36,16705.59,-18.74
Kenya,8/1/2010,2010,8,44575.05,15609.09,-25.2
Kenya,9/1/2010,2010,9,43619.58,15478.41,-24.6
Kenya,10/1/2010,2010,10,43746.52,15054.8,-22.37
Kenya,11/1/2010,2010,11,44554.71,15426.58,-20.82
Kenya,12/1/2010,2010,12,45312.61,15349.59,-22.12
Kenya,1/1/2010,2010,1,53440.18,25843.61,3.63
Kenya,2/1/2010,2010,2,51190.07,25218.25,-7.67
Kenya,3/1/2010,2010,3,50313.79,24525.23,-15.73
Kenya,4/1/2010,2010,4,50311.02,24500.77,-15.4
Kenya,5/1/2010,2010,5,49894.74,22839.82,-17.54
Kenya,6/1/2010,2010,6,44178.98,19862.09,-25.98
Kenya,7/1/2010,2010,7,44398.23,16635.73,-31.89
Kenya,8/1/2010,2010,8,43021.52,15487.39,-36.48
Kenya,9/1/2010,2010,9,42713.97,15321.52,-34.98
Kenya,10/1/2010,2010,10,41972.66,15194.07,-33.2
Kenya,11/1/2010,2010,11,44217.7,16466.17,-27.6
Kenya,12/1/2010,2010,12,44814.24,16392.05,-25.99
Kenya,1/1/2010,2010,1,55482.44,22793.46,3.24
Kenya,2/1/2010,2010,2,53254.85,21995.84,-5.14
Kenya,3/1/2010,2010,3,52527.11,24865.85,-10.93
Kenya,4/1/2010,2010,4,53169.9,23828.97,-13.46
Kenya,5/1/2010,2010,5,52893.99,24561.68,-13.62
Kenya,6/1/2010,2010,6,51107.14,21688.04,-14.29
Kenya,7/1/2010,2010,7,48477.03,19841.24,-24.59
Kenya,8/1/2010,2010,8,47694.11,19702.63,-26.97
Kenya,9/1/2010,2010,9,47382.06,19431.22,-20.95
Kenya,10/1/2010,2010,10,46972.27,19754.69,-20.74
Kenya,11/1/2010,2010,11,48739.62,19041.02,-14.62
Kenya,12/1/2010,2010,12,48522.33,19021.88,-15.13
Kenya,1/1/2010,2010,1,54782.88,23585.55,0.23
Kenya,2/1/2010,2010,2,52557.66,22466.83,-5.62
Kenya,3/1/2010,2010,3,48938.92,23766.38,-7.25
Kenya,4/1/2010,2010,4,47927.62,23837.23,-10.32
Kenya,5/1/2010,2010,5,48331.24,22382.99,-12.48
Kenya,6/1/2010,2010,6,46167.7,19867.98,-19.1
Kenya,7/1/2010,2010,7,44286.87,17408.94,-23.68
Kenya,8/1/2010,2010,8,43460.09,16199.56,-29.03
Kenya,9/1/2010,2010,9,43967.27,16212.08,-25.63
Kenya,10/1/2010,2010,10,42426.85,15580.72,-26.74
Kenya,11/1/2010,2010,11,43965.91,16313.88,-23.7
Kenya,12/1/2010,2010,12,43990.33,16758.64,-21.24
Kenya,1/1/2010,2010,1,53818.01,26580.86,9.41
Kenya,2/1/2010,2010,2,50947.51,26233.62,-5.6
Kenya,3/1/2010,2010,3,49444.87,25134.12,-13.84
Kenya,4/1/2010,2010,4,48832,25769.01,-11.93
Kenya,5/1/2010,2010,5,48440.48,23902.47,-16.7
Kenya,6/1/2010,2010,6,45345.85,20345.71,-21.74
Kenya,7/1/2010,2010,7,44021.95,16366.29,-31.72
Kenya,8/1/2010,2010,8,43159.65,15506.5,-36.78
Kenya,9/1/2010,2010,9,43125.93,15470.03,-33.16
Kenya,10/1/2010,2010,10,43078.23,15677.35,-32.88
Kenya,11/1/2010,2010,11,44265.63,16272.5,-28.3
Kenya,12/1/2010,2010,12,45058.59,16479.82,-25.96
Kenya,1/1/2010,2010,1,52405.44,20621.14,2.06
Kenya,2/1/2010,2010,2,51103.02,20102.22,-3.69
Kenya,3/1/2010,2010,3,48787.04,20344.71,-8.43
Kenya,4/1/2010,2010,4,49018.03,19849.69,-11.34
Kenya,5/1/2010,2010,5,48160.15,20347.36,-11.27
Kenya,6/1/2010,2010,6,45627.35,17544.76,-18.15
Kenya,7/1/2010,2010,7,45444.6,17504.56,-19.32
Kenya,8/1/2010,2010,8,43063.31,16214.97,-24.55
Kenya,9/1/2010,2010,9,43544.06,16713.3,-16.29
Kenya,10/1/2010,2010,10,43830.06,16166.78,-18.3
Kenya,11/1/2010,2010,11,44015.07,16305.42,-16
Kenya,12/1/2010,2010,12,44258.58,16407.57,-16.9
Kenya,1/1/2010,2010,1,54477.53,23458.2,6.69
Kenya,2/1/2010,2010,2,50180.57,22639.97,-5.57
Kenya,3/1/2010,2010,3,46700.42,23464.92,-10.85
Kenya,4/1/2010,2010,4,45946.87,23098.87,-10.03
Kenya,5/1/2010,2010,5,46394.54,21704.29,-15.35
Kenya,6/1/2010,2010,6,42920.18,18796.64,-19.29
Kenya,7/1/2010,2010,7,42590.06,15952.83,-26.09
Kenya,8/1/2010,2010,8,40531.58,13704.95,-33.3
Kenya,9/1/2010,2010,9,41912.5,15878.58,-26.85
Kenya,10/1/2010,2010,10,40947.63,14610.73,-30.87
Kenya,11/1/2010,2010,11,42907.16,15112.96,-26.64
Kenya,12/1/2010,2010,12,42454.54,15647,-27.61
Kenya,1/1/2010,2010,1,51781.33,21068.33,4.12
Kenya,2/1/2010,2010,2,50029.76,19980.04,-1.48
Kenya,3/1/2010,2010,3,47833.54,19417.63,-10.68
Kenya,4/1/2010,2010,4,47381.53,19491.18,-12.84
Kenya,5/1/2010,2010,5,47391.86,19836.37,-13.1
Kenya,6/1/2010,2010,6,44708.13,16704.07,-21.71
Kenya,7/1/2010,2010,7,44489.39,16582.91,-18.64
Kenya,8/1/2010,2010,8,43185.87,16193.12,-23.29
Kenya,9/1/2010,2010,9,43669.86,16237.95,-16.93
Kenya,10/1/2010,2010,10,43188.46,15552.87,-18.02
Kenya,11/1/2010,2010,11,43092.37,16264.74,-17.56
Kenya,12/1/2010,2010,12,44049.76,16173.55,-15.4
Kenya,1/1/2010,2010,1,59201.22,23997.77,1.04
Kenya,2/1/2010,2010,2,56934.07,23539.49,-8.76
Kenya,3/1/2010,2010,3,55600.04,22517.85,-11.77
Kenya,4/1/2010,2010,4,54591.48,22134.22,-14.5
Kenya,5/1/2010,2010,5,54455.29,22494.21,-14.15
Kenya,6/1/2010,2010,6,51181.18,19262.43,-22.57
Kenya,7/1/2010,2010,7,50578.17,18736.79,-23.07
Kenya,8/1/2010,2010,8,49358.91,17273.83,-27.97
Kenya,9/1/2010,2010,9,48953.74,17758.65,-21.43
Kenya,10/1/2010,2010,10,49204.81,17614.38,-21.16
Kenya,11/1/2010,2010,11,50070.42,16803.72,-22.37
Kenya,12/1/2010,2010,12,50219.84,17173.2,-20.65
Kenya,1/1/2010,2010,1,56644.56,24604.91,7.23
Kenya,2/1/2010,2010,2,54632.82,23660.55,-5.82
Kenya,3/1/2010,2010,3,53178.74,23257.93,-14.23
Kenya,4/1/2010,2010,4,53533.81,23919.21,-13.29
Kenya,5/1/2010,2010,5,53184.9,21469.51,-16.27
Kenya,6/1/2010,2010,6,52042.6,19701.01,-17.34
Kenya,7/1/2010,2010,7,50590.88,17626.61,-23.85
Kenya,8/1/2010,2010,8,48341.62,17147.88,-28.43
Kenya,9/1/2010,2010,9,46412.53,16833.84,-29.06
Kenya,10/1/2010,2010,10,47999.03,16674.02,-25.41
Kenya,11/1/2010,2010,11,50179.52,16783.44,-19.82
Kenya,12/1/2010,2010,12,51557.08,17859.52,-15.06
Kenya,1/1/2010,2010,1,64233.78,31962.7,3.19
Kenya,2/1/2010,2010,2,62093.06,28972.77,-8.65
Kenya,3/1/2010,2010,3,61346.72,28912.57,-14.98
Kenya,4/1/2010,2010,4,61326.67,31425.1,-10.05
Kenya,5/1/2010,2010,5,62008.26,28779.63,-9.86
Kenya,6/1/2010,2010,6,60063.96,27724.73,-11.33
Kenya,7/1/2010,2010,7,57190.09,28590.81,-11.35
Kenya,8/1/2010,2010,8,55383.69,26863.83,-20.78
Kenya,9/1/2010,2010,9,54939.61,26451.47,-15.46
Kenya,10/1/2010,2010,10,56148.37,26699.45,-11.63
Kenya,11/1/2010,2010,11,57125.19,27319.67,-7.98
Kenya,12/1/2010,2010,12,57221.39,27365.78,-12.95
Kenya,1/1/2010,2010,1,58052.28,27915.62,-2.25
Kenya,2/1/2010,2010,2,55600.51,26089.12,-10.24
Kenya,3/1/2010,2010,3,54876.84,26572.88,-14.28
Kenya,4/1/2010,2010,4,55972.44,27643.91,-9.9
Kenya,5/1/2010,2010,5,55451.21,26745.25,-11.93
Kenya,6/1/2010,2010,6,55514.24,26707.49,-10.26
Kenya,7/1/2010,2010,7,54399.96,24382.34,-16.25
Kenya,8/1/2010,2010,8,52500.96,22783.24,-20.95
Kenya,9/1/2010,2010,9,52484.87,24369.93,-16.07
Kenya,10/1/2010,2010,10,52576.13,23784.95,-13.6
Kenya,11/1/2010,2010,11,53386.91,23242.01,-11.74
Kenya,12/1/2010,2010,12,53607.34,23270.15,-13.27
Kenya,1/1/2010,2010,1,61622.55,30027.43,-4.34
Kenya,2/1/2010,2010,2,60067.23,29952.23,-7.12
Kenya,3/1/2010,2010,3,56891.82,26904.2,-16.07
Kenya,4/1/2010,2010,4,58996.99,28986.3,-14.57
Kenya,5/1/2010,2010,5,58707.72,29294.68,-11.47
Kenya,6/1/2010,2010,6,57168.08,28811.19,-9.07
Kenya,7/1/2010,2010,7,54896.5,26940.23,-17.28
Kenya,8/1/2010,2010,8,53473.93,24327.1,-22.84
Kenya,9/1/2010,2010,9,53585.64,23665.54,-21.61
Kenya,10/1/2010,2010,10,52754.25,24411.63,-14.59
Kenya,11/1/2010,2010,11,53630.76,24452.63,-16.5
Kenya,12/1/2010,2010,12,53636.58,25443.9,-14.26
Kenya,1/1/2010,2010,1,50207.96,21442.24,1.14
Kenya,2/1/2010,2010,2,49016.19,20594.7,-4.3
Kenya,3/1/2010,2010,3,47400.72,20373.02,-9.25
Kenya,4/1/2010,2010,4,46427.59,20280.25,-10.9
Kenya,5/1/2010,2010,5,46625.28,19689.92,-12.93
Kenya,6/1/2010,2010,6,43548.78,18182.63,-18.34
Kenya,7/1/2010,2010,7,44498.16,16732.4,-20.21
Kenya,8/1/2010,2010,8,41891.41,15957.09,-25.58
Kenya,9/1/2010,2010,9,41912.91,16138.59,-18.78
Kenya,10/1/2010,2010,10,42160.81,15989.45,-20.06
Kenya,11/1/2010,2010,11,42071.07,16059.6,-17.83
Kenya,12/1/2010,2010,12,42655.44,15810.23,-17.08
Kenya,1/1/2010,2010,1,54003.4,28960.59,7.53
Kenya,2/1/2010,2010,2,51792.82,24640.68,-12.88
Kenya,3/1/2010,2010,3,50820.37,24239.88,-16.24
Kenya,4/1/2010,2010,4,49996.8,25938.04,-15.25
Kenya,5/1/2010,2010,5,50247.46,23479.29,-22.32
Kenya,6/1/2010,2010,6,47340.23,20873.79,-23.54
Kenya,7/1/2010,2010,7,46827.13,18377.31,-26.11
Kenya,8/1/2010,2010,8,44829.7,15913.25,-32.36
Kenya,9/1/2010,2010,9,45780.48,17124.35,-29.8
Kenya,10/1/2010,2010,10,45082.84,16586.6,-27.38
Kenya,11/1/2010,2010,11,45421.93,17204.96,-27.96
Kenya,12/1/2010,2010,12,45433.86,16912.57,-30.54
Kenya,1/1/2010,2010,1,57958.89,25766.11,3.5
Kenya,2/1/2010,2010,2,55792.72,24355.8,-6.48
Kenya,3/1/2010,2010,3,55677.99,24612.38,-11.93
Kenya,4/1/2010,2010,4,55404.64,24365.98,-10.8
Kenya,5/1/2010,2010,5,53790.91,22695.26,-15.66
Kenya,6/1/2010,2010,6,53450.03,21514.37,-16.69
Kenya,7/1/2010,2010,7,52383.6,21299.48,-18.33
Kenya,8/1/2010,2010,8,50734.08,19685.07,-24.49
Kenya,9/1/2010,2010,9,47553.97,17061.19,-27.73
Kenya,10/1/2010,2010,10,47456.48,17063.54,-27.84
Kenya,11/1/2010,2010,11,51622.26,19509.77,-18.27
Kenya,12/1/2010,2010,12,52664.8,20578.97,-11.25
Kenya,1/1/2010,2010,1,52152.02,21118.52,1.68
Kenya,2/1/2010,2010,2,51008.69,20815.96,-4.07
Kenya,3/1/2010,2010,3,48891.78,20418.02,-12.69
Kenya,4/1/2010,2010,4,48224.72,20459.23,-14.64
Kenya,5/1/2010,2010,5,47900.33,21104.55,-16.29
Kenya,6/1/2010,2010,6,45451.72,18066.61,-20.05
Kenya,7/1/2010,2010,7,43237.67,18167.11,-19.85
Kenya,8/1/2010,2010,8,42485.14,17291.63,-26.27
Kenya,9/1/2010,2010,9,41701.23,16471.44,-20.99
Kenya,10/1/2010,2010,10,41289.88,16435.81,-21.33
Kenya,11/1/2010,2010,11,43671.02,17615.03,-17.21
Kenya,12/1/2010,2010,12,42992.09,17452.51,-18.3
Kenya,1/1/2010,2010,1,51102.83,20876.25,-0.13
Kenya,2/1/2010,2010,2,50541.53,21247.3,-3.32
Kenya,3/1/2010,2010,3,48636.78,20630.96,-14.21
Kenya,4/1/2010,2010,4,47801.39,20786.28,-14.16
Kenya,5/1/2010,2010,5,47469.78,21241.2,-14.84
Kenya,6/1/2010,2010,6,45073.01,17766.12,-21.62
Kenya,7/1/2010,2010,7,42838.52,18200.98,-20.34
Kenya,8/1/2010,2010,8,41547.37,17267.05,-25.83
Kenya,9/1/2010,2010,9,42217.25,17107.77,-18.29
Kenya,10/1/2010,2010,10,41377.52,16589.54,-19.93
Kenya,11/1/2010,2010,11,42850.9,17317.32,-16.27
Kenya,12/1/2010,2010,12,43050.54,17391.15,-15.48
Kenya,1/1/2010,2010,1,53643.45,21748.21,-0.73
Kenya,2/1/2010,2010,2,51886.42,21233.29,-7.51
Kenya,3/1/2010,2010,3,50880.98,20451.19,-12.8
Kenya,4/1/2010,2010,4,50827.16,19602.76,-11.96
Kenya,5/1/2010,2010,5,50528.43,20290.48,-10.17
Kenya,6/1/2010,2010,6,48076.8,18289.89,-16.51
Kenya,7/1/2010,2010,7,46787.8,18993.13,-16.69
Kenya,8/1/2010,2010,8,43035.36,17596.73,-22.18
Kenya,9/1/2010,2010,9,45651.64,16072.17,-20.92
Kenya,10/1/2010,2010,10,42881.16,15732.13,-24.14
Kenya,11/1/2010,2010,11,46290.25,17342.93,-16.07
Kenya,12/1/2010,2010,12,46856.13,16421.68,-19.91
Kenya,1/1/2010,2010,1,53544.8,23235.69,6.01
Kenya,2/1/2010,2010,2,51158.07,21974.91,-5.08
Kenya,3/1/2010,2010,3,48942.86,22332.89,-7.64
Kenya,4/1/2010,2010,4,48565.58,22715.35,-11.28
Kenya,5/1/2010,2010,5,48262.82,22723.32,-11.01
Kenya,6/1/2010,2010,6,44942.4,18487.4,-20.07
Kenya,7/1/2010,2010,7,44686.39,18225.26,-19.63
Kenya,8/1/2010,2010,8,42332.65,16938.5,-26.09
Kenya,9/1/2010,2010,9,43750.73,17488.24,-21.16
Kenya,10/1/2010,2010,10,44233.73,16904.61,-19.44
Kenya,11/1/2010,2010,11,43314.42,17799.26,-20.31
Kenya,12/1/2010,2010,12,44048.41,17919.51,-19.1
Kenya,1/1/2010,2010,1,52466.37,21353.31,2.24
Kenya,2/1/2010,2010,2,51200.06,20590.76,-3.38
Kenya,3/1/2010,2010,3,49370.27,20725.81,-7.1
Kenya,4/1/2010,2010,4,47851.35,20989,-11.09
Kenya,5/1/2010,2010,5,48009.07,20195.24,-14.47
Kenya,6/1/2010,2010,6,45961.99,18790.6,-18.81
Kenya,7/1/2010,2010,7,44025.81,17412.22,-21.01
Kenya,8/1/2010,2010,8,42765.39,16753.26,-23.71
Kenya,9/1/2010,2010,9,43474.06,16657.73,-18.61
Kenya,10/1/2010,2010,10,44112.11,16741.51,-16.14
Kenya,11/1/2010,2010,11,43148.07,16576.04,-17.95
Kenya,12/1/2010,2010,12,43407.09,16871.54,-17.28
Kenya,1/1/2010,2010,1,75709,24178,20.22
Kenya,2/1/2010,2010,2,75003,22038,2.64
Kenya,3/1/2010,2010,3,75408.74,21448,-4.07
Kenya,4/1/2010,2010,4,73751,24017,-4.82
Kenya,5/1/2010,2010,5,69420,21481,-11.35
Kenya,6/1/2010,2010,6,65214.13,19671.38,-10.78
Kenya,7/1/2010,2010,7,60543.04,17026.27,-25.12
Kenya,8/1/2010,2010,8,58080.72,14242.59,-35.14
Kenya,9/1/2010,2010,9,57844,12123.51,-38.08
Kenya,10/1/2010,2010,10,56564,12995,-35.57
Kenya,11/1/2010,2010,11,57011,13805.63,-32.71
Kenya,12/1/2010,2010,12,56655,16114.53,-29.17
Kenya,1/1/2010,2010,1,54593.51,22018.1,1.63
Kenya,2/1/2010,2010,2,52976.69,21117.08,-6.37
Kenya,3/1/2010,2010,3,51688.35,20828.47,-11.58
Kenya,4/1/2010,2010,4,50737.55,19626.03,-15.62
Kenya,5/1/2010,2010,5,50167.38,19769.62,-17.03
Kenya,6/1/2010,2010,6,46733.66,16883.54,-22.59
Kenya,7/1/2010,2010,7,45956.78,17452.35,-20.41
Kenya,8/1/2010,2010,8,44125.79,17385.04,-24.78
Kenya,9/1/2010,2010,9,44730.47,17285.02,-17.99
Kenya,10/1/2010,2010,10,44295.84,17031.32,-18.47
Kenya,11/1/2010,2010,11,45793.02,16595.34,-16.68
Kenya,12/1/2010,2010,12,46349.69,16620.09,-16.88
Kenya,1/1/2010,2010,1,52456.24,20220.66,1.03
Kenya,2/1/2010,2010,2,51474.67,19743.98,-3.19
Kenya,3/1/2010,2010,3,50829.36,19064.18,-8
Kenya,4/1/2010,2010,4,49656.91,19058.33,-11.19
Kenya,5/1/2010,2010,5,49014.61,19066.05,-12.81
Kenya,6/1/2010,2010,6,46490.94,17165.26,-15.75
Kenya,7/1/2010,2010,7,45932.19,15366.57,-18.94
Kenya,8/1/2010,2010,8,44364.87,14998.87,-22.93
Kenya,9/1/2010,2010,9,44907.47,15044.28,-18.87
Kenya,10/1/2010,2010,10,43896.72,15307.23,-18.87
Kenya,11/1/2010,2010,11,44998.23,14789.61,-18.8
Kenya,12/1/2010,2010,12,45257.95,14904.12,-18.46
Kenya,1/1/2010,2010,1,58680.9,29309.56,4.46
Kenya,2/1/2010,2010,2,55985.94,26419.27,-4.74
Kenya,3/1/2010,2010,3,54772.61,25896.26,-13.01
Kenya,4/1/2010,2010,4,54466.91,25447.84,-14.95
Kenya,5/1/2010,2010,5,55043.32,24358.3,-18.04
Kenya,6/1/2010,2010,6,53792.54,22125.78,-19.78
Kenya,7/1/2010,2010,7,51962.07,22529.38,-18.34
Kenya,8/1/2010,2010,8,50568.73,20682.85,-23.99
Kenya,9/1/2010,2010,9,50321.06,18964.38,-24.98
Kenya,10/1/2010,2010,10,49271.67,17810.02,-25.41
Kenya,11/1/2010,2010,11,49875.81,18677.39,-25.44
Kenya,12/1/2010,2010,12,50046.86,18297.44,-25.42
Kenya,1/1/2010,2010,1,50018.43,18388.42,0.8
Kenya,2/1/2010,2010,2,49568.77,18315.38,-0.95
Kenya,3/1/2010,2010,3,48700.03,18560.64,-2.44
Kenya,4/1/2010,2010,4,46720.4,18187.15,-8.01
Kenya,5/1/2010,2010,5,46957.99,17953.45,-7.12
Kenya,6/1/2010,2010,6,44283.26,15446.45,-14.85
Kenya,7/1/2010,2010,7,44979.59,14593.39,-16.21
Kenya,8/1/2010,2010,8,44061.95,14325.2,-17.91
Kenya,9/1/2010,2010,9,43867.67,14820.5,-14.98
Kenya,10/1/2010,2010,10,43634.56,14359.24,-16.14
Kenya,11/1/2010,2010,11,44569.06,14488.4,-14.7
Kenya,12/1/2010,2010,12,44673.26,14704.31,-15.42
Kenya,1/1/2010,2010,1,57076.63,24771.12,5.8
Kenya,2/1/2010,2010,2,53804.96,23372.2,-10.64
Kenya,3/1/2010,2010,3,53481.84,23830.26,-15.33
Kenya,4/1/2010,2010,4,53135.59,22918.75,-14.69
Kenya,5/1/2010,2010,5,53022.61,23436.53,-14.92
Kenya,6/1/2010,2010,6,51479.56,19982.85,-21.6
Kenya,7/1/2010,2010,7,50079.2,19268.97,-25.23
Kenya,8/1/2010,2010,8,47596.25,18550.24,-28.94
Kenya,9/1/2010,2010,9,47188.55,18122.21,-27.86
Kenya,10/1/2010,2010,10,47661.18,19067.83,-23.58
Kenya,11/1/2010,2010,11,50125.25,18955.55,-18.47
Kenya,12/1/2010,2010,12,50161.93,19213,-17.27
Kenya,1/1/2010,2010,1,60506.86,20143.89,1.84
Kenya,2/1/2010,2010,2,57450.95,19150.6,-11.79
Kenya,3/1/2010,2010,3,55047.75,19725.16,-12.89
Kenya,4/1/2010,2010,4,55709.48,19813.05,-16
Kenya,5/1/2010,2010,5,54448.98,18346.37,-18.05
Kenya,6/1/2010,2010,6,51757.83,16874.94,-22.59
Kenya,7/1/2010,2010,7,49838.1,17797.2,-20
Kenya,8/1/2010,2010,8,47661.95,15810.52,-30.68
Kenya,9/1/2010,2010,9,47991.64,15636.14,-23.78
Kenya,10/1/2010,2010,10,47449.29,15839.88,-21.88
Kenya,11/1/2010,2010,11,50431,16443.4,-20.7
Kenya,12/1/2010,2010,12,50428.64,17095.3,-16.06
Kenya,1/1/2010,2010,1,56203.83,21539.12,0.54
Kenya,2/1/2010,2010,2,53527.19,20978.52,-5.19
Kenya,3/1/2010,2010,3,49999.29,22018.75,-10.73
Kenya,4/1/2010,2010,4,49421.95,22272.02,-15.06
Kenya,5/1/2010,2010,5,48486.88,20837.99,-17.98
Kenya,6/1/2010,2010,6,45899.99,16813.26,-27.36
Kenya,7/1/2010,2010,7,46431.35,16669.84,-21.45
Kenya,8/1/2010,2010,8,45343.58,15442.59,-31.42
Kenya,9/1/2010,2010,9,45406.69,15903.94,-21.36
Kenya,10/1/2010,2010,10,44953.7,15741.3,-21.66
Kenya,11/1/2010,2010,11,45801.97,16014.32,-21.88
Kenya,12/1/2010,2010,12,46114.07,16642.06,-17.61
Kenya,1/1/2010,2010,1,56684.05,22797.49,4.41
Kenya,2/1/2010,2010,2,54293.1,20124.75,-4.84
Kenya,3/1/2010,2010,3,51877.15,19619.72,-17.94
Kenya,4/1/2010,2010,4,51002.52,19075.01,-22.77
Kenya,5/1/2010,2010,5,50965.32,19289.3,-22.89
Kenya,6/1/2010,2010,6,49553.49,17245.03,-22.59
Kenya,7/1/2010,2010,7,49213.31,18030.99,-22.71
Kenya,8/1/2010,2010,8,46012.9,16579.31,-27.72
Kenya,9/1/2010,2010,9,48185.08,18192.45,-20.11
Kenya,10/1/2010,2010,10,46749.18,17600.62,-20.43
Kenya,11/1/2010,2010,11,46370.14,17141.81,-21.7
Kenya,12/1/2010,2010,12,46837.92,17345.26,-22.84
Kenya,1/1/2010,2010,1,52650.66,21467.9,3.37
Kenya,2/1/2010,2010,2,51305.41,20613.74,-3.35
Kenya,3/1/2010,2010,3,49695.28,21647.55,-5.77
Kenya,4/1/2010,2010,4,49561.91,21338.82,-10.63
Kenya,5/1/2010,2010,5,48840.21,21834.4,-11.58
Kenya,6/1/2010,2010,6,44833.03,18359.79,-20.82
Kenya,7/1/2010,2010,7,44967.88,18135,-18.26
Kenya,8/1/2010,2010,8,43193.08,16526.17,-25.34
Kenya,9/1/2010,2010,9,42804.1,16510.05,-19.34
Kenya,10/1/2010,2010,10,43287.59,15800.81,-20.89
Kenya,11/1/2010,2010,11,43254.31,17038.3,-17.61
Kenya,12/1/2010,2010,12,44161.54,16928.82,-15.86
Kenya,1/1/2010,2010,1,54467.24,23989.73,5.97
Kenya,2/1/2010,2010,2,50059.23,25253.82,-1.2
Kenya,3/1/2010,2010,3,49443.25,24347.27,-9.66
Kenya,4/1/2010,2010,4,49500.05,24655.72,-10.14
Kenya,5/1/2010,2010,5,49511.99,23035.63,-8.27
Kenya,6/1/2010,2010,6,44105.07,19909.17,-19.44
Kenya,7/1/2010,2010,7,42542.2,16788.07,-28.55
Kenya,8/1/2010,2010,8,41935.08,15127.3,-35.16
Kenya,9/1/2010,2010,9,42397.93,15254.55,-31.62
Kenya,10/1/2010,2010,10,41786.09,15138.92,-31.13
Kenya,11/1/2010,2010,11,43644.5,16212.2,-26.25
Kenya,12/1/2010,2010,12,44069.47,16534.45,-25.85
Kenya,1/1/2010,2010,1,53122.64,21592,0.43
Kenya,2/1/2010,2010,2,51618.14,21918.96,-3.26
Kenya,3/1/2010,2010,3,50941.84,22947.19,-6.29
Kenya,4/1/2010,2010,4,50111.04,23547.4,-8.67
Kenya,5/1/2010,2010,5,49261.36,22323.7,-10.28
Kenya,6/1/2010,2010,6,46215.88,19592.32,-16.97
Kenya,7/1/2010,2010,7,43420.1,17409.31,-22.37
Kenya,8/1/2010,2010,8,42087.66,15343.14,-29.95
Kenya,9/1/2010,2010,9,41514.44,15512.76,-25.64
Kenya,10/1/2010,2010,10,41696.73,15504.65,-24.68
Kenya,11/1/2010,2010,11,44245.39,16884.53,-19.58
Kenya,12/1/2010,2010,12,44073.25,17478.43,-17
Kenya,1/1/2010,2010,1,65722.62,30027.84,-3.51
Kenya,2/1/2010,2010,2,65291.73,31031.22,-3.11
Kenya,3/1/2010,2010,3,65731.43,27718.18,-8.13
Kenya,4/1/2010,2010,4,65403.44,31206.1,-3.71
Kenya,5/1/2010,2010,5,65108.48,30674.3,-2.03
Kenya,6/1/2010,2010,6,65620.26,26742.5,-7.22
Kenya,7/1/2010,2010,7,64708.71,30164.53,-3.36
Kenya,8/1/2010,2010,8,63045.99,27565.24,-4.7
Kenya,9/1/2010,2010,9,60594.39,26548.48,-10.29
Kenya,10/1/2010,2010,10,60431.69,28233.25,-5.04
Kenya,11/1/2010,2010,11,63304.93,29639.39,-3.95
Kenya,12/1/2010,2010,12,62516.8,30249.03,-2.02
Kenya,1/1/2010,2010,1,57156.07,23620.43,1.51
Kenya,2/1/2010,2010,2,53271.71,22666.45,-12.23
Kenya,3/1/2010,2010,3,52095.12,21916.49,-18.28
Kenya,4/1/2010,2010,4,51048.13,22159.13,-20.08
Kenya,5/1/2010,2010,5,50560.34,20440.6,-24.51
Kenya,6/1/2010,2010,6,50768.92,18004.86,-24.52
Kenya,7/1/2010,2010,7,50687.39,18290.11,-20.48
Kenya,8/1/2010,2010,8,48262.83,18213.59,-25.3
Kenya,9/1/2010,2010,9,48565.78,19065.44,-21.36
Kenya,10/1/2010,2010,10,48268.2,19169.88,-16.79
Kenya,11/1/2010,2010,11,49501.02,18688.3,-16.62
Kenya,12/1/2010,2010,12,49767.77,17443.28,-19.43
Kenya,1/1/2010,2010,1,53506.72,26732.85,5.14
Kenya,2/1/2010,2010,2,50290.86,27313.74,-2
Kenya,3/1/2010,2010,3,49460.91,26926.19,-12.58
Kenya,4/1/2010,2010,4,49832.24,27936.22,-8.54
Kenya,5/1/2010,2010,5,49042.26,25931.31,-12.41
Kenya,6/1/2010,2010,6,45568.96,21363.25,-21.3
Kenya,7/1/2010,2010,7,44870.92,16745.47,-30.22
Kenya,8/1/2010,2010,8,43452.41,15341.84,-36.89
Kenya,9/1/2010,2010,9,43319.8,15289.21,-33.49
Kenya,10/1/2010,2010,10,42894.05,14626.51,-33.51
Kenya,11/1/2010,2010,11,44256.22,15897.83,-29.52
Kenya,12/1/2010,2010,12,44407.3,15817.34,-29.73
Kenya,1/1/2010,2010,1,52928.06,25286.82,5.5
Kenya,2/1/2010,2010,2,50521.13,27717.92,1.32
Kenya,3/1/2010,2010,3,48104.65,27873.97,-3.27
Kenya,4/1/2010,2010,4,47567.29,27853.14,-3.87
Kenya,5/1/2010,2010,5,47389.88,26243.01,-10.05
Kenya,6/1/2010,2010,6,44533.52,23518.2,-13.94
Kenya,7/1/2010,2010,7,45083.47,20691.72,-18.02
Kenya,8/1/2010,2010,8,43580.86,19674.96,-20.16
Kenya,9/1/2010,2010,9,41651.78,17980.56,-25.98
Kenya,10/1/2010,2010,10,42528.46,19715.38,-19.48
Kenya,11/1/2010,2010,11,43945.42,20118.04,-17.49
Kenya,12/1/2010,2010,12,44599.49,20164.58,-18.19
Kenya,1/1/2010,2010,1,50233.93,18358.94,0.35
Kenya,2/1/2010,2010,2,50031.71,18695.75,-0.13
Kenya,3/1/2010,2010,3,48180.9,18048.88,-3.02
Kenya,4/1/2010,2010,4,46992.01,18081.97,-5.56
Kenya,5/1/2010,2010,5,47399.08,17545.69,-8.21
Kenya,6/1/2010,2010,6,44454.46,16299.36,-12.18
Kenya,7/1/2010,2010,7,44990.46,15074.83,-14.86
Kenya,8/1/2010,2010,8,44037.02,14381.53,-18.54
Kenya,9/1/2010,2010,9,44111.73,14457.62,-16.02
Kenya,10/1/2010,2010,10,43803.09,14628.23,-15.2
Kenya,11/1/2010,2010,11,43969.96,14995.01,-14.23
Kenya,12/1/2010,2010,12,44867.93,14478.12,-15.77
Kenya,1/1/2010,2010,1,60942.77,29996.37,-1.19
Kenya,2/1/2010,2010,2,59204.99,28738.88,-9.99
Kenya,3/1/2010,2010,3,58260.87,27505.46,-15.03
Kenya,4/1/2010,2010,4,59203.78,29662.27,-8.51
Kenya,5/1/2010,2010,5,57693.1,27848.08,-13.12
Kenya,6/1/2010,2010,6,55714.01,27188,-13.86
Kenya,7/1/2010,2010,7,54961.62,26942.45,-18.02
Kenya,8/1/2010,2010,8,53754.18,23883.18,-24.27
Kenya,9/1/2010,2010,9,53289.56,24475.4,-18.57
Kenya,10/1/2010,2010,10,53166.07,24726.76,-15.56
Kenya,11/1/2010,2010,11,53290.35,25149.14,-14.54
Kenya,12/1/2010,2010,12,53929.41,25242.92,-14.52
Kenya,1/1/2010,2010,1,62279,30087.73,1.59
Kenya,2/1/2010,2010,2,57905.39,26348,-12.89
Kenya,3/1/2010,2010,3,56788.44,26460.04,-12.71
Kenya,4/1/2010,2010,4,56781.43,26783.21,-13.46
Kenya,5/1/2010,2010,5,57019.7,26822,-12.94
Kenya,6/1/2010,2010,6,55750.97,22689.14,-20.91
Kenya,7/1/2010,2010,7,55704.13,25192.65,-15.51
Kenya,8/1/2010,2010,8,54435.12,22852.03,-19.06
Kenya,9/1/2010,2010,9,55071.84,23047.37,-18.21
Kenya,10/1/2010,2010,10,54712.6,21574.09,-18.15
Kenya,11/1/2010,2010,11,55140.93,21654.73,-16.42
Kenya,12/1/2010,2010,12,55326.08,22318.31,-16.28
Kenya,1/1/2010,2010,1,53858.49,27140.87,8.24
Kenya,2/1/2010,2010,2,49964.6,25324.49,-9.12
Kenya,3/1/2010,2010,3,49629.86,25265.18,-12.85
Kenya,4/1/2010,2010,4,49651.4,26190.17,-11.74
Kenya,5/1/2010,2010,5,49689.77,23540.21,-14.31
Kenya,6/1/2010,2010,6,44206.84,20387.29,-24.38
Kenya,7/1/2010,2010,7,44417.43,16822.91,-32.36
Kenya,8/1/2010,2010,8,43697.41,15479.49,-37.6
Kenya,9/1/2010,2010,9,43038.08,15422.21,-33.11
Kenya,10/1/2010,2010,10,42907.73,15335.74,-31.76
Kenya,11/1/2010,2010,11,44347.58,16363.77,-27.56
Kenya,12/1/2010,2010,12,44687.23,16566.55,-26.9
Kenya,1/1/2010,2010,1,58574.38,27520.9,6.38
Kenya,2/1/2010,2010,2,56035.03,25964.37,-7.42
Kenya,3/1/2010,2010,3,55381.87,26077.73,-11.1
Kenya,4/1/2010,2010,4,55047.1,25255.94,-11.83
Kenya,5/1/2010,2010,5,55456.93,25784.64,-8.86
Kenya,6/1/2010,2010,6,53823.82,23848.75,-12.86
Kenya,7/1/2010,2010,7,52062.58,22211.41,-16.94
Kenya,8/1/2010,2010,8,51167.6,21063.98,-22.43
Kenya,9/1/2010,2010,9,49077.89,18267.48,-26.11
Kenya,10/1/2010,2010,10,48077.61,17897.97,-26.68
Kenya,11/1/2010,2010,11,51880.36,21097.88,-15.95
Kenya,12/1/2010,2010,12,52427.71,22080.43,-12.44
Kenya,1/1/2010,2010,1,49416.92,20412.14,0.94
Kenya,2/1/2010,2010,2,47797.69,20868.8,-4.32
Kenya,3/1/2010,2010,3,46783.83,21041.54,-9.35
Kenya,4/1/2010,2010,4,46772.92,21469.98,-6.85
Kenya,5/1/2010,2010,5,46187.07,20856.88,-8.32
Kenya,6/1/2010,2010,6,43580.79,17297.78,-17.4
Kenya,7/1/2010,2010,7,42902.08,17169,-19.65
Kenya,8/1/2010,2010,8,40929.42,15886.94,-26.95
Kenya,9/1/2010,2010,9,41391.68,16554.47,-18.96
Kenya,10/1/2010,2010,10,40530.86,16299.51,-19.99
Kenya,11/1/2010,2010,11,41404.34,16227.58,-17.72
Kenya,12/1/2010,2010,12,42777.74,16867.55,-14.55
Kenya,1/1/2010,2010,1,56664.38,23774.64,1.07
Kenya,2/1/2010,2010,2,54053.01,22233.26,-8.85
Kenya,3/1/2010,2010,3,52756.63,21735.74,-14.39
Kenya,4/1/2010,2010,4,52724.23,21621.76,-12.72
Kenya,5/1/2010,2010,5,52857.63,21692.13,-12.01
Kenya,6/1/2010,2010,6,49045.24,18988.42,-19.65
Kenya,7/1/2010,2010,7,47234.69,18027.22,-20.62
Kenya,8/1/2010,2010,8,46170.07,16772.09,-23.34
Kenya,9/1/2010,2010,9,45830.36,15866.95,-23.96
Kenya,10/1/2010,2010,10,45196.97,15481.9,-25.57
Kenya,11/1/2010,2010,11,47229.89,16914.3,-20.32
Kenya,12/1/2010,2010,12,47568.97,16974.28,-19.89
Kenya,1/1/2010,2010,1,50474.52,17740.2,1.57
Kenya,2/1/2010,2010,2,50303.54,17338.82,-1.49
Kenya,3/1/2010,2010,3,48776.34,17591.52,-4.93
Kenya,4/1/2010,2010,4,48554.87,17230.41,-7.53
Kenya,5/1/2010,2010,5,48991.57,17146.9,-6.97
Kenya,6/1/2010,2010,6,46255.87,15060.93,-13.43
Kenya,7/1/2010,2010,7,45235.55,15071.88,-14.25
Kenya,8/1/2010,2010,8,44824.59,14694.62,-15.35
Kenya,9/1/2010,2010,9,45067.04,14716.97,-12.26
Kenya,10/1/2010,2010,10,44384.88,14580.4,-13.7
Kenya,11/1/2010,2010,11,44843.93,14460.61,-12.43
Kenya,12/1/2010,2010,12,44854.63,14651.99,-13.02
Kenya,1/1/2010,2010,1,53943.78,23639.25,1.71
Kenya,2/1/2010,2010,2,52531.17,23535.75,-6.25
Kenya,3/1/2010,2010,3,48653.41,25097.67,-10.82
Kenya,4/1/2010,2010,4,49578.52,22945.98,-13.98
Kenya,5/1/2010,2010,5,49039.78,23397.67,-15.42
Kenya,6/1/2010,2010,6,44935.47,20059.25,-22.72
Kenya,7/1/2010,2010,7,45274.85,17475.43,-24.83
Kenya,8/1/2010,2010,8,43201.64,16027.12,-36.62
Kenya,9/1/2010,2010,9,42443.25,15331.67,-29.85
Kenya,10/1/2010,2010,10,41609.21,14505.78,-30.98
Kenya,11/1/2010,2010,11,44252.94,17421.03,-20.94
Kenya,12/1/2010,2010,12,45316.39,17379.74,-19.05
Kenya,1/1/2010,2010,1,54069.14,22220.07,1.54
Kenya,2/1/2010,2010,2,51746.75,20851.2,-9.8
Kenya,3/1/2010,2010,3,51005.85,19989.66,-13.8
Kenya,4/1/2010,2010,4,49830.73,19657.49,-13.89
Kenya,5/1/2010,2010,5,49485.23,19829.41,-13.96
Kenya,6/1/2010,2010,6,46902.78,17367.87,-19.73
Kenya,7/1/2010,2010,7,44546.44,17921.83,-20.09
Kenya,8/1/2010,2010,8,43773.11,15768.22,-23.26
Kenya,9/1/2010,2010,9,42955.96,15866.74,-22.86
Kenya,10/1/2010,2010,10,42553.13,15317.14,-24.97
Kenya,11/1/2010,2010,11,44053.68,15978.41,-22.85
Kenya,12/1/2010,2010,12,44624.48,17066.79,-19.82
Kenya,1/1/2010,2010,1,53301.62,22344.76,2.15
Kenya,2/1/2010,2010,2,51499.04,21275.56,-5.97
Kenya,3/1/2010,2010,3,50287.71,20252.69,-12.37
Kenya,4/1/2010,2010,4,48538.53,19904.32,-12.28
Kenya,5/1/2010,2010,5,48644.56,20384.98,-12.3
Kenya,6/1/2010,2010,6,44966.64,18022.3,-19.37
Kenya,7/1/2010,2010,7,44394.09,18561.29,-17.83
Kenya,8/1/2010,2010,8,42834.67,15705.92,-25.74
Kenya,9/1/2010,2010,9,42754.48,15822.78,-22.29
Kenya,10/1/2010,2010,10,42394.28,15382.47,-23.82
Kenya,11/1/2010,2010,11,43285.36,15831.74,-21.54
Kenya,12/1/2010,2010,12,44642.57,16983.17,-19
Kenya,1/1/2010,2010,1,50768.56,16802.97,1.24
Kenya,2/1/2010,2010,2,50431.63,16644.61,1.29
Kenya,3/1/2010,2010,3,50009.44,16291.33,-3.72
Kenya,4/1/2010,2010,4,49100.11,16234.4,-2.31
Kenya,5/1/2010,2010,5,48919.43,15936.38,-4.99
Kenya,6/1/2010,2010,6,46608.71,13918.53,-12.13
Kenya,7/1/2010,2010,7,46120.64,13834.19,-13.84
Kenya,8/1/2010,2010,8,45432.41,13450.89,-15.53
Kenya,9/1/2010,2010,9,45343.04,13309.6,-14.19
Kenya,10/1/2010,2010,10,45265.03,13834.36,-12.03
Kenya,11/1/2010,2010,11,45553.45,13863,-11.34
Kenya,12/1/2010,2010,12,46220.68,13677.65,-11.06
Kenya,1/1/2010,2010,1,50959.97,16659.66,0.72
Kenya,2/1/2010,2010,2,50618.65,16876.81,1.6
Kenya,3/1/2010,2010,3,49367.73,16567.21,-2.43
Kenya,4/1/2010,2010,4,47530.99,16146.4,-7.38
Kenya,5/1/2010,2010,5,48549.48,16359.46,-6.14
Kenya,6/1/2010,2010,6,46157.6,14027.34,-14
Kenya,7/1/2010,2010,7,46455.56,14643.51,-10.59
Kenya,8/1/2010,2010,8,45296.31,13898.78,-15.19
Kenya,9/1/2010,2010,9,44757.16,13897.62,-12.92
Kenya,10/1/2010,2010,10,44555.68,14046.05,-12.79
Kenya,11/1/2010,2010,11,45722.83,14135.99,-11.77
Kenya,12/1/2010,2010,12,45503.44,13588.4,-12.9
Kenya,1/1/2010,2010,1,60357.62,28601.42,3.62
Kenya,2/1/2010,2010,2,58456,25208.22,-9.59
Kenya,3/1/2010,2010,3,56656.27,25147.32,-14.29
Kenya,4/1/2010,2010,4,55849.41,24421.89,-16.18
Kenya,5/1/2010,2010,5,56003.36,24587.2,-16.39
Kenya,6/1/2010,2010,6,55273.19,21875.78,-19.63
Kenya,7/1/2010,2010,7,54841.37,21800.53,-18.64
Kenya,8/1/2010,2010,8,53529.81,20403.44,-23
Kenya,9/1/2010,2010,9,53482.83,21268.28,-21.28
Kenya,10/1/2010,2010,10,53600.99,21123.16,-18.02
Kenya,11/1/2010,2010,11,54668.96,21260.25,-16.37
Kenya,12/1/2010,2010,12,55034.09,21550.04,-17.55
Kenya,1/1/2010,2010,1,50507.03,18876.46,2.16
Kenya,2/1/2010,2010,2,49307.49,18491.14,-0.93
Kenya,3/1/2010,2010,3,48247.86,18430.5,-4.07
Kenya,4/1/2010,2010,4,46651.78,18145.21,-5.91
Kenya,5/1/2010,2010,5,46497.73,18278.88,-7.81
Kenya,6/1/2010,2010,6,43884.3,15180.95,-16.29
Kenya,7/1/2010,2010,7,45158.5,14737.68,-17.28
Kenya,8/1/2010,2010,8,44416.07,14409.17,-18.59
Kenya,9/1/2010,2010,9,44532.29,14485.53,-14.91
Kenya,10/1/2010,2010,10,43431.17,15257.62,-15.16
Kenya,11/1/2010,2010,11,43802.86,15060.42,-14.77
Kenya,12/1/2010,2010,12,44559.8,14983.34,-13.99
Kenya,1/1/2010,2010,1,50212.43,18269.4,1.15
Kenya,2/1/2010,2010,2,49770.85,18325.42,-0.28
Kenya,3/1/2010,2010,3,47497.58,18250.61,-3.99
Kenya,4/1/2010,2010,4,46259.37,18500.07,-5.94
Kenya,5/1/2010,2010,5,46371.12,17659.06,-8.35
Kenya,6/1/2010,2010,6,44909.92,15381.25,-15.54
Kenya,7/1/2010,2010,7,44924.22,14383.36,-15.73
Kenya,8/1/2010,2010,8,44300.39,14530.59,-17.87
Kenya,9/1/2010,2010,9,43902.04,14833.88,-15.23
Kenya,10/1/2010,2010,10,43793.16,14519.72,-15.28
Kenya,11/1/2010,2010,11,43970.43,15087.68,-13.92
Kenya,12/1/2010,2010,12,44752.13,14851.14,-14.2
Kenya,1/1/2010,2010,1,50240.69,19052.04,1.98
Kenya,2/1/2010,2010,2,49330.42,18957.83,-1.51
Kenya,3/1/2010,2010,3,47956,18218.21,-5.37
Kenya,4/1/2010,2010,4,46933.48,18443.08,-6.71
Kenya,5/1/2010,2010,5,46675.78,18364.01,-7.75
Kenya,6/1/2010,2010,6,43863.6,16480.43,-14.03
Kenya,7/1/2010,2010,7,44852.45,14576.55,-17.68
Kenya,8/1/2010,2010,8,44450.88,14465.6,-18.44
Kenya,9/1/2010,2010,9,44330.85,14553.65,-16.34
Kenya,10/1/2010,2010,10,43834.29,14751.99,-15.85
Kenya,11/1/2010,2010,11,44730.07,15013.08,-14.95
Kenya,12/1/2010,2010,12,44893.08,14643.28,-14.95
Kenya,1/1/2010,2010,1,50045.4,18494.78,2.18
Kenya,2/1/2010,2010,2,49174.02,18612.33,0.54
Kenya,3/1/2010,2010,3,47945.92,18567.53,-3.31
Kenya,4/1/2010,2010,4,46723.02,17983.58,-7.26
Kenya,5/1/2010,2010,5,46690.18,18177.14,-6.62
Kenya,6/1/2010,2010,6,44405.82,16386.71,-12.14
Kenya,7/1/2010,2010,7,44892.75,14504.47,-17.5
Kenya,8/1/2010,2010,8,44022.61,14614.42,-17.45
Kenya,9/1/2010,2010,9,44405.07,14405.57,-14.91
Kenya,10/1/2010,2010,10,43163.24,15197.87,-13.79
Kenya,11/1/2010,2010,11,45178.86,14462.86,-13.19
Kenya,12/1/2010,2010,12,45061.89,14565.93,-13.3
Kenya,1/1/2010,2010,1,55552.2,23576.09,-1.68
Kenya,2/1/2010,2010,2,54046.59,23221.52,-7.18
Kenya,3/1/2010,2010,3,52166.71,21323.77,-11.63
Kenya,4/1/2010,2010,4,52120.95,20957.47,-13.73
Kenya,5/1/2010,2010,5,51872.8,20943.65,-13.19
Kenya,6/1/2010,2010,6,48495.79,17156.13,-21.84
Kenya,7/1/2010,2010,7,47379.89,18675.67,-18.09
Kenya,8/1/2010,2010,8,45600.27,17022.14,-23.18
Kenya,9/1/2010,2010,9,46237.31,17623.14,-19.78
Kenya,10/1/2010,2010,10,45159.41,15769.1,-25.7
Kenya,11/1/2010,2010,11,46706.22,17621.93,-20.32
Kenya,12/1/2010,2010,12,47972.62,17608.25,-18.84
Kenya,1/1/2011,2011,1,45915.09,18063.91,-22.06
Kenya,2/1/2011,2011,2,46842.83,19878.93,-14.1
Kenya,3/1/2011,2011,3,52351.81,23469.92,-1.75
Kenya,4/1/2011,2011,4,61193.77,24810.44,7.13
Kenya,5/1/2011,2011,5,66202.85,28913.05,26.5
Kenya,6/1/2011,2011,6,67882.43,33987.11,50.54
Kenya,7/1/2011,2011,7,69393.92,35724.09,66.75
Kenya,8/1/2011,2011,8,65260.43,31746.42,58.01
Kenya,9/1/2011,2011,9,62174.57,28905.66,50.82
Kenya,10/1/2011,2011,10,61828.3,28929.82,49.32
Kenya,11/1/2011,2011,11,61177.23,29024.81,46.87
Kenya,12/1/2011,2011,12,64761.06,30221.64,53.2
Kenya,1/1/2011,2011,1,44314.57,18172.2,-15.74
Kenya,2/1/2011,2011,2,45242.26,19152.39,-10.65
Kenya,3/1/2011,2011,3,47519.16,21965.58,-3.54
Kenya,4/1/2011,2011,4,53633.42,26148.98,11.02
Kenya,5/1/2011,2011,5,59454.32,29798.65,27.05
Kenya,6/1/2011,2011,6,61721.94,33637.62,55.42
Kenya,7/1/2011,2011,7,64752.99,41103.63,84.43
Kenya,8/1/2011,2011,8,62194.8,33592.67,72.69
Kenya,9/1/2011,2011,9,58201.56,29291.9,53.98
Kenya,10/1/2011,2011,10,56953.55,29571.99,58.88
Kenya,11/1/2011,2011,11,59082.01,29169.24,52.31
Kenya,12/1/2011,2011,12,59318.37,30269.29,55.77
Kenya,1/1/2011,2011,1,45070.47,15629.24,-15
Kenya,2/1/2011,2011,2,45648.02,15909.45,-12.27
Kenya,3/1/2011,2011,3,49543.39,19853.79,4.28
Kenya,4/1/2011,2011,4,55817.24,22106.35,18.84
Kenya,5/1/2011,2011,5,59359.96,24421.66,26.52
Kenya,6/1/2011,2011,6,59742.25,28068.83,52.17
Kenya,7/1/2011,2011,7,62432.13,29865.14,62.13
Kenya,8/1/2011,2011,8,59878.85,27214.83,53.81
Kenya,9/1/2011,2011,9,57264.74,24762.82,45.03
Kenya,10/1/2011,2011,10,57274.56,23605.71,40.09
Kenya,11/1/2011,2011,11,56674.36,24174.89,41.6
Kenya,12/1/2011,2011,12,58199.15,24127.77,42.31
Kenya,1/1/2011,2011,1,42534.08,17258.64,-17.09
Kenya,2/1/2011,2011,2,44533.36,18741.92,-9.61
Kenya,3/1/2011,2011,3,46321.74,20301.23,-5.91
Kenya,4/1/2011,2011,4,49940.8,23111.8,5.32
Kenya,5/1/2011,2011,5,53543.96,29364.82,25.41
Kenya,6/1/2011,2011,6,58428.82,32388.82,50.11
Kenya,7/1/2011,2011,7,62092.54,41099.68,88.18
Kenya,8/1/2011,2011,8,58743.86,33536.15,78.47
Kenya,9/1/2011,2011,9,56616.09,30234.95,64.58
Kenya,10/1/2011,2011,10,55121.36,28633.23,57.82
Kenya,11/1/2011,2011,11,56221.45,28442.46,52.19
Kenya,12/1/2011,2011,12,56633.01,29448.36,58.48
Kenya,1/1/2011,2011,1,45862.57,18669.16,-15.62
Kenya,2/1/2011,2011,2,47540.27,19326.2,-9.38
Kenya,3/1/2011,2011,3,50594.61,22751.76,3.99
Kenya,4/1/2011,2011,4,55483.95,26488.91,18.53
Kenya,5/1/2011,2011,5,59258.29,31411.57,31.76
Kenya,6/1/2011,2011,6,61507.02,35916.18,63.59
Kenya,7/1/2011,2011,7,64573.49,38939.66,77.97
Kenya,8/1/2011,2011,8,61504.34,34052.98,66.38
Kenya,9/1/2011,2011,9,59213.1,30526.07,55.22
Kenya,10/1/2011,2011,10,59061.36,30737.08,56.69
Kenya,11/1/2011,2011,11,58276.69,28701.22,49.66
Kenya,12/1/2011,2011,12,60511.77,32123.59,57.88
Kenya,1/1/2011,2011,1,52740.94,20647.44,-16.3
Kenya,2/1/2011,2011,2,53520.03,23463.53,-8.83
Kenya,3/1/2011,2011,3,57685.72,27116.95,1.49
Kenya,4/1/2011,2011,4,63304.73,30252.53,13.17
Kenya,5/1/2011,2011,5,67039.27,32407.08,22.44
Kenya,6/1/2011,2011,6,68341.37,35641.49,40.73
Kenya,7/1/2011,2011,7,69654.2,39766.46,60.48
Kenya,8/1/2011,2011,8,69079.89,36350.55,56.2
Kenya,9/1/2011,2011,9,66860.81,35622.47,62.57
Kenya,10/1/2011,2011,10,66269.41,34874.75,59.4
Kenya,11/1/2011,2011,11,67661.7,35324.54,51.94
Kenya,12/1/2011,2011,12,68238.9,32846.17,44.03
Kenya,1/1/2011,2011,1,43284.86,15630.96,-15.08
Kenya,2/1/2011,2011,2,44560.35,16134.05,-9.06
Kenya,3/1/2011,2011,3,46459.31,17950.6,-2.52
Kenya,4/1/2011,2011,4,50930.78,21120.5,11.43
Kenya,5/1/2011,2011,5,55435.6,23613.64,25.25
Kenya,6/1/2011,2011,6,57224.98,26639.7,41.01
Kenya,7/1/2011,2011,7,59261.07,28044.88,52.47
Kenya,8/1/2011,2011,8,57560.29,26028.6,54.86
Kenya,9/1/2011,2011,9,55470.47,23715.16,41.61
Kenya,10/1/2011,2011,10,54496.48,23188.75,45.19
Kenya,11/1/2011,2011,11,54459.49,23610.66,38.63
Kenya,12/1/2011,2011,12,55937.07,23745.81,37.94
Kenya,1/1/2011,2011,1,52786.65,22913.11,-15.14
Kenya,2/1/2011,2011,2,52935.17,24961.03,-4.04
Kenya,3/1/2011,2011,3,58827.59,29268.62,9.39
Kenya,4/1/2011,2011,4,62542.43,33308.2,20.27
Kenya,5/1/2011,2011,5,65501.4,34595.95,26.04
Kenya,6/1/2011,2011,6,69359.27,36536.31,41.09
Kenya,7/1/2011,2011,7,72958.6,39265.93,52.45
Kenya,8/1/2011,2011,8,68996.36,37487.71,55.66
Kenya,9/1/2011,2011,9,65571.66,35550.96,57.52
Kenya,10/1/2011,2011,10,65447.57,36535.83,52.44
Kenya,11/1/2011,2011,11,67234.89,36154.62,44.44
Kenya,12/1/2011,2011,12,68577.28,34828.89,44.66
Kenya,1/1/2011,2011,1,45616.29,17713.06,-12.52
Kenya,2/1/2011,2011,2,47266.08,18440.87,-8.15
Kenya,3/1/2011,2011,3,49581.69,22062.96,2.75
Kenya,4/1/2011,2011,4,53689.97,25999.24,18.54
Kenya,5/1/2011,2011,5,57327.12,27609.22,25.99
Kenya,6/1/2011,2011,6,60920.26,30443.04,52.48
Kenya,7/1/2011,2011,7,63362.05,38221.9,77.53
Kenya,8/1/2011,2011,8,61221.1,33058.41,67.38
Kenya,9/1/2011,2011,9,58032.61,28988.43,52.05
Kenya,10/1/2011,2011,10,57893.31,29867.92,58.08
Kenya,11/1/2011,2011,11,57550.64,27669.63,46.51
Kenya,12/1/2011,2011,12,59825.85,30600.66,56.77
Kenya,1/1/2011,2011,1,51202.33,17766.51,-19.05
Kenya,2/1/2011,2011,2,54271.35,21596.05,-5.3
Kenya,3/1/2011,2011,3,57618.61,28387.08,15.97
Kenya,4/1/2011,2011,4,61731.54,32386.82,31.51
Kenya,5/1/2011,2011,5,67287.36,31192.56,36.64
Kenya,6/1/2011,2011,6,70441.61,35932.96,63.7
Kenya,7/1/2011,2011,7,71003.1,37377.2,66.95
Kenya,8/1/2011,2011,8,68075.69,33489.78,60.84
Kenya,9/1/2011,2011,9,67355.53,32315.59,56.39
Kenya,10/1/2011,2011,10,66858.53,30681.69,51.39
Kenya,11/1/2011,2011,11,66460.46,31852.87,55.62
Kenya,12/1/2011,2011,12,67209.29,32538.61,58.36
Kenya,1/1/2011,2011,1,51128.81,19855.27,-12.11
Kenya,2/1/2011,2011,2,53570.81,23170.17,1.29
Kenya,3/1/2011,2011,3,57022.9,26594.98,14.06
Kenya,4/1/2011,2011,4,60855.63,30297.37,29.84
Kenya,5/1/2011,2011,5,64288.07,32283.56,35.18
Kenya,6/1/2011,2011,6,68199.53,34802.92,60.14
Kenya,7/1/2011,2011,7,70531.26,38399.68,74.58
Kenya,8/1/2011,2011,8,65670.95,31917.26,58.86
Kenya,9/1/2011,2011,9,64636.01,30850.56,55.37
Kenya,10/1/2011,2011,10,64147.62,30990.25,66.46
Kenya,11/1/2011,2011,11,63772.61,31138.22,53.9
Kenya,12/1/2011,2011,12,67592.29,33048.69,57.84
Kenya,1/1/2011,2011,1,45968.18,16606.39,-13
Kenya,2/1/2011,2011,2,47438.77,17163.29,-8.81
Kenya,3/1/2011,2011,3,50547.82,22085.47,7.75
Kenya,4/1/2011,2011,4,53876.68,23876.81,17.15
Kenya,5/1/2011,2011,5,56653.43,26126.38,27.89
Kenya,6/1/2011,2011,6,60147.18,30938.15,59.76
Kenya,7/1/2011,2011,7,63294.29,35849.4,73.88
Kenya,8/1/2011,2011,8,60196.03,29850.01,60.67
Kenya,9/1/2011,2011,9,58284.97,27392.05,50.66
Kenya,10/1/2011,2011,10,57484.7,27624.01,53.24
Kenya,11/1/2011,2011,11,57573.63,25680.71,44.01
Kenya,12/1/2011,2011,12,59446.91,27669.3,50.34
Kenya,1/1/2011,2011,1,49467.48,18471.59,-15.88
Kenya,2/1/2011,2011,2,51434.56,20673,-8.62
Kenya,3/1/2011,2011,3,55357.21,26357.22,12.15
Kenya,4/1/2011,2011,4,58473.39,31932.43,31.86
Kenya,5/1/2011,2011,5,62567.38,33430.73,41
Kenya,6/1/2011,2011,6,65813.44,35583.37,60.79
Kenya,7/1/2011,2011,7,67003.94,37668.15,69.56
Kenya,8/1/2011,2011,8,65948.22,35193.32,70.89
Kenya,9/1/2011,2011,9,62262.47,33755.65,66.31
Kenya,10/1/2011,2011,10,60057.49,30849.07,57.61
Kenya,11/1/2011,2011,11,63186.65,31780.16,56.84
Kenya,12/1/2011,2011,12,63971.49,32133.91,56.7
Kenya,1/1/2011,2011,1,47421.5,20220.39,-16.09
Kenya,2/1/2011,2011,2,49819.99,22628.41,-5.3
Kenya,3/1/2011,2011,3,56266.44,27974.62,12.4
Kenya,4/1/2011,2011,4,62594.03,33214.05,29.29
Kenya,5/1/2011,2011,5,63607.27,33489.49,37.11
Kenya,6/1/2011,2011,6,66530.52,37080.21,61.16
Kenya,7/1/2011,2011,7,71673.68,41965.18,76.45
Kenya,8/1/2011,2011,8,67146.11,36834.45,64.49
Kenya,9/1/2011,2011,9,64724.02,34898.46,57.19
Kenya,10/1/2011,2011,10,60661.52,35885.53,53.74
Kenya,11/1/2011,2011,11,64420.04,34851.36,56.24
Kenya,12/1/2011,2011,12,67381.69,35574.58,58.88
Kenya,1/1/2011,2011,1,51129.89,19760.97,-19.26
Kenya,2/1/2011,2011,2,53206.02,21794.18,-4.59
Kenya,3/1/2011,2011,3,58932.41,27548.22,16.07
Kenya,4/1/2011,2011,4,64468.11,33099.25,28.82
Kenya,5/1/2011,2011,5,65139.34,34812.35,36.35
Kenya,6/1/2011,2011,6,68563.02,36750.96,51.76
Kenya,7/1/2011,2011,7,71886.06,38598.78,68.11
Kenya,8/1/2011,2011,8,68681.18,34993.72,67.91
Kenya,9/1/2011,2011,9,66513.22,34769.9,62.59
Kenya,10/1/2011,2011,10,66281.23,34767.76,64.75
Kenya,11/1/2011,2011,11,66919.99,34815.78,57.77
Kenya,12/1/2011,2011,12,68483.54,35847.36,60.23
Kenya,1/1/2011,2011,1,45090.59,16405.89,-18.8
Kenya,2/1/2011,2011,2,47831,17206.53,-13.48
Kenya,3/1/2011,2011,3,54035.71,20268.92,-1.25
Kenya,4/1/2011,2011,4,60135.09,23024.71,13.9
Kenya,5/1/2011,2011,5,60293.89,25937.47,21.95
Kenya,6/1/2011,2011,6,65539.09,29264.34,49.33
Kenya,7/1/2011,2011,7,68703.92,35754.94,78.18
Kenya,8/1/2011,2011,8,65022.47,28898.23,62.05
Kenya,9/1/2011,2011,9,59509.32,25414.37,47.96
Kenya,10/1/2011,2011,10,59502.26,25549.94,49.76
Kenya,11/1/2011,2011,11,58617.92,25593.41,45.62
Kenya,12/1/2011,2011,12,61635.73,26925.79,51.93
Kenya,1/1/2011,2011,1,43947.3,16000.86,-27.75
Kenya,2/1/2011,2011,2,46344.75,19177.46,-16.65
Kenya,3/1/2011,2011,3,52562.11,25784.02,4.8
Kenya,4/1/2011,2011,4,57077.11,32280.12,22.48
Kenya,5/1/2011,2011,5,63912.28,32871.03,35.66
Kenya,6/1/2011,2011,6,65811.82,37750.8,68.42
Kenya,7/1/2011,2011,7,67060.4,40736.89,91.23
Kenya,8/1/2011,2011,8,65062.36,37203.24,88.47
Kenya,9/1/2011,2011,9,62359.25,34179.8,78.19
Kenya,10/1/2011,2011,10,60998.37,34754.71,80.35
Kenya,11/1/2011,2011,11,62929.21,34007.06,69.72
Kenya,12/1/2011,2011,12,64613.25,33989.98,70.87
Kenya,1/1/2011,2011,1,49760.18,20348.7,-10.5
Kenya,2/1/2011,2011,2,52285.08,21682.63,-1.64
Kenya,3/1/2011,2011,3,55586.19,27419.55,7.99
Kenya,4/1/2011,2011,4,60775.36,29865.62,19.52
Kenya,5/1/2011,2011,5,66210.51,33952.21,31.47
Kenya,6/1/2011,2011,6,68937.05,36463.67,50.15
Kenya,7/1/2011,2011,7,72415.8,39121.72,70.9
Kenya,8/1/2011,2011,8,67230.5,35473.54,58.65
Kenya,9/1/2011,2011,9,65447.49,34067.93,54.9
Kenya,10/1/2011,2011,10,64899.8,33838.66,53.31
Kenya,11/1/2011,2011,11,65742.54,34022.31,54.1
Kenya,12/1/2011,2011,12,67849.47,35235.16,59.79
Kenya,1/1/2011,2011,1,44272.9,16726.54,-23.77
Kenya,2/1/2011,2011,2,46375.27,19145.68,-13.16
Kenya,3/1/2011,2011,3,52553.14,23270.16,2.72
Kenya,4/1/2011,2011,4,56644.01,27321.74,16.41
Kenya,5/1/2011,2011,5,60570.77,28176.16,25.6
Kenya,6/1/2011,2011,6,65329.24,30405.79,46.85
Kenya,7/1/2011,2011,7,70460.28,36111.82,80.39
Kenya,8/1/2011,2011,8,65528.75,30379.31,66.49
Kenya,9/1/2011,2011,9,61706.38,28676.26,55.86
Kenya,10/1/2011,2011,10,61030.84,28170.05,59.51
Kenya,11/1/2011,2011,11,59660.08,25796.55,45.26
Kenya,12/1/2011,2011,12,63662.47,28237.74,55.02
Kenya,1/1/2011,2011,1,45419.39,17020.43,-25.72
Kenya,2/1/2011,2011,2,48181.93,19769.1,-15.17
Kenya,3/1/2011,2011,3,54787.3,26443.61,7.98
Kenya,4/1/2011,2011,4,61306.59,33022.45,26.88
Kenya,5/1/2011,2011,5,63174.75,33857.38,36
Kenya,6/1/2011,2011,6,65726.25,37823.93,64.32
Kenya,7/1/2011,2011,7,66810.36,41819.35,96
Kenya,8/1/2011,2011,8,65697.43,38089.9,91.27
Kenya,9/1/2011,2011,9,62100.7,34786.86,77.77
Kenya,10/1/2011,2011,10,60706.78,33888.87,72.61
Kenya,11/1/2011,2011,11,62914.48,36298.7,76.42
Kenya,12/1/2011,2011,12,64560.08,35678.43,74.2
Kenya,1/1/2011,2011,1,47326.56,17997.85,-11.03
Kenya,2/1/2011,2011,2,48451.78,18473.15,-6.47
Kenya,3/1/2011,2011,3,49973.08,21503.93,3.92
Kenya,4/1/2011,2011,4,55413.03,25211.76,19.3
Kenya,5/1/2011,2011,5,60532.88,27263.52,29.5
Kenya,6/1/2011,2011,6,62558.43,33006.15,59.28
Kenya,7/1/2011,2011,7,64945.86,36864.33,72.36
Kenya,8/1/2011,2011,8,62938.12,30327.06,63.73
Kenya,9/1/2011,2011,9,59234.62,28279.45,50.45
Kenya,10/1/2011,2011,10,57952.58,27280.06,47.73
Kenya,11/1/2011,2011,11,58231.92,27243.98,47.11
Kenya,12/1/2011,2011,12,61475.93,29901.54,57.36
Kenya,1/1/2011,2011,1,42435.11,15548.23,-27.48
Kenya,2/1/2011,2011,2,42920.17,16518.5,-20.43
Kenya,3/1/2011,2011,3,46644.77,19750.76,-7.99
Kenya,4/1/2011,2011,4,54231.79,24403.08,11.83
Kenya,5/1/2011,2011,5,61538.98,25249.89,24.77
Kenya,6/1/2011,2011,6,65519.24,28966.1,53.34
Kenya,7/1/2011,2011,7,67649.4,33116.61,79.72
Kenya,8/1/2011,2011,8,62863.88,27170.68,72.52
Kenya,9/1/2011,2011,9,58946.96,23959.28,45.07
Kenya,10/1/2011,2011,10,58067.93,23766.72,50.51
Kenya,11/1/2011,2011,11,58727.5,23091.63,43.46
Kenya,12/1/2011,2011,12,62811.61,26495.98,57.03
Kenya,1/1/2011,2011,1,47355.46,17301.58,-12.73
Kenya,2/1/2011,2011,2,47786.79,18068.65,-6.74
Kenya,3/1/2011,2011,3,49904.13,21248.3,6.61
Kenya,4/1/2011,2011,4,53869.39,24642.61,19.44
Kenya,5/1/2011,2011,5,57128.5,26293.45,26.02
Kenya,6/1/2011,2011,6,60436.49,30798.37,56.22
Kenya,7/1/2011,2011,7,63500.52,34574.95,70.82
Kenya,8/1/2011,2011,8,61165.95,29938.15,60.18
Kenya,9/1/2011,2011,9,58256.67,27933,49.88
Kenya,10/1/2011,2011,10,56611.62,26912.97,48.65
Kenya,11/1/2011,2011,11,56697.68,25736.95,43.05
Kenya,12/1/2011,2011,12,59077.92,27771.21,50.04
Kenya,1/1/2011,2011,1,51106.19,19303.73,-16.31
Kenya,2/1/2011,2011,2,55873.55,24045.33,-0.05
Kenya,3/1/2011,2011,3,64308.53,29179.51,21.89
Kenya,4/1/2011,2011,4,69164.91,28579.51,27.78
Kenya,5/1/2011,2011,5,68295.31,32720.21,34.49
Kenya,6/1/2011,2011,6,71919.87,36961.49,62.58
Kenya,7/1/2011,2011,7,75554.2,40641.13,78.12
Kenya,8/1/2011,2011,8,71268.33,35278.02,69.03
Kenya,9/1/2011,2011,9,68458.14,32664.66,58.39
Kenya,10/1/2011,2011,10,69041,32483.03,58.72
Kenya,11/1/2011,2011,11,66548.14,31724.81,55.36
Kenya,12/1/2011,2011,12,69274.76,33971.41,62.26
Kenya,1/1/2011,2011,1,51508.17,18447.55,-16.48
Kenya,2/1/2011,2011,2,52371.47,20536.26,-8.34
Kenya,3/1/2011,2011,3,56775.48,26055.49,9.22
Kenya,4/1/2011,2011,4,62018.66,31581.53,23.49
Kenya,5/1/2011,2011,5,65756.92,32266.9,35.54
Kenya,6/1/2011,2011,6,66335.07,35859.48,50.96
Kenya,7/1/2011,2011,7,69174.74,37697.62,68.39
Kenya,8/1/2011,2011,8,67164.34,36744.5,70.19
Kenya,9/1/2011,2011,9,66999.26,33946.7,68.45
Kenya,10/1/2011,2011,10,63856.58,32782.44,59.09
Kenya,11/1/2011,2011,11,66705.18,34597.35,62.26
Kenya,12/1/2011,2011,12,67427.57,32618.45,52
Kenya,1/1/2011,2011,1,58265.67,28150.88,-10.61
Kenya,2/1/2011,2011,2,61399.83,30152.77,1.39
Kenya,3/1/2011,2011,3,66883.68,35439.65,15.6
Kenya,4/1/2011,2011,4,71931.82,38608.26,20.11
Kenya,5/1/2011,2011,5,75594.79,42646.25,34.56
Kenya,6/1/2011,2011,6,81126.96,48959.96,55
Kenya,7/1/2011,2011,7,86351.62,49941.54,62.84
Kenya,8/1/2011,2011,8,83608.36,47292.61,63.32
Kenya,9/1/2011,2011,9,77884.03,47754.17,60.78
Kenya,10/1/2011,2011,10,79906.54,48179.64,60.91
Kenya,11/1/2011,2011,11,79170.56,45573.39,52.39
Kenya,12/1/2011,2011,12,80183.52,47717.95,56.87
Kenya,1/1/2011,2011,1,54900.51,25116.25,-7.68
Kenya,2/1/2011,2011,2,56332.07,28764.2,5.64
Kenya,3/1/2011,2011,3,61175.89,32677.81,17.13
Kenya,4/1/2011,2011,4,64423.16,35857.43,22.36
Kenya,5/1/2011,2011,5,69611.09,40959.99,39.09
Kenya,6/1/2011,2011,6,67203.25,45560.3,45.34
Kenya,7/1/2011,2011,7,69556.52,47239.16,59
Kenya,8/1/2011,2011,8,71463.66,44527.15,63.68
Kenya,9/1/2011,2011,9,72379.61,42770.41,56.01
Kenya,10/1/2011,2011,10,71634.1,42775.77,56.96
Kenya,11/1/2011,2011,11,72538.03,45260.55,63.27
Kenya,12/1/2011,2011,12,72051.27,43256.47,58.33
Kenya,1/1/2011,2011,1,54710.06,27299.1,-10.17
Kenya,2/1/2011,2011,2,58953.17,29891.48,-1.03
Kenya,3/1/2011,2011,3,64076.12,36000.89,22.92
Kenya,4/1/2011,2011,4,67601.97,40028.95,26.23
Kenya,5/1/2011,2011,5,73614.78,47211.21,43.25
Kenya,6/1/2011,2011,6,78775.67,48794.6,53.64
Kenya,7/1/2011,2011,7,84752.19,49692.3,69.29
Kenya,8/1/2011,2011,8,81735.12,46952.67,71.98
Kenya,9/1/2011,2011,9,73447.8,47860.37,67.63
Kenya,10/1/2011,2011,10,75207.05,48639.71,69.81
Kenya,11/1/2011,2011,11,75128.33,48097.39,67.08
Kenya,12/1/2011,2011,12,75915.56,47764.78,64.02
Kenya,1/1/2011,2011,1,46329.7,17192.36,-13.29
Kenya,2/1/2011,2011,2,46194.86,17282.39,-10.46
Kenya,3/1/2011,2011,3,48036.5,22262.84,5.01
Kenya,4/1/2011,2011,4,53191.56,25314.4,19.35
Kenya,5/1/2011,2011,5,58096.38,28089.54,32.87
Kenya,6/1/2011,2011,6,59975.05,31528.93,53.96
Kenya,7/1/2011,2011,7,62447.31,35245.43,70.51
Kenya,8/1/2011,2011,8,59792.78,29709.77,61.53
Kenya,9/1/2011,2011,9,57840.15,29297.46,56.95
Kenya,10/1/2011,2011,10,55375.66,28326.3,51.11
Kenya,11/1/2011,2011,11,56731.52,27903.7,51.7
Kenya,12/1/2011,2011,12,58377.79,28371.14,54.99
Kenya,1/1/2011,2011,1,46324.93,18327.59,-25.86
Kenya,2/1/2011,2011,2,48870.19,20603.96,-10.88
Kenya,3/1/2011,2011,3,55063.39,26767.81,9.36
Kenya,4/1/2011,2011,4,61158.24,32950.49,24.72
Kenya,5/1/2011,2011,5,62512.08,34561.41,35.42
Kenya,6/1/2011,2011,6,66377.66,36481,56.4
Kenya,7/1/2011,2011,7,66494.44,39201.2,73.35
Kenya,8/1/2011,2011,8,64168.5,38723.34,84.73
Kenya,9/1/2011,2011,9,62386.38,34045.99,63.03
Kenya,10/1/2011,2011,10,60695.84,34040.13,64.55
Kenya,11/1/2011,2011,11,63637.94,34717.59,66.69
Kenya,12/1/2011,2011,12,64418.88,33886.95,66.78
Kenya,1/1/2011,2011,1,51888.72,19943.72,-16.18
Kenya,2/1/2011,2011,2,54490.8,24221.02,-1.5
Kenya,3/1/2011,2011,3,58288.69,29271.57,11.37
Kenya,4/1/2011,2011,4,62724.48,31619.54,20.96
Kenya,5/1/2011,2011,5,66433.59,34023.32,35.59
Kenya,6/1/2011,2011,6,68707.04,38927.78,51.91
Kenya,7/1/2011,2011,7,73449.64,35638.08,52.37
Kenya,8/1/2011,2011,8,68091.54,35260.56,53.84
Kenya,9/1/2011,2011,9,65115.93,34665.97,64.61
Kenya,10/1/2011,2011,10,66718.32,33355.07,63.55
Kenya,11/1/2011,2011,11,65272.02,34749.09,48.68
Kenya,12/1/2011,2011,12,67780.22,35352,47.6
Kenya,1/1/2011,2011,1,45688.22,17881.47,-13.71
Kenya,2/1/2011,2011,2,47431.33,18491.75,-8.88
Kenya,3/1/2011,2011,3,50904.72,22558.3,7.01
Kenya,4/1/2011,2011,4,54575.93,25541.17,18.53
Kenya,5/1/2011,2011,5,58448.08,28621.25,28.39
Kenya,6/1/2011,2011,6,61216.32,32315.38,54.26
Kenya,7/1/2011,2011,7,63527.9,36735.3,72.17
Kenya,8/1/2011,2011,8,61535.79,31685.57,62.09
Kenya,9/1/2011,2011,9,58467.28,28266.24,54.08
Kenya,10/1/2011,2011,10,55841.79,26306.92,46.26
Kenya,11/1/2011,2011,11,56651.02,26064.1,37.88
Kenya,12/1/2011,2011,12,58911.09,28089.27,47.75
Kenya,1/1/2011,2011,1,44593.62,17847.19,-13.54
Kenya,2/1/2011,2011,2,45998.22,18514.99,-10.76
Kenya,3/1/2011,2011,3,50947.55,22692.49,7.16
Kenya,4/1/2011,2011,4,54856.95,25438.19,18.31
Kenya,5/1/2011,2011,5,57210.29,28976.02,28.03
Kenya,6/1/2011,2011,6,60793.32,32714.34,56.59
Kenya,7/1/2011,2011,7,63830.82,35413.11,69.93
Kenya,8/1/2011,2011,8,60572.14,30036.34,58.58
Kenya,9/1/2011,2011,9,58062.75,29005.14,51.87
Kenya,10/1/2011,2011,10,55592.74,27573.43,48.54
Kenya,11/1/2011,2011,11,56731.62,26828.34,42.47
Kenya,12/1/2011,2011,12,58556.41,28424.79,48.28
Kenya,1/1/2011,2011,1,49493.02,18156.36,-11.67
Kenya,2/1/2011,2011,2,51120.91,19939.44,-3.55
Kenya,3/1/2011,2011,3,55130.19,25414.97,15.44
Kenya,4/1/2011,2011,4,58333.37,30598.46,32.76
Kenya,5/1/2011,2011,5,62516.8,32511.18,39.98
Kenya,6/1/2011,2011,6,64175.35,32532.02,52.66
Kenya,7/1/2011,2011,7,67365.32,37889.11,68.86
Kenya,8/1/2011,2011,8,63892.9,32042.19,63.6
Kenya,9/1/2011,2011,9,62420.8,30461.18,58.55
Kenya,10/1/2011,2011,10,60547.37,28396.7,57.84
Kenya,11/1/2011,2011,11,60767.07,28107.7,44.47
Kenya,12/1/2011,2011,12,63231.92,31399.89,58.13
Kenya,1/1/2011,2011,1,46213.18,18845.28,-16.11
Kenya,2/1/2011,2011,2,47575.72,19429.99,-9.12
Kenya,3/1/2011,2011,3,49345.57,22731.78,1.29
Kenya,4/1/2011,2011,4,55160.8,26289.69,14.63
Kenya,5/1/2011,2011,5,60653.59,30663.58,30.18
Kenya,6/1/2011,2011,6,62986.54,35760.08,64.2
Kenya,7/1/2011,2011,7,65377.51,38809.48,76.24
Kenya,8/1/2011,2011,8,62772.33,33126.18,69.31
Kenya,9/1/2011,2011,9,59453.02,30631.57,53.34
Kenya,10/1/2011,2011,10,58387.3,29180.78,49.6
Kenya,11/1/2011,2011,11,59562.16,29076.13,49.18
Kenya,12/1/2011,2011,12,62758.05,32918.15,60.98
Kenya,1/1/2011,2011,1,46199.1,17592.24,-14.49
Kenya,2/1/2011,2011,2,46982.9,18200.04,-9.74
Kenya,3/1/2011,2011,3,50944.79,21517.52,3.48
Kenya,4/1/2011,2011,4,55208.62,25131.42,17.42
Kenya,5/1/2011,2011,5,58057.85,28446.31,30.04
Kenya,6/1/2011,2011,6,62108.83,33103.66,53.6
Kenya,7/1/2011,2011,7,64103.97,36737.33,74.48
Kenya,8/1/2011,2011,8,61928.76,30504.78,61.2
Kenya,9/1/2011,2011,9,58345.01,28411.64,49.98
Kenya,10/1/2011,2011,10,57174.89,27598,44.82
Kenya,11/1/2011,2011,11,57657.12,27114.07,46.65
Kenya,12/1/2011,2011,12,58602.25,27463.1,47.15
Kenya,1/1/2011,2011,1,63679.45,21845.56,-13.46
Kenya,2/1/2011,2011,2,72754.16,27903.67,7.96
Kenya,3/1/2011,2011,3,73244,27120.18,7.75
Kenya,4/1/2011,2011,4,88052,34906.57,29.62
Kenya,5/1/2011,2011,5,105278.34,34208,54.55
Kenya,6/1/2011,2011,6,87428,36656,53.73
Kenya,7/1/2011,2011,7,77204,48524,84.17
Kenya,8/1/2011,2011,8,81841.37,40000,86.93
Kenya,9/1/2011,2011,9,77157.38,33185,74.81
Kenya,10/1/2011,2011,10,72147.11,32786,66.8
Kenya,11/1/2011,2011,11,65709,34491,59.14
Kenya,12/1/2011,2011,12,75774,32888,59.24
Kenya,1/1/2011,2011,1,48107.97,16780.72,-17.19
Kenya,2/1/2011,2011,2,49399.64,19047.75,-8.1
Kenya,3/1/2011,2011,3,53879.74,23908.62,8.94
Kenya,4/1/2011,2011,4,56563.5,28691.78,26.61
Kenya,5/1/2011,2011,5,61032.78,30186.38,35.33
Kenya,6/1/2011,2011,6,64031.09,31538.56,57.9
Kenya,7/1/2011,2011,7,65569.44,33939.63,65.03
Kenya,8/1/2011,2011,8,63982.71,30745.89,59.05
Kenya,9/1/2011,2011,9,61445.81,29767.24,52.57
Kenya,10/1/2011,2011,10,58237.09,28722.67,47.64
Kenya,11/1/2011,2011,11,62177.12,28949.47,52.03
Kenya,12/1/2011,2011,12,62631.61,29993.54,54.06
Kenya,1/1/2011,2011,1,46851.33,15292.52,-16.64
Kenya,2/1/2011,2011,2,48485.28,17419.34,-8.4
Kenya,3/1/2011,2011,3,51725.15,21110.31,5.61
Kenya,4/1/2011,2011,4,55870.65,21139.93,11.83
Kenya,5/1/2011,2011,5,58059.04,25461.73,25.06
Kenya,6/1/2011,2011,6,62116.39,29488.07,49.82
Kenya,7/1/2011,2011,7,65182.87,33234.97,71.72
Kenya,8/1/2011,2011,8,62770.71,29999.78,65.1
Kenya,9/1/2011,2011,9,60879.39,28952.37,58.39
Kenya,10/1/2011,2011,10,59340.52,27361.7,53.09
Kenya,11/1/2011,2011,11,60750.87,27744.66,55.87
Kenya,12/1/2011,2011,12,62380.82,30051.85,63.16
Kenya,1/1/2011,2011,1,53807.51,23818.31,-13.51
Kenya,2/1/2011,2011,2,55079.98,26173.21,-1.28
Kenya,3/1/2011,2011,3,58211.77,31049.14,12.9
Kenya,4/1/2011,2011,4,63480.01,32487.27,21.92
Kenya,5/1/2011,2011,5,66093.16,35465.07,32.06
Kenya,6/1/2011,2011,6,70804.5,37092.47,47.88
Kenya,7/1/2011,2011,7,71092.28,38823.88,53.31
Kenya,8/1/2011,2011,8,69635.04,36454.63,55.05
Kenya,9/1/2011,2011,9,66726.36,34906.5,54.72
Kenya,10/1/2011,2011,10,65782.26,36035.7,62.38
Kenya,11/1/2011,2011,11,67522.93,35855.74,59.62
Kenya,12/1/2011,2011,12,68906.29,35630.06,61.78
Kenya,1/1/2011,2011,1,45633.47,14729.19,-13.48
Kenya,2/1/2011,2011,2,46027.45,15520.64,-10.59
Kenya,3/1/2011,2011,3,48740.55,18541.39,0.01
Kenya,4/1/2011,2011,4,52720.81,21320.2,14.77
Kenya,5/1/2011,2011,5,56606.54,24170.85,26.65
Kenya,6/1/2011,2011,6,59172.19,27204.67,51.09
Kenya,7/1/2011,2011,7,61437,28289.8,59.12
Kenya,8/1/2011,2011,8,59234.71,25684.08,52.12
Kenya,9/1/2011,2011,9,58253.15,23313.97,42.7
Kenya,10/1/2011,2011,10,56619.51,22762.69,41.19
Kenya,11/1/2011,2011,11,56726.75,23027.33,39.76
Kenya,12/1/2011,2011,12,57744.56,23372.95,41.05
Kenya,1/1/2011,2011,1,51026.11,20720.47,-13.27
Kenya,2/1/2011,2011,2,53337.48,22370.87,-2.46
Kenya,3/1/2011,2011,3,57071.01,27686.65,11.17
Kenya,4/1/2011,2011,4,61776.41,32826.83,28.75
Kenya,5/1/2011,2011,5,65130.04,33610.3,32.49
Kenya,6/1/2011,2011,6,68651.14,35860.36,53.51
Kenya,7/1/2011,2011,7,73414.79,41187.8,75.8
Kenya,8/1/2011,2011,8,68035.97,35529.46,64.23
Kenya,9/1/2011,2011,9,66297.15,34770.04,62.81
Kenya,10/1/2011,2011,10,66489.14,34445.67,57.8
Kenya,11/1/2011,2011,11,66410.03,34430.08,53.65
Kenya,12/1/2011,2011,12,67921.89,35853.04,57.62
Kenya,1/1/2011,2011,1,51795.42,16853.79,-15.17
Kenya,2/1/2011,2011,2,54629.1,18253.53,-4.82
Kenya,3/1/2011,2011,3,54721.17,19808.56,-0.16
Kenya,4/1/2011,2011,4,60676.72,23067.94,12.04
Kenya,5/1/2011,2011,5,69978.1,28216.16,38.7
Kenya,6/1/2011,2011,6,75064.03,31434.91,61.31
Kenya,7/1/2011,2011,7,80036.01,37181.95,80.74
Kenya,8/1/2011,2011,8,74159.36,31375.45,72.7
Kenya,9/1/2011,2011,9,70264.67,29972.59,64.28
Kenya,10/1/2011,2011,10,68940.56,29911.32,62.74
Kenya,11/1/2011,2011,11,66231.42,26743.98,43.69
Kenya,12/1/2011,2011,12,72500.56,29294.08,54.92
Kenya,1/1/2011,2011,1,47117.28,16803.82,-18.69
Kenya,2/1/2011,2011,2,52278.69,16621.21,-10.43
Kenya,3/1/2011,2011,3,61415.28,19595.84,6.99
Kenya,4/1/2011,2011,4,66609.46,25252.54,24.65
Kenya,5/1/2011,2011,5,66442.01,30623.64,41.63
Kenya,6/1/2011,2011,6,68888.98,33226.62,70.19
Kenya,7/1/2011,2011,7,72576.7,36788.52,83.22
Kenya,8/1/2011,2011,8,67391.96,30317.49,67.95
Kenya,9/1/2011,2011,9,64505.67,27577.22,54.98
Kenya,10/1/2011,2011,10,64478.13,28398.17,58.67
Kenya,11/1/2011,2011,11,64979.13,26969.75,52.8
Kenya,12/1/2011,2011,12,67382.16,29991.11,60.42
Kenya,1/1/2011,2011,1,49420.77,17788.53,-16.9
Kenya,2/1/2011,2011,2,50751.58,19224.98,-5.65
Kenya,3/1/2011,2011,3,56007.07,24171.32,14.52
Kenya,4/1/2011,2011,4,60175.61,30241.32,35.34
Kenya,5/1/2011,2011,5,64115.29,31625.56,42.24
Kenya,6/1/2011,2011,6,69888.79,35813.51,68.38
Kenya,7/1/2011,2011,7,69688.1,40567.19,76.86
Kenya,8/1/2011,2011,8,66336.31,36317.3,75.53
Kenya,9/1/2011,2011,9,64534.64,33299.58,55.06
Kenya,10/1/2011,2011,10,63889.05,34300.3,61.67
Kenya,11/1/2011,2011,11,64051.83,32799.63,60.75
Kenya,12/1/2011,2011,12,67494.02,35168.09,69.06
Kenya,1/1/2011,2011,1,45485.89,17267.46,-16.29
Kenya,2/1/2011,2011,2,47305.63,19101.34,-7.59
Kenya,3/1/2011,2011,3,49728.66,21925.7,0.63
Kenya,4/1/2011,2011,4,54661.02,25642.06,14.86
Kenya,5/1/2011,2011,5,58981.97,28758.75,25.94
Kenya,6/1/2011,2011,6,63174.35,33800.25,60.36
Kenya,7/1/2011,2011,7,65290.66,37523.56,72.75
Kenya,8/1/2011,2011,8,63143.05,31887.73,66.47
Kenya,9/1/2011,2011,9,58936,28902.14,53.97
Kenya,10/1/2011,2011,10,56368.49,26367.31,45.69
Kenya,11/1/2011,2011,11,56897.11,26232.35,41.43
Kenya,12/1/2011,2011,12,60385.73,30197.92,54.81
Kenya,1/1/2011,2011,1,44456.95,16620.93,-24.16
Kenya,2/1/2011,2011,2,47275.05,18683.95,-15.83
Kenya,3/1/2011,2011,3,54128.9,24375.54,4.83
Kenya,4/1/2011,2011,4,60836.74,28585.85,19.43
Kenya,5/1/2011,2011,5,62431.96,29819.92,27.72
Kenya,6/1/2011,2011,6,65078.37,34141.01,58.91
Kenya,7/1/2011,2011,7,68308.83,37749.24,88.93
Kenya,8/1/2011,2011,8,65691.12,33538.98,83.92
Kenya,9/1/2011,2011,9,61037.56,29772.42,65.4
Kenya,10/1/2011,2011,10,60457.24,30518.13,68.6
Kenya,11/1/2011,2011,11,61995.8,30755.86,62.36
Kenya,12/1/2011,2011,12,64989,29643.19,61.12
Kenya,1/1/2011,2011,1,45704.19,18007.56,-15.15
Kenya,2/1/2011,2011,2,47069.3,19149.89,-10.57
Kenya,3/1/2011,2011,3,50713.56,22627.86,-0.89
Kenya,4/1/2011,2011,4,55340.1,25740.96,9.9
Kenya,5/1/2011,2011,5,60269.4,28903.28,25.74
Kenya,6/1/2011,2011,6,64513.68,34265.01,55.8
Kenya,7/1/2011,2011,7,66912.41,37086.05,80.33
Kenya,8/1/2011,2011,8,63916.82,32389.15,76.85
Kenya,9/1/2011,2011,9,59100.23,28986.71,61.4
Kenya,10/1/2011,2011,10,57745.32,27274.66,54.46
Kenya,11/1/2011,2011,11,58857.29,28464.76,48.42
Kenya,12/1/2011,2011,12,62382.95,29620.46,53.9
Kenya,1/1/2011,2011,1,64388.21,30985.36,0.46
Kenya,2/1/2011,2011,2,65775.99,32092.56,2.05
Kenya,3/1/2011,2011,3,70668.33,35552.15,17
Kenya,4/1/2011,2011,4,75394.15,38816.58,19.73
Kenya,5/1/2011,2011,5,76733.48,39243.73,22.75
Kenya,6/1/2011,2011,6,78286.5,42787.56,37.58
Kenya,7/1/2011,2011,7,79958.37,41101.12,29.69
Kenya,8/1/2011,2011,8,78870.9,39176.28,33.04
Kenya,9/1/2011,2011,9,78140.99,40352.69,39.72
Kenya,10/1/2011,2011,10,79402.51,40587.65,37.37
Kenya,11/1/2011,2011,11,78327.59,39328.84,28.07
Kenya,12/1/2011,2011,12,75613.26,38652.67,24.31
Kenya,1/1/2011,2011,1,49983.25,19107.04,-15.52
Kenya,2/1/2011,2011,2,51322.85,23199.04,-0.9
Kenya,3/1/2011,2011,3,55945.76,30665.09,22.25
Kenya,4/1/2011,2011,4,60101.09,35107.64,36.65
Kenya,5/1/2011,2011,5,64510.08,34008.09,44.93
Kenya,6/1/2011,2011,6,68245.44,37654.6,65.42
Kenya,7/1/2011,2011,7,71707.35,41734.46,77.81
Kenya,8/1/2011,2011,8,67963.84,38126.92,70.29
Kenya,9/1/2011,2011,9,66328.89,36308.02,60.27
Kenya,10/1/2011,2011,10,64817.78,36518.03,59.17
Kenya,11/1/2011,2011,11,65761.95,36896.96,60.63
Kenya,12/1/2011,2011,12,67960.12,37984.38,70.01
Kenya,1/1/2011,2011,1,45557.79,16847.36,-25.91
Kenya,2/1/2011,2011,2,47978.48,19221.38,-17.63
Kenya,3/1/2011,2011,3,54355.98,25577.16,2.13
Kenya,4/1/2011,2011,4,60715.37,31870.69,17.74
Kenya,5/1/2011,2011,5,62488.45,32683.54,26.72
Kenya,6/1/2011,2011,6,65137.84,36147.41,55.65
Kenya,7/1/2011,2011,7,65452.33,40129.36,85.93
Kenya,8/1/2011,2011,8,65990.13,37843.66,91.1
Kenya,9/1/2011,2011,9,61801.87,34645.49,77.39
Kenya,10/1/2011,2011,10,58651.62,32296.86,70.82
Kenya,11/1/2011,2011,11,62981.23,35395.37,75.89
Kenya,12/1/2011,2011,12,63746.03,33192.58,71.13
Kenya,1/1/2011,2011,1,42928.53,18375.66,-23.02
Kenya,2/1/2011,2011,2,44050.7,20375.48,-19.97
Kenya,3/1/2011,2011,3,48958.64,24896.56,-4.91
Kenya,4/1/2011,2011,4,54174.79,27039.53,4.83
Kenya,5/1/2011,2011,5,59330.95,31841.95,23.18
Kenya,6/1/2011,2011,6,64390.94,34124.95,44.86
Kenya,7/1/2011,2011,7,65452.12,38009.27,63.62
Kenya,8/1/2011,2011,8,63799.5,33543.4,57.84
Kenya,9/1/2011,2011,9,59627.73,32027.95,59.37
Kenya,10/1/2011,2011,10,59227.5,32011.13,50.39
Kenya,11/1/2011,2011,11,59221.62,31727.1,45.73
Kenya,12/1/2011,2011,12,61980.55,33097.37,50.93
Kenya,1/1/2011,2011,1,45367.05,15004.15,-13.31
Kenya,2/1/2011,2011,2,46533.17,15291.62,-11.78
Kenya,3/1/2011,2011,3,48767.74,19221.36,3.48
Kenya,4/1/2011,2011,4,51949.46,20830.38,12.58
Kenya,5/1/2011,2011,5,54752.27,24483.03,25.74
Kenya,6/1/2011,2011,6,58953.85,28091.4,49.42
Kenya,7/1/2011,2011,7,61427.53,29581.98,60.48
Kenya,8/1/2011,2011,8,59235.68,26640.24,54.56
Kenya,9/1/2011,2011,9,57655.7,23801.93,44.15
Kenya,10/1/2011,2011,10,56877.22,23181.29,41.32
Kenya,11/1/2011,2011,11,56661.11,23613.74,40.48
Kenya,12/1/2011,2011,12,57483.72,23610.17,41.83
Kenya,1/1/2011,2011,1,56012.8,26937.83,-9.14
Kenya,2/1/2011,2011,2,57663.32,29444.19,-0.11
Kenya,3/1/2011,2011,3,64405.72,36421.73,21.17
Kenya,4/1/2011,2011,4,68696.43,43096.29,30.67
Kenya,5/1/2011,2011,5,73637.49,45997.65,46.07
Kenya,6/1/2011,2011,6,77757.68,47981.94,57.79
Kenya,7/1/2011,2011,7,86027.87,48987.38,69.04
Kenya,8/1/2011,2011,8,81334.75,46506.81,71.74
Kenya,9/1/2011,2011,9,75365.32,45474.82,62.67
Kenya,10/1/2011,2011,10,76180.12,48049.82,67.88
Kenya,11/1/2011,2011,11,75431.32,45364.52,60.41
Kenya,12/1/2011,2011,12,76156.03,47178.1,63.3
Kenya,1/1/2011,2011,1,55721.24,23569.79,-16
Kenya,2/1/2011,2011,2,58106.52,26283.49,0.07
Kenya,3/1/2011,2011,3,62085.35,29725.78,10.78
Kenya,4/1/2011,2011,4,65831.78,33133.39,19.71
Kenya,5/1/2011,2011,5,69608.98,34851.83,25.89
Kenya,6/1/2011,2011,6,71946.53,37576.69,45.46
Kenya,7/1/2011,2011,7,74186.02,41307.05,47.8
Kenya,8/1/2011,2011,8,71069.73,37580.39,46.03
Kenya,9/1/2011,2011,9,69526.47,37929.26,43.71
Kenya,10/1/2011,2011,10,67678.72,37677.99,46.16
Kenya,11/1/2011,2011,11,70250.74,37709.89,47.96
Kenya,12/1/2011,2011,12,72247.81,35929.65,44.16
Kenya,1/1/2011,2011,1,45199.84,16798.52,-27.13
Kenya,2/1/2011,2011,2,48073.63,19777.96,-12.9
Kenya,3/1/2011,2011,3,54897.93,26534.09,7.79
Kenya,4/1/2011,2011,4,61572.25,33202.79,25.43
Kenya,5/1/2011,2011,5,63559.71,34626.85,37.25
Kenya,6/1/2011,2011,6,66255.36,38031.9,67.47
Kenya,7/1/2011,2011,7,67300.03,40215.13,89.24
Kenya,8/1/2011,2011,8,65114.46,37914.06,88.78
Kenya,9/1/2011,2011,9,61449.06,34325.01,76.08
Kenya,10/1/2011,2011,10,61039.21,34766.5,77.45
Kenya,11/1/2011,2011,11,62786.69,35144.99,72.65
Kenya,12/1/2011,2011,12,64878.31,35188.55,73.8
Kenya,1/1/2011,2011,1,53568.18,23335.46,-11.77
Kenya,2/1/2011,2011,2,56133.16,27211.71,2.4
Kenya,3/1/2011,2011,3,58488.84,30198.94,10.55
Kenya,4/1/2011,2011,4,61959.81,30987.26,17.41
Kenya,5/1/2011,2011,5,66195.14,33743.82,24.91
Kenya,6/1/2011,2011,6,70992.55,36040.83,40.94
Kenya,7/1/2011,2011,7,73215.66,38518.66,55.73
Kenya,8/1/2011,2011,8,70858.85,35519.49,52.1
Kenya,9/1/2011,2011,9,67690.52,33555.39,57.46
Kenya,10/1/2011,2011,10,66801.03,33353.53,59.18
Kenya,11/1/2011,2011,11,67301.63,33725.86,43.24
Kenya,12/1/2011,2011,12,69735.88,34580.3,43.81
Kenya,1/1/2011,2011,1,42858.66,16953.66,-14.93
Kenya,2/1/2011,2011,2,43529.31,17702.14,-11.84
Kenya,3/1/2011,2011,3,47971.36,20451.48,0.01
Kenya,4/1/2011,2011,4,55122.14,24674.43,16.45
Kenya,5/1/2011,2011,5,58988.29,28029.8,30.89
Kenya,6/1/2011,2011,6,59149.27,31195.03,55.47
Kenya,7/1/2011,2011,7,63020.62,37500.48,78.69
Kenya,8/1/2011,2011,8,60087.99,30933.06,67.75
Kenya,9/1/2011,2011,9,55501.38,28086.68,49.91
Kenya,10/1/2011,2011,10,54902.45,28079.38,51.88
Kenya,11/1/2011,2011,11,56480.72,28394.5,53.37
Kenya,12/1/2011,2011,12,57926.64,28673.91,50.66
Kenya,1/1/2011,2011,1,51172.02,19057.9,-14.32
Kenya,2/1/2011,2011,2,53373.65,22588.9,0.03
Kenya,3/1/2011,2011,3,57362.19,26175.48,14.01
Kenya,4/1/2011,2011,4,60386.4,30265.66,25.99
Kenya,5/1/2011,2011,5,65018.39,32451.8,34.99
Kenya,6/1/2011,2011,6,68020.24,34234.07,56.84
Kenya,7/1/2011,2011,7,68939.92,37058.21,71.76
Kenya,8/1/2011,2011,8,65883.28,32417.34,63.99
Kenya,9/1/2011,2011,9,64846.15,31677.81,65.29
Kenya,10/1/2011,2011,10,64968.97,31394.5,67.75
Kenya,11/1/2011,2011,11,64228.64,31194.07,56.21
Kenya,12/1/2011,2011,12,65495.55,32232.1,59.43
Kenya,1/1/2011,2011,1,46734.7,15121.59,-10.44
Kenya,2/1/2011,2011,2,47405.81,16723.55,-4.86
Kenya,3/1/2011,2011,3,50509.84,20754.4,9.6
Kenya,4/1/2011,2011,4,54152.52,24670.65,24.66
Kenya,5/1/2011,2011,5,57622.66,25103.16,29.46
Kenya,6/1/2011,2011,6,59125.84,27735.22,50.03
Kenya,7/1/2011,2011,7,62612.34,30427.51,63.79
Kenya,8/1/2011,2011,8,59656.65,26555.26,51.95
Kenya,9/1/2011,2011,9,58079.31,25455.11,46.29
Kenya,10/1/2011,2011,10,57318.61,23814.2,42.7
Kenya,11/1/2011,2011,11,57532.17,24281.8,43.83
Kenya,12/1/2011,2011,12,58493.25,25360.15,47.27
Kenya,1/1/2011,2011,1,45904.87,18015.97,-19.05
Kenya,2/1/2011,2011,2,48186.84,20225.2,-11.01
Kenya,3/1/2011,2011,3,54540.1,26119.59,8.02
Kenya,4/1/2011,2011,4,60729.7,31703.95,30.03
Kenya,5/1/2011,2011,5,61725.26,31720.43,30.61
Kenya,6/1/2011,2011,6,65292.94,37618.25,65.22
Kenya,7/1/2011,2011,7,67569.23,39311.7,82.22
Kenya,8/1/2011,2011,8,65896.23,34399.59,78.99
Kenya,9/1/2011,2011,9,63332.62,32914.32,76.68
Kenya,10/1/2011,2011,10,59696.63,29391.93,67.78
Kenya,11/1/2011,2011,11,62459.91,31727.2,59.2
Kenya,12/1/2011,2011,12,62621.47,31247.28,56.25
Kenya,1/1/2011,2011,1,47149.46,16920.91,-17.78
Kenya,2/1/2011,2011,2,50370.83,19253.52,-4.89
Kenya,3/1/2011,2011,3,54510.93,24719.94,14.25
Kenya,4/1/2011,2011,4,57594.33,29913.42,31.72
Kenya,5/1/2011,2011,5,62025.72,31140.78,39.45
Kenya,6/1/2011,2011,6,64369.07,33373.33,60.61
Kenya,7/1/2011,2011,7,66599.56,36973.72,74.83
Kenya,8/1/2011,2011,8,62387.79,30965.87,65.08
Kenya,9/1/2011,2011,9,60754.09,29409.67,60.1
Kenya,10/1/2011,2011,10,59525.14,28543.61,59.34
Kenya,11/1/2011,2011,11,60310.12,29640.04,57.34
Kenya,12/1/2011,2011,12,62911.76,31352.02,59.5
Kenya,1/1/2011,2011,1,46916.79,17364.1,-16.68
Kenya,2/1/2011,2011,2,48463.57,21371.38,-3.03
Kenya,3/1/2011,2011,3,54598.64,28422.27,22.74
Kenya,4/1/2011,2011,4,60528.66,32386.45,41.83
Kenya,5/1/2011,2011,5,62686.54,32045.61,41.79
Kenya,6/1/2011,2011,6,64101.67,34643.94,64.66
Kenya,7/1/2011,2011,7,65193.76,36954.3,70.65
Kenya,8/1/2011,2011,8,62753.13,32350.78,71.67
Kenya,9/1/2011,2011,9,60708.74,30426.36,63.39
Kenya,10/1/2011,2011,10,60934.27,29220.34,63.18
Kenya,11/1/2011,2011,11,61670.9,30958.92,64.9
Kenya,12/1/2011,2011,12,62903.41,31942.19,61.29
Kenya,1/1/2011,2011,1,47609.25,14506.88,-9.18
Kenya,2/1/2011,2011,2,47881.84,15866.46,-4.9
Kenya,3/1/2011,2011,3,49661.82,19540.42,7.44
Kenya,4/1/2011,2011,4,54159.93,23180.81,23.23
Kenya,5/1/2011,2011,5,58489.63,23606.62,30.83
Kenya,6/1/2011,2011,6,59761.98,26057.13,50.27
Kenya,7/1/2011,2011,7,62902.38,27779.29,60.53
Kenya,8/1/2011,2011,8,60419.79,25923.1,55.2
Kenya,9/1/2011,2011,9,58895.58,25110.83,51.63
Kenya,10/1/2011,2011,10,58298.5,23261.31,43.73
Kenya,11/1/2011,2011,11,59154.2,24883.4,48.64
Kenya,12/1/2011,2011,12,59688.6,24134.14,46.72
Kenya,1/1/2011,2011,1,47021.05,14543.67,-9.69
Kenya,2/1/2011,2011,2,47215.71,15751.47,-6.7
Kenya,3/1/2011,2011,3,49500.23,19027.14,6.12
Kenya,4/1/2011,2011,4,52979.75,22225.39,22.06
Kenya,5/1/2011,2011,5,56968.76,23617.84,28.22
Kenya,6/1/2011,2011,6,57497.73,23269.88,40.18
Kenya,7/1/2011,2011,7,60244.32,25881.44,47.88
Kenya,8/1/2011,2011,8,58752.61,23596.17,44.95
Kenya,9/1/2011,2011,9,57568.23,23698.76,44.68
Kenya,10/1/2011,2011,10,57198.66,23192.09,42.59
Kenya,11/1/2011,2011,11,57194.37,22709.09,38.68
Kenya,12/1/2011,2011,12,57671.54,23115.66,42.96
Kenya,1/1/2011,2011,1,55640.93,22315.18,-14.7
Kenya,2/1/2011,2011,2,56451.52,24041.72,-3.98
Kenya,3/1/2011,2011,3,61880.27,28778.62,11.67
Kenya,4/1/2011,2011,4,65436.83,33561.22,26.62
Kenya,5/1/2011,2011,5,68767.81,33244.56,28.6
Kenya,6/1/2011,2011,6,72781.75,37896.56,50.04
Kenya,7/1/2011,2011,7,73365.7,40508.34,56.82
Kenya,8/1/2011,2011,8,72559.37,39362.19,60.36
Kenya,9/1/2011,2011,9,70129.98,37899.53,51.98
Kenya,10/1/2011,2011,10,67603.09,37085.68,47.91
Kenya,11/1/2011,2011,11,72026.3,38438.75,53.21
Kenya,12/1/2011,2011,12,72752.54,35304.98,46.09
Kenya,1/1/2011,2011,1,44994.66,15002.79,-15.02
Kenya,2/1/2011,2011,2,46439.78,15572.31,-10.08
Kenya,3/1/2011,2011,3,48037.14,19556.17,2.4
Kenya,4/1/2011,2011,4,52883.54,21708.74,16.11
Kenya,5/1/2011,2011,5,57559.64,24800.32,29.03
Kenya,6/1/2011,2011,6,58933.25,27447.46,53.31
Kenya,7/1/2011,2011,7,62382.66,29302.3,62.11
Kenya,8/1/2011,2011,8,59562.91,25389.78,50.68
Kenya,9/1/2011,2011,9,58076.74,23647.3,43.37
Kenya,10/1/2011,2011,10,56900.83,23431.68,40.34
Kenya,11/1/2011,2011,11,56836.86,23584.65,40.71
Kenya,12/1/2011,2011,12,57976.29,23726.6,41.47
Kenya,1/1/2011,2011,1,45478.64,14777.5,-13.5
Kenya,2/1/2011,2011,2,46221.09,16674.82,-7.93
Kenya,3/1/2011,2011,3,46754.2,20652.2,4.83
Kenya,4/1/2011,2011,4,50580.62,24440.83,19.46
Kenya,5/1/2011,2011,5,56605.43,25155.09,30.89
Kenya,6/1/2011,2011,6,59908.56,27516.98,51.89
Kenya,7/1/2011,2011,7,62909.18,29576.5,65.63
Kenya,8/1/2011,2011,8,59394.04,25067.2,49.3
Kenya,9/1/2011,2011,9,57708.66,23079.37,41.2
Kenya,10/1/2011,2011,10,56048.86,22688.19,39.27
Kenya,11/1/2011,2011,11,57001.88,23117.28,39.25
Kenya,12/1/2011,2011,12,58502.44,24483.63,44.35
Kenya,1/1/2011,2011,1,44920.39,15242.07,-14.65
Kenya,2/1/2011,2011,2,46033.39,15528.43,-11.64
Kenya,3/1/2011,2011,3,48011.58,18696.04,1.2
Kenya,4/1/2011,2011,4,52995.53,21923.12,15.54
Kenya,5/1/2011,2011,5,57783.94,25462.11,30.34
Kenya,6/1/2011,2011,6,59126.28,27767.22,49.25
Kenya,7/1/2011,2011,7,63491.01,30449.56,68.07
Kenya,8/1/2011,2011,8,59582.8,27073.85,54.98
Kenya,9/1/2011,2011,9,56983.87,23949.06,42.82
Kenya,10/1/2011,2011,10,57481.17,24071.29,44.03
Kenya,11/1/2011,2011,11,56376,23580.46,38.51
Kenya,12/1/2011,2011,12,58476.45,24173.47,44.01
Kenya,1/1/2011,2011,1,45311.12,14810.34,-13.9
Kenya,2/1/2011,2011,2,46185.14,15078.04,-11.63
Kenya,3/1/2011,2011,3,46765.16,18099.59,-2.48
Kenya,4/1/2011,2011,4,50394.1,20487.39,10.5
Kenya,5/1/2011,2011,5,56158.85,24176.74,25.86
Kenya,6/1/2011,2011,6,59423.19,27898.19,49.29
Kenya,7/1/2011,2011,7,62214.42,28942.44,62.5
Kenya,8/1/2011,2011,8,59087.46,25983.53,51.61
Kenya,9/1/2011,2011,9,56874.45,24040.19,43.35
Kenya,10/1/2011,2011,10,56771.84,22871.94,39.38
Kenya,11/1/2011,2011,11,56540.59,23412.38,39.49
Kenya,12/1/2011,2011,12,57474.27,23229.5,40.09
Kenya,1/1/2011,2011,1,50885.48,19615.05,-12.26
Kenya,2/1/2011,2011,2,52971.12,21029.42,-5.43
Kenya,3/1/2011,2011,3,56049.71,26374.43,14.75
Kenya,4/1/2011,2011,4,60457.64,31367.55,31
Kenya,5/1/2011,2011,5,63824.38,32694.95,37.81
Kenya,6/1/2011,2011,6,66317.41,34773.21,64.07
Kenya,7/1/2011,2011,7,68638.57,37617.12,69.8
Kenya,8/1/2011,2011,8,64605.02,31890.78,61.21
Kenya,9/1/2011,2011,9,62897.1,30693,52.53
Kenya,10/1/2011,2011,10,62760.01,29320.08,58.29
Kenya,11/1/2011,2011,11,62624.83,30265.98,50.29
Kenya,12/1/2011,2011,12,65012.67,32962.16,57.4
Kenya,1/1/2012,2012,1,65103.96,30941.1,54.79
Kenya,2/1/2012,2012,2,63137.45,27574.39,36.6
Kenya,3/1/2012,2012,3,62746.93,27833.44,19.27
Kenya,4/1/2012,2012,4,65008.47,28270.84,9.7
Kenya,5/1/2012,2012,5,68864.81,32722.49,8.29
Kenya,6/1/2012,2012,6,69791.44,32200.3,-1.22
Kenya,7/1/2012,2012,7,69853.57,32952.04,-3.61
Kenya,8/1/2012,2012,8,68697.73,30660.95,0.99
Kenya,9/1/2012,2012,9,64929.67,29223.83,2.83
Kenya,10/1/2012,2012,10,62847.89,28621.18,0.34
Kenya,11/1/2012,2012,11,61227.51,26912.85,-3.5
Kenya,12/1/2012,2012,12,61659.38,27591.49,-6.68
Kenya,1/1/2012,2012,1,60243.6,30995.85,51.55
Kenya,2/1/2012,2012,2,58139.93,26268.65,32.48
Kenya,3/1/2012,2012,3,57445.18,25782.23,19.21
Kenya,4/1/2012,2012,4,57397.1,26104.26,3.48
Kenya,5/1/2012,2012,5,61739.81,28887.73,0.39
Kenya,6/1/2012,2012,6,62018.34,31346.05,-3.32
Kenya,7/1/2012,2012,7,62083.3,32313.48,-13.77
Kenya,8/1/2012,2012,8,62245.1,31381.46,-3.38
Kenya,9/1/2012,2012,9,58481.98,28350.48,-1.37
Kenya,10/1/2012,2012,10,57996.42,26272.85,-4.78
Kenya,11/1/2012,2012,11,57451.98,25535.27,-7.58
Kenya,12/1/2012,2012,12,58200.95,25401.01,-9.05
Kenya,1/1/2012,2012,1,58085.45,24288.14,39.75
Kenya,2/1/2012,2012,2,55175.63,22120.92,28.34
Kenya,3/1/2012,2012,3,55497.63,22421.82,12.43
Kenya,4/1/2012,2012,4,58235.06,24525.02,7.26
Kenya,5/1/2012,2012,5,58873.65,26222,2.88
Kenya,6/1/2012,2012,6,60229.09,27567.99,-0.44
Kenya,7/1/2012,2012,7,60446.62,26811.24,-6.62
Kenya,8/1/2012,2012,8,60079.83,26253.64,-1.51
Kenya,9/1/2012,2012,9,59048.82,25351.76,2.77
Kenya,10/1/2012,2012,10,58997.84,24045.2,2.49
Kenya,11/1/2012,2012,11,57191.76,22055.01,-3.54
Kenya,12/1/2012,2012,12,57783.5,21596.9,-5.14
Kenya,1/1/2012,2012,1,57599.78,30915.37,55
Kenya,2/1/2012,2012,2,54372.24,26518.2,30.96
Kenya,3/1/2012,2012,3,54991.4,26546.91,24.35
Kenya,4/1/2012,2012,4,54806.34,26492.82,12.09
Kenya,5/1/2012,2012,5,57074.14,31350.86,6.68
Kenya,6/1/2012,2012,6,58731.3,32284.61,0.08
Kenya,7/1/2012,2012,7,57431.03,29965.53,-18.66
Kenya,8/1/2012,2012,8,57633.9,30130.49,-6.29
Kenya,9/1/2012,2012,9,55446.17,27733.72,-5.27
Kenya,10/1/2012,2012,10,55037.04,26278.68,-4.26
Kenya,11/1/2012,2012,11,55169.88,25998.67,-5.25
Kenya,12/1/2012,2012,12,55326.18,25504.51,-7.95
Kenya,1/1/2012,2012,1,59534.56,30789.47,45.57
Kenya,2/1/2012,2012,2,56542.56,25901.17,25.7
Kenya,3/1/2012,2012,3,59717.16,29122.62,22.76
Kenya,4/1/2012,2012,4,59985.98,29674.3,10.03
Kenya,5/1/2012,2012,5,62013.59,33314.87,5.38
Kenya,6/1/2012,2012,6,63081.68,33589.26,-2.3
Kenya,7/1/2012,2012,7,62875.1,33849.49,-8.34
Kenya,8/1/2012,2012,8,63024.78,33109.8,-0.28
Kenya,9/1/2012,2012,9,62268.75,32219.33,5.36
Kenya,10/1/2012,2012,10,61748.49,29990.44,0.99
Kenya,11/1/2012,2012,11,60774.82,27764.53,0.55
Kenya,12/1/2012,2012,12,59560.65,26097.51,-10.41
Kenya,1/1/2012,2012,1,68746.96,34306.98,46.07
Kenya,2/1/2012,2012,2,67122.83,31785.73,30.12
Kenya,3/1/2012,2012,3,67178.89,31607.53,16.51
Kenya,4/1/2012,2012,4,67580.29,30525.54,3.9
Kenya,5/1/2012,2012,5,68023.29,33559.22,2.49
Kenya,6/1/2012,2012,6,68768.4,34426.54,-1.43
Kenya,7/1/2012,2012,7,68981.85,33870.28,-8.35
Kenya,8/1/2012,2012,8,68290.71,33554.33,-4.5
Kenya,9/1/2012,2012,9,68087.35,31295.62,-5.37
Kenya,10/1/2012,2012,10,67470.29,30384.05,-5.72
Kenya,11/1/2012,2012,11,67828.68,29764.94,-7.91
Kenya,12/1/2012,2012,12,66136.65,29274.89,-6.9
Kenya,1/1/2012,2012,1,55477.84,23239.09,36.78
Kenya,2/1/2012,2012,2,52828.3,21447.44,24.6
Kenya,3/1/2012,2012,3,54310.82,22418.24,20.38
Kenya,4/1/2012,2012,4,55297.71,23442.98,9.67
Kenya,5/1/2012,2012,5,56415.13,25149.74,3.95
Kenya,6/1/2012,2012,6,58006.63,26215.3,-0.06
Kenya,7/1/2012,2012,7,58675.96,26609.35,-3
Kenya,8/1/2012,2012,8,57008.22,25431.61,-1.6
Kenya,9/1/2012,2012,9,56861.44,24848.13,3.55
Kenya,10/1/2012,2012,10,56808.65,23461.26,2.83
Kenya,11/1/2012,2012,11,55859.53,21437.99,-2.89
Kenya,12/1/2012,2012,12,55534.11,21172.47,-5.36
Kenya,1/1/2012,2012,1,69014.12,34824.67,40.62
Kenya,2/1/2012,2012,2,66741.25,32893.74,28.85
Kenya,3/1/2012,2012,3,66727.16,32382.59,12.04
Kenya,4/1/2012,2012,4,65847.4,32513.68,1.33
Kenya,5/1/2012,2012,5,69503.11,35758.31,4.7
Kenya,6/1/2012,2012,6,70062.54,36265.11,0.11
Kenya,7/1/2012,2012,7,70178.59,36110.03,-6
Kenya,8/1/2012,2012,8,69831.38,35698.59,-1.9
Kenya,9/1/2012,2012,9,67306.2,33398.01,-1.88
Kenya,10/1/2012,2012,10,67851.99,33780.14,-2.24
Kenya,11/1/2012,2012,11,67774.74,33610.41,-3.26
Kenya,12/1/2012,2012,12,67690.34,33589.32,-2.43
Kenya,1/1/2012,2012,1,59117.13,30208.01,47.49
Kenya,2/1/2012,2012,2,56118.13,25237.52,26.68
Kenya,3/1/2012,2012,3,56987.05,26512.95,17.41
Kenya,4/1/2012,2012,4,58635.08,27229.95,7.01
Kenya,5/1/2012,2012,5,61037.47,32123.97,11.32
Kenya,6/1/2012,2012,6,61381.01,32207.44,3.28
Kenya,7/1/2012,2012,7,61603.78,31743.15,-10.52
Kenya,8/1/2012,2012,8,60979.45,31236.22,-3.05
Kenya,9/1/2012,2012,9,60731.76,31294.43,6.3
Kenya,10/1/2012,2012,10,61631.91,30190.27,3.73
Kenya,11/1/2012,2012,11,58969.56,26701.88,-0.45
Kenya,12/1/2012,2012,12,59272.49,25917.54,-8.19
Kenya,1/1/2012,2012,1,67201.39,32304.49,51.97
Kenya,2/1/2012,2012,2,63087.54,28268.25,22.74
Kenya,3/1/2012,2012,3,63610.27,29011.43,6.33
Kenya,4/1/2012,2012,4,65940.42,29171.09,-1.75
Kenya,5/1/2012,2012,5,68841.53,32506.88,3.23
Kenya,6/1/2012,2012,6,70592.95,33271.9,-3.63
Kenya,7/1/2012,2012,7,70792.39,32994.84,-6.15
Kenya,8/1/2012,2012,8,68970.42,32446.07,-0.88
Kenya,9/1/2012,2012,9,66615.27,30216.45,-3.74
Kenya,10/1/2012,2012,10,63677.32,29681.2,-4.05
Kenya,11/1/2012,2012,11,63559.37,29751.76,-5.46
Kenya,12/1/2012,2012,12,63356.79,29795.92,-7.06
Kenya,1/1/2012,2012,1,67475.12,33451.54,47.93
Kenya,2/1/2012,2012,2,64878.98,30632.23,26.26
Kenya,3/1/2012,2012,3,65935.84,31084.65,16.24
Kenya,4/1/2012,2012,4,65660.38,30946.52,5.03
Kenya,5/1/2012,2012,5,68710.78,33218.39,4.89
Kenya,6/1/2012,2012,6,71075.4,34703.6,1.95
Kenya,7/1/2012,2012,7,70186.4,33139.27,-7.37
Kenya,8/1/2012,2012,8,69650.07,32859.46,4.53
Kenya,9/1/2012,2012,9,68601.11,32963.76,6.48
Kenya,10/1/2012,2012,10,68793.64,33065.05,6.97
Kenya,11/1/2012,2012,11,67923.72,32874.19,6.05
Kenya,12/1/2012,2012,12,63045.87,30319.26,-7.49
Kenya,1/1/2012,2012,1,59338.36,27494.08,44.39
Kenya,2/1/2012,2012,2,56174.61,24167.78,27.82
Kenya,3/1/2012,2012,3,58641.64,24796.21,14.28
Kenya,4/1/2012,2012,4,59816.4,26464.79,10.95
Kenya,5/1/2012,2012,5,61969.85,29536.24,11.15
Kenya,6/1/2012,2012,6,63142.47,28923.45,-0.84
Kenya,7/1/2012,2012,7,62954.98,29412.08,-9.78
Kenya,8/1/2012,2012,8,62292.24,28169.86,-1.05
Kenya,9/1/2012,2012,9,61848.12,27834.17,3.94
Kenya,10/1/2012,2012,10,61720.79,27014.99,2.69
Kenya,11/1/2012,2012,11,59004.29,24889.69,-0.13
Kenya,12/1/2012,2012,12,59435.52,24718.86,-5.14
Kenya,1/1/2012,2012,1,63744.03,31978.42,47.78
Kenya,2/1/2012,2012,2,61737.13,29631.21,30.41
Kenya,3/1/2012,2012,3,63103.45,30937.12,15.65
Kenya,4/1/2012,2012,4,63350.08,31877.28,3.9
Kenya,5/1/2012,2012,5,64409.64,33383.49,1.35
Kenya,6/1/2012,2012,6,66172.3,34824,-0.85
Kenya,7/1/2012,2012,7,66278.38,34629.15,-4.78
Kenya,8/1/2012,2012,8,66014.36,33031.38,-3.12
Kenya,9/1/2012,2012,9,65266.08,33689.2,2.21
Kenya,10/1/2012,2012,10,64610.33,31816.31,5.33
Kenya,11/1/2012,2012,11,63828.38,30768.02,-1.09
Kenya,12/1/2012,2012,12,62219.27,29291.06,-5.8
Kenya,1/1/2012,2012,1,67637.23,36204.76,59.4
Kenya,2/1/2012,2012,2,65114.14,32902,37.7
Kenya,3/1/2012,2012,3,65138,32523.61,16.02
Kenya,4/1/2012,2012,4,65073.07,33288.54,2.04
Kenya,5/1/2012,2012,5,69146.09,37122.97,9.81
Kenya,6/1/2012,2012,6,68452.1,37370.02,1.78
Kenya,7/1/2012,2012,7,70377.03,36499.93,-7.85
Kenya,8/1/2012,2012,8,69493.08,35762.71,0.15
Kenya,9/1/2012,2012,9,66960.18,33454.31,-0.48
Kenya,10/1/2012,2012,10,66546.4,32975.3,0.06
Kenya,11/1/2012,2012,11,66861.02,33503.4,-0.19
Kenya,12/1/2012,2012,12,65234.97,31698.5,-7.14
Kenya,1/1/2012,2012,1,67466.96,35048.67,51.75
Kenya,2/1/2012,2012,2,68132.96,34824.72,42.35
Kenya,3/1/2012,2012,3,67423.12,34345.81,19.37
Kenya,4/1/2012,2012,4,66841.69,34209.88,3.52
Kenya,5/1/2012,2012,5,68064.45,35352.92,2.98
Kenya,6/1/2012,2012,6,69389.24,36041.08,-0.42
Kenya,7/1/2012,2012,7,68282.7,35453.85,-6.64
Kenya,8/1/2012,2012,8,68008.2,34904.23,-0.62
Kenya,9/1/2012,2012,9,67364.26,34834.12,0.72
Kenya,10/1/2012,2012,10,68651.49,35815.34,3.29
Kenya,11/1/2012,2012,11,66418.11,34469.91,-0.87
Kenya,12/1/2012,2012,12,66769.96,34344.18,-3.37
Kenya,1/1/2012,2012,1,62446.74,26515.96,48.24
Kenya,2/1/2012,2012,2,61122.07,24179.7,33.13
Kenya,3/1/2012,2012,3,61546.86,24791.94,17.51
Kenya,4/1/2012,2012,4,61842.82,25307.94,5.91
Kenya,5/1/2012,2012,5,65701.99,27696.12,7.96
Kenya,6/1/2012,2012,6,67474.27,29737.77,2.32
Kenya,7/1/2012,2012,7,66412.85,29052.53,-11.19
Kenya,8/1/2012,2012,8,65413.78,27204.34,-2.44
Kenya,9/1/2012,2012,9,63156.66,26893.03,5.99
Kenya,10/1/2012,2012,10,64434.08,25901.74,5.1
Kenya,11/1/2012,2012,11,61255.28,25172.27,1.64
Kenya,12/1/2012,2012,12,60414.51,23573.84,-6.86
Kenya,1/1/2012,2012,1,65437.9,34840.64,77.9
Kenya,2/1/2012,2012,2,63443.08,32953.38,52.71
Kenya,3/1/2012,2012,3,63733.41,31853.25,22.39
Kenya,4/1/2012,2012,4,63653.61,32445,5.68
Kenya,5/1/2012,2012,5,64238.4,36347.52,5.61
Kenya,6/1/2012,2012,6,65902.65,36330.77,-1.94
Kenya,7/1/2012,2012,7,65081.86,35351.61,-8.58
Kenya,8/1/2012,2012,8,64598.44,35001.16,-3.49
Kenya,9/1/2012,2012,9,64326.4,33535.87,0.52
Kenya,10/1/2012,2012,10,62385.53,30646.01,-5.23
Kenya,11/1/2012,2012,11,62795.37,31872.58,-3.36
Kenya,12/1/2012,2012,12,61557.38,29743.44,-8.71
Kenya,1/1/2012,2012,1,67654.02,34136.1,50.27
Kenya,2/1/2012,2012,2,67409.4,33016.45,39.52
Kenya,3/1/2012,2012,3,67294.47,32875.84,20.49
Kenya,4/1/2012,2012,4,67389.58,33249.54,11.11
Kenya,5/1/2012,2012,5,68218.22,34002.89,1.57
Kenya,6/1/2012,2012,6,69056.29,35649.87,-1.06
Kenya,7/1/2012,2012,7,68501.02,34250.37,-9.06
Kenya,8/1/2012,2012,8,67953.52,33971.95,-1.65
Kenya,9/1/2012,2012,9,67214.19,33828.33,0.96
Kenya,10/1/2012,2012,10,67275.1,33077.09,0.64
Kenya,11/1/2012,2012,11,66216.93,33388.91,-0.59
Kenya,12/1/2012,2012,12,66365.03,32782.01,-4.62
Kenya,1/1/2012,2012,1,62054.56,27638.93,50.97
Kenya,2/1/2012,2012,2,61037.74,27078.77,36.07
Kenya,3/1/2012,2012,3,60965.23,26690.23,15.4
Kenya,4/1/2012,2012,4,61488.26,27221.49,4.18
Kenya,5/1/2012,2012,5,64777.61,29461.22,5.8
Kenya,6/1/2012,2012,6,67042.05,29852.7,0.48
Kenya,7/1/2012,2012,7,67243.76,30222.96,-10.51
Kenya,8/1/2012,2012,8,65786.72,28916.67,-2.11
Kenya,9/1/2012,2012,9,61850.25,27123.73,-2.49
Kenya,10/1/2012,2012,10,62247.43,27611.06,0.08
Kenya,11/1/2012,2012,11,60123.51,25721.81,0.28
Kenya,12/1/2012,2012,12,60222.13,25220.88,-7.88
Kenya,1/1/2012,2012,1,64508.8,36251.61,72.42
Kenya,2/1/2012,2012,2,62811.9,32582.74,45.89
Kenya,3/1/2012,2012,3,63880.65,32725.44,20.12
Kenya,4/1/2012,2012,4,63293.55,32122.45,0.15
Kenya,5/1/2012,2012,5,64565.92,36763.23,5.5
Kenya,6/1/2012,2012,6,65374.46,37574.06,-0.6
Kenya,7/1/2012,2012,7,65280.65,35163.54,-9.86
Kenya,8/1/2012,2012,8,64678.33,35788.25,-3.96
Kenya,9/1/2012,2012,9,63754.57,32389.17,-2.38
Kenya,10/1/2012,2012,10,63566.81,32266.09,-0.3
Kenya,11/1/2012,2012,11,62039.87,30886.93,-8.63
Kenya,12/1/2012,2012,12,60503.71,30540.83,-10.54
Kenya,1/1/2012,2012,1,60886.01,28871.29,42.38
Kenya,2/1/2012,2012,2,56716.38,24948.88,24.84
Kenya,3/1/2012,2012,3,57595.29,25249.61,16.26
Kenya,4/1/2012,2012,4,60047.83,27426.96,8.57
Kenya,5/1/2012,2012,5,61815.59,31238.9,8.02
Kenya,6/1/2012,2012,6,62585.76,31346.85,-2.56
Kenya,7/1/2012,2012,7,63811.87,32473.05,-7.15
Kenya,8/1/2012,2012,8,62044.41,30682.42,-0.15
Kenya,9/1/2012,2012,9,61455.29,29002.72,3.17
Kenya,10/1/2012,2012,10,62750.76,28780.46,6.93
Kenya,11/1/2012,2012,11,60811.06,26156.1,0.36
Kenya,12/1/2012,2012,12,61086.81,26039.46,-6.68
Kenya,1/1/2012,2012,1,61797.38,26052.96,54.91
Kenya,2/1/2012,2012,2,59449.06,23055.5,38.99
Kenya,3/1/2012,2012,3,59276.99,23115.68,22.49
Kenya,4/1/2012,2012,4,58893.93,23404.75,2.59
Kenya,5/1/2012,2012,5,63209.32,26235.68,3.25
Kenya,6/1/2012,2012,6,66412.93,28205.3,-0.51
Kenya,7/1/2012,2012,7,65190.49,26344.42,-11.95
Kenya,8/1/2012,2012,8,63775.04,25471.36,-2.12
Kenya,9/1/2012,2012,9,61984.75,26120.79,6.88
Kenya,10/1/2012,2012,10,60560.5,25570.3,5.77
Kenya,11/1/2012,2012,11,59830.38,25135.54,4.94
Kenya,12/1/2012,2012,12,61225.35,24292.93,-5.17
Kenya,1/1/2012,2012,1,58437.78,26847.66,36.82
Kenya,2/1/2012,2012,2,56431.35,24510.61,25.65
Kenya,3/1/2012,2012,3,57343.79,24896,15.95
Kenya,4/1/2012,2012,4,57684.44,26039.29,6.41
Kenya,5/1/2012,2012,5,59720.15,29785.47,8.72
Kenya,6/1/2012,2012,6,61010.22,30211.56,-0.49
Kenya,7/1/2012,2012,7,61308.75,30163.21,-8.3
Kenya,8/1/2012,2012,8,59968.79,28375.17,-3.57
Kenya,9/1/2012,2012,9,59405.73,27161.34,-0.34
Kenya,10/1/2012,2012,10,61437.48,27826.47,6.03
Kenya,11/1/2012,2012,11,60113.46,26042.03,3.73
Kenya,12/1/2012,2012,12,58594.13,24293.14,-6.48
Kenya,1/1/2012,2012,1,70719.04,34451.06,55.63
Kenya,2/1/2012,2012,2,66702.75,30821.35,23.46
Kenya,3/1/2012,2012,3,69257.21,31434.12,7.72
Kenya,4/1/2012,2012,4,70583.99,32303.67,7.02
Kenya,5/1/2012,2012,5,72812.65,35768.16,7.94
Kenya,6/1/2012,2012,6,74816.32,36199.67,0.94
Kenya,7/1/2012,2012,7,75010.83,35880.7,-6.41
Kenya,8/1/2012,2012,8,73042.95,34388.4,0
Kenya,9/1/2012,2012,9,70341.23,32428.88,1.06
Kenya,10/1/2012,2012,10,70511.07,32773.96,1.53
Kenya,11/1/2012,2012,11,67987.39,32139.82,1.75
Kenya,12/1/2012,2012,12,67682.76,31541.08,-4.7
Kenya,1/1/2012,2012,1,67111.57,32789.43,50.09
Kenya,2/1/2012,2012,2,65462.46,30863.52,36.11
Kenya,3/1/2012,2012,3,64575.44,29414.23,13.34
Kenya,4/1/2012,2012,4,65332.16,30151.88,0.37
Kenya,5/1/2012,2012,5,66851.03,34932.22,4.93
Kenya,6/1/2012,2012,6,67768.38,35387.76,0.36
Kenya,7/1/2012,2012,7,68135.81,33669.59,-6.29
Kenya,8/1/2012,2012,8,67763.34,33629.31,-4
Kenya,9/1/2012,2012,9,66607.17,30186.94,-5.86
Kenya,10/1/2012,2012,10,66034.44,29872.13,-2.81
Kenya,11/1/2012,2012,11,65506.17,29380.7,-8.56
Kenya,12/1/2012,2012,12,64569.73,27521.55,-9.83
Kenya,1/1/2012,2012,1,81148.86,48038.66,54.69
Kenya,2/1/2012,2012,2,77036.97,46259.98,39.31
Kenya,3/1/2012,2012,3,76698.35,45868.04,22.26
Kenya,4/1/2012,2012,4,76054.77,45722.32,12.3
Kenya,5/1/2012,2012,5,79464.16,47856.81,8.88
Kenya,6/1/2012,2012,6,81831.97,48517.89,-0.1
Kenya,7/1/2012,2012,7,80333.74,47384.8,-5.98
Kenya,8/1/2012,2012,8,79005.4,46628.41,-3.33
Kenya,9/1/2012,2012,9,77650.52,45919.02,-2.25
Kenya,10/1/2012,2012,10,77359.46,47310.58,-2.43
Kenya,11/1/2012,2012,11,77048.87,47478.17,0.99
Kenya,12/1/2012,2012,12,77203.58,48187.26,-1.16
Kenya,1/1/2012,2012,1,72796.35,43098.69,51.23
Kenya,2/1/2012,2012,2,71088.36,40999.87,34.45
Kenya,3/1/2012,2012,3,71530.1,38981.84,18.15
Kenya,4/1/2012,2012,4,70326.48,38777.1,8.63
Kenya,5/1/2012,2012,5,73911.97,43459.92,6.14
Kenya,6/1/2012,2012,6,75311.7,43755.97,2.85
Kenya,7/1/2012,2012,7,73876.48,43118.88,-2.39
Kenya,8/1/2012,2012,8,73495.9,42295.68,-1.51
Kenya,9/1/2012,2012,9,71722.59,40366.24,-3.46
Kenya,10/1/2012,2012,10,72748.64,39479.28,-3.48
Kenya,11/1/2012,2012,11,70160.34,38045.24,-10.31
Kenya,12/1/2012,2012,12,73233.9,42787.65,0.16
Kenya,1/1/2012,2012,1,76503.74,48217.25,58.21
Kenya,2/1/2012,2012,2,73848.95,43817.84,36
Kenya,3/1/2012,2012,3,73391.91,43202.05,17.43
Kenya,4/1/2012,2012,4,72075.26,43674.23,7.97
Kenya,5/1/2012,2012,5,75508.12,47512.38,1.49
Kenya,6/1/2012,2012,6,79759.82,46292.74,-2.28
Kenya,7/1/2012,2012,7,76576.15,46200.93,-8.24
Kenya,8/1/2012,2012,8,75988.56,46186.4,-4.15
Kenya,9/1/2012,2012,9,74511.83,44634.47,-3.19
Kenya,10/1/2012,2012,10,73987.15,44869.85,-5.08
Kenya,11/1/2012,2012,11,74332.04,46129.14,-2.76
Kenya,12/1/2012,2012,12,75003.25,45779.83,-2.85
Kenya,1/1/2012,2012,1,57594.83,26872.08,37.94
Kenya,2/1/2012,2012,2,55011.53,24945.35,29.89
Kenya,3/1/2012,2012,3,55985.32,25405.62,15.38
Kenya,4/1/2012,2012,4,57109.41,26186.07,5.46
Kenya,5/1/2012,2012,5,59459.14,30702.05,5.76
Kenya,6/1/2012,2012,6,61097.73,31328.9,0.59
Kenya,7/1/2012,2012,7,60797.11,31548.86,-6.8
Kenya,8/1/2012,2012,8,59470.15,29704.88,-0.28
Kenya,9/1/2012,2012,9,60410.26,28898.2,1.52
Kenya,10/1/2012,2012,10,59535.45,28208.98,3.51
Kenya,11/1/2012,2012,11,58611.32,27159.96,0.35
Kenya,12/1/2012,2012,12,58411.74,25363.74,-5.19
Kenya,1/1/2012,2012,1,64533.18,33679.96,58.94
Kenya,2/1/2012,2012,2,62252.13,30829.82,37.56
Kenya,3/1/2012,2012,3,61587.95,29559.6,11.16
Kenya,4/1/2012,2012,4,62260.27,31484.24,-1.44
Kenya,5/1/2012,2012,5,64714.41,35499.47,3.1
Kenya,6/1/2012,2012,6,64415.53,36472.79,-1.42
Kenya,7/1/2012,2012,7,64435.15,34560.43,-7.83
Kenya,8/1/2012,2012,8,64966.27,34155.9,-5.88
Kenya,9/1/2012,2012,9,64945.49,34548.62,2.73
Kenya,10/1/2012,2012,10,65717.01,35991.32,6.93
Kenya,11/1/2012,2012,11,65194.79,35518.55,2.37
Kenya,12/1/2012,2012,12,63952,32350.35,-2.68
Kenya,1/1/2012,2012,1,68655.33,35567.68,52.32
Kenya,2/1/2012,2012,2,67213.46,32573.01,28.59
Kenya,3/1/2012,2012,3,68327.41,33820.88,16.39
Kenya,4/1/2012,2012,4,68022.27,32914.96,6.27
Kenya,5/1/2012,2012,5,69213.13,37215.38,6.81
Kenya,6/1/2012,2012,6,70133.67,38108.38,-0.14
Kenya,7/1/2012,2012,7,69244.39,35215.83,-3.49
Kenya,8/1/2012,2012,8,69492.39,36195.99,2.36
Kenya,9/1/2012,2012,9,68654.61,34670.03,2.64
Kenya,10/1/2012,2012,10,68214.54,33716.03,1.66
Kenya,11/1/2012,2012,11,68380.11,33448.15,0.38
Kenya,12/1/2012,2012,12,68877.34,34362.75,-0.63
Kenya,1/1/2012,2012,1,59269.47,28782.61,43.44
Kenya,2/1/2012,2012,2,56550.29,25521.52,27.45
Kenya,3/1/2012,2012,3,57806.12,26184.43,14.74
Kenya,4/1/2012,2012,4,58882.44,27388.07,7.57
Kenya,5/1/2012,2012,5,61089.99,31460.41,7.19
Kenya,6/1/2012,2012,6,61736.28,32505.5,0.71
Kenya,7/1/2012,2012,7,62194.8,31780.34,-8.2
Kenya,8/1/2012,2012,8,61631.14,30776.73,-1.38
Kenya,9/1/2012,2012,9,60150.52,28610.42,2.06
Kenya,10/1/2012,2012,10,60813.51,29460.46,10.4
Kenya,11/1/2012,2012,11,58414.99,26249.47,1.96
Kenya,12/1/2012,2012,12,57329.38,25056.38,-6.64
Kenya,1/1/2012,2012,1,57997.24,28049.46,42.11
Kenya,2/1/2012,2012,2,56626.64,25513.59,29.66
Kenya,3/1/2012,2012,3,57152.51,25253.74,11.76
Kenya,4/1/2012,2012,4,58309.21,26910.65,6.05
Kenya,5/1/2012,2012,5,60917.48,32076.09,8.6
Kenya,6/1/2012,2012,6,62032.32,32306.66,0.34
Kenya,7/1/2012,2012,7,61720.52,31897.01,-6.79
Kenya,8/1/2012,2012,8,60554.37,30359.82,0.52
Kenya,9/1/2012,2012,9,59518.18,28619.93,0.59
Kenya,10/1/2012,2012,10,59493.38,28055.08,4.39
Kenya,11/1/2012,2012,11,58097.37,26408.27,0.48
Kenya,12/1/2012,2012,12,56751.55,25020.04,-7.46
Kenya,1/1/2012,2012,1,63574.47,31779.99,48.16
Kenya,2/1/2012,2012,2,62615.41,30210.2,35.21
Kenya,3/1/2012,2012,3,63693.04,30268.02,17.25
Kenya,4/1/2012,2012,4,62812.8,30793.78,4.08
Kenya,5/1/2012,2012,5,65449.25,32514.02,2.31
Kenya,6/1/2012,2012,6,66364.32,33714.85,3.53
Kenya,7/1/2012,2012,7,66669.42,32782.17,-7.62
Kenya,8/1/2012,2012,8,66139.8,32578.49,2.59
Kenya,9/1/2012,2012,9,65820.91,32369.32,5.85
Kenya,10/1/2012,2012,10,65067.65,32201.2,10.34
Kenya,11/1/2012,2012,11,64030.15,31721.35,8.97
Kenya,12/1/2012,2012,12,62124.3,30760.2,-1.89
Kenya,1/1/2012,2012,1,61799.63,31084.47,47.76
Kenya,2/1/2012,2012,2,57563.48,30964.64,38.25
Kenya,3/1/2012,2012,3,59213.41,30944.03,27.74
Kenya,4/1/2012,2012,4,60262.19,28626.02,9.08
Kenya,5/1/2012,2012,5,63187.92,33625.58,6.93
Kenya,6/1/2012,2012,6,63836.48,32744.13,-3.85
Kenya,7/1/2012,2012,7,64343.67,33081.41,-8.73
Kenya,8/1/2012,2012,8,63500.46,33415.94,1.01
Kenya,9/1/2012,2012,9,63139.42,31680.44,4.79
Kenya,10/1/2012,2012,10,63283.22,30222.23,5.98
Kenya,11/1/2012,2012,11,61725.87,28489.35,0.85
Kenya,12/1/2012,2012,12,60536.94,25879.93,-12.66
Kenya,1/1/2012,2012,1,59682.33,28911.37,44.38
Kenya,2/1/2012,2012,2,56811.09,26080.03,30.68
Kenya,3/1/2012,2012,3,57066.69,26152.7,16.38
Kenya,4/1/2012,2012,4,57872.36,26771.89,5.64
Kenya,5/1/2012,2012,5,60377.75,31599.29,7.5
Kenya,6/1/2012,2012,6,62208.94,32001.02,-1.64
Kenya,7/1/2012,2012,7,61982.78,31479.52,-9.18
Kenya,8/1/2012,2012,8,62089.82,30889.29,0.75
Kenya,9/1/2012,2012,9,60462.57,29537.61,3.79
Kenya,10/1/2012,2012,10,61294.37,28804.46,5.82
Kenya,11/1/2012,2012,11,58638.34,25661.26,-1.72
Kenya,12/1/2012,2012,12,58452.01,25899.62,-2.88
Kenya,1/1/2012,2012,1,76869.02,32490,32.11
Kenya,2/1/2012,2012,2,74306,31046,6.09
Kenya,3/1/2012,2012,3,78610,30858,10.07
Kenya,4/1/2012,2012,4,83472,29923,-9.21
Kenya,5/1/2012,2012,5,91899.64,37611,-3.79
Kenya,6/1/2012,2012,6,87844,36226,-0.28
Kenya,7/1/2012,2012,7,73530.46,35221,-17.37
Kenya,8/1/2012,2012,8,61271,35037,-18.85
Kenya,9/1/2012,2012,9,63127.27,30851,-13.03
Kenya,10/1/2012,2012,10,62614,29096,-12.28
Kenya,11/1/2012,2012,11,57578,28605,-14.78
Kenya,12/1/2012,2012,12,60399,27188,-18.92
Kenya,1/1/2012,2012,1,62387.41,29489.59,48.6
Kenya,2/1/2012,2012,2,59076.99,27281.01,29.88
Kenya,3/1/2012,2012,3,60642.54,28118.51,14.93
Kenya,4/1/2012,2012,4,61267.31,29411.83,5.4
Kenya,5/1/2012,2012,5,63236.37,31863.01,4.58
Kenya,6/1/2012,2012,6,64431.86,32356.48,1.6
Kenya,7/1/2012,2012,7,64753.28,31649.67,-4.04
Kenya,8/1/2012,2012,8,64049.4,31050.25,0.54
Kenya,9/1/2012,2012,9,64368.32,30500.05,3.63
Kenya,10/1/2012,2012,10,64209.57,29696.84,6.85
Kenya,11/1/2012,2012,11,61771.3,28030.85,-1.87
Kenya,12/1/2012,2012,12,60594.51,26928.57,-6.66
Kenya,1/1/2012,2012,1,61684.41,29206.21,55.08
Kenya,2/1/2012,2012,2,58251.55,25135.06,30.24
Kenya,3/1/2012,2012,3,59124.79,26432.85,19.21
Kenya,4/1/2012,2012,4,61353.05,28736.88,21.06
Kenya,5/1/2012,2012,5,62770.32,30648.88,13.84
Kenya,6/1/2012,2012,6,63440.76,30978.37,3.55
Kenya,7/1/2012,2012,7,64372.54,30697.95,-4.47
Kenya,8/1/2012,2012,8,63442.71,29594.81,-0.11
Kenya,9/1/2012,2012,9,62989.47,29389.46,2.51
Kenya,10/1/2012,2012,10,63251.74,28635.04,5.66
Kenya,11/1/2012,2012,11,62463.26,26463.5,-0.73
Kenya,12/1/2012,2012,12,62541.47,25996.33,-6.48
Kenya,1/1/2012,2012,1,68723.72,35530.89,37.8
Kenya,2/1/2012,2012,2,66079.69,33733.26,24.32
Kenya,3/1/2012,2012,3,66473.19,32827.17,9.83
Kenya,4/1/2012,2012,4,68039.8,33911.46,5.77
Kenya,5/1/2012,2012,5,68153.05,34636.38,0.3
Kenya,6/1/2012,2012,6,69010.54,34934.22,-4.21
Kenya,7/1/2012,2012,7,68269.15,34811.34,-7.29
Kenya,8/1/2012,2012,8,68424.81,34809.9,-3.16
Kenya,9/1/2012,2012,9,69477.32,36039.55,3.68
Kenya,10/1/2012,2012,10,69565.82,35846.36,2.47
Kenya,11/1/2012,2012,11,70114.97,36312.7,2.52
Kenya,12/1/2012,2012,12,69003.68,34988.87,-0.84
Kenya,1/1/2012,2012,1,57550.35,23863.05,40.2
Kenya,2/1/2012,2012,2,54545.65,21243.42,25.91
Kenya,3/1/2012,2012,3,55540.38,22145.37,16.33
Kenya,4/1/2012,2012,4,57124.23,23729.8,9.67
Kenya,5/1/2012,2012,5,59156.01,25800.76,5.54
Kenya,6/1/2012,2012,6,60029.68,26223.96,-0.97
Kenya,7/1/2012,2012,7,59799.47,26023.11,-5.23
Kenya,8/1/2012,2012,8,59407.91,25897.55,0.54
Kenya,9/1/2012,2012,9,58190.78,23759.07,0.78
Kenya,10/1/2012,2012,10,58428.41,23231.86,2.69
Kenya,11/1/2012,2012,11,57517.95,21893.41,-1.43
Kenya,12/1/2012,2012,12,57374.97,21566.37,-3.81
Kenya,1/1/2012,2012,1,68543.06,35847.51,51.66
Kenya,2/1/2012,2012,2,67015.06,33884.63,37.42
Kenya,3/1/2012,2012,3,67523.73,34130.81,20.76
Kenya,4/1/2012,2012,4,67339.3,34011.34,6.23
Kenya,5/1/2012,2012,5,67994.91,35078.32,4.38
Kenya,6/1/2012,2012,6,70476.05,36179.21,1.76
Kenya,7/1/2012,2012,7,68193.16,34722.18,-11.65
Kenya,8/1/2012,2012,8,68275.11,34795.17,-0.88
Kenya,9/1/2012,2012,9,67775.09,34642.68,0.9
Kenya,10/1/2012,2012,10,67089.41,33708.85,-0.65
Kenya,11/1/2012,2012,11,67516,34669.72,1.17
Kenya,12/1/2012,2012,12,67656.14,34394.4,-2.28
Kenya,1/1/2012,2012,1,72376.64,29464.29,53.57
Kenya,2/1/2012,2012,2,69924.26,25741.86,33.22
Kenya,3/1/2012,2012,3,71846.74,26343.8,32.01
Kenya,4/1/2012,2012,4,72694,27859.13,20.23
Kenya,5/1/2012,2012,5,74844.19,30963.96,8.2
Kenya,6/1/2012,2012,6,76209.29,31769.84,1.32
Kenya,7/1/2012,2012,7,76897.66,33445.55,-6.87
Kenya,8/1/2012,2012,8,74426.07,29245.16,-2.91
Kenya,9/1/2012,2012,9,74360.12,29178.9,1.93
Kenya,10/1/2012,2012,10,73694,28431.77,1.4
Kenya,11/1/2012,2012,11,70044.54,25498.04,1.11
Kenya,12/1/2012,2012,12,69452.21,24700.86,-9.33
Kenya,1/1/2012,2012,1,67593.76,29557.54,56.97
Kenya,2/1/2012,2012,2,66293.05,26791.35,40.18
Kenya,3/1/2012,2012,3,66202.4,25769.02,17.04
Kenya,4/1/2012,2012,4,66920.97,27960.86,4.89
Kenya,5/1/2012,2012,5,68484.44,31567.67,3.08
Kenya,6/1/2012,2012,6,69689.23,32779.02,-0.07
Kenya,7/1/2012,2012,7,69558.89,32246.91,-8.28
Kenya,8/1/2012,2012,8,69108.76,29574.53,0.18
Kenya,9/1/2012,2012,9,68201.88,27398.27,2.79
Kenya,10/1/2012,2012,10,68630.29,26146.94,-0.28
Kenya,11/1/2012,2012,11,65185.57,26078.24,-1.33
Kenya,12/1/2012,2012,12,64327.84,25185.49,-9.94
Kenya,1/1/2012,2012,1,66879.96,34799.19,60.57
Kenya,2/1/2012,2012,2,62735.98,31119.03,40.1
Kenya,3/1/2012,2012,3,63267.29,30431.37,18.96
Kenya,4/1/2012,2012,4,63093.36,31495.2,4.5
Kenya,5/1/2012,2012,5,67550.15,34118.17,6.61
Kenya,6/1/2012,2012,6,69024.98,34899.13,-1.9
Kenya,7/1/2012,2012,7,69587.48,36769.05,-5.1
Kenya,8/1/2012,2012,8,69092.68,36117.93,1.7
Kenya,9/1/2012,2012,9,67544.73,33879.46,3.18
Kenya,10/1/2012,2012,10,67231.51,33911.04,1.94
Kenya,11/1/2012,2012,11,65699.36,33091.89,1.72
Kenya,12/1/2012,2012,12,64867.55,31942.18,-6.59
Kenya,1/1/2012,2012,1,60284.41,29884.28,50.03
Kenya,2/1/2012,2012,2,55918.89,25203.37,24.35
Kenya,3/1/2012,2012,3,59125.16,26459.71,19.74
Kenya,4/1/2012,2012,4,59187.9,26968.06,6.78
Kenya,5/1/2012,2012,5,61541.12,31559.46,7
Kenya,6/1/2012,2012,6,61984.25,32271.95,-3.25
Kenya,7/1/2012,2012,7,63056.74,31983.53,-9.48
Kenya,8/1/2012,2012,8,63384.84,32354.41,0.92
Kenya,9/1/2012,2012,9,62097.74,30491.52,5.43
Kenya,10/1/2012,2012,10,61262.82,28864.14,9.06
Kenya,11/1/2012,2012,11,58963.68,25538.25,0.62
Kenya,12/1/2012,2012,12,56352.61,23448.44,-14.51
Kenya,1/1/2012,2012,1,63139.7,30023.15,58.55
Kenya,2/1/2012,2012,2,62652.33,28586.4,41.57
Kenya,3/1/2012,2012,3,61760.38,27870.66,14.22
Kenya,4/1/2012,2012,4,61893.19,27848.76,-0.35
Kenya,5/1/2012,2012,5,65841.99,33453.73,8.75
Kenya,6/1/2012,2012,6,65646.55,33618.81,-0.36
Kenya,7/1/2012,2012,7,66693.98,32646.23,-8.22
Kenya,8/1/2012,2012,8,66618.96,32260.08,-1.23
Kenya,9/1/2012,2012,9,62428.72,27849.98,-2.03
Kenya,10/1/2012,2012,10,62385.03,26598.74,-4.86
Kenya,11/1/2012,2012,11,61996.19,26103.49,-7.53
Kenya,12/1/2012,2012,12,61323.69,26290.1,-8.34
Kenya,1/1/2012,2012,1,62777.05,30233.57,50.82
Kenya,2/1/2012,2012,2,58934.56,25745.81,29.36
Kenya,3/1/2012,2012,3,61221.38,27584.67,21.29
Kenya,4/1/2012,2012,4,62006.86,27758.64,10.03
Kenya,5/1/2012,2012,5,64304.3,32014.5,8.69
Kenya,6/1/2012,2012,6,65007.23,32864.27,-1.73
Kenya,7/1/2012,2012,7,65130.14,31940.3,-8.55
Kenya,8/1/2012,2012,8,64706.64,31318.21,-1.05
Kenya,9/1/2012,2012,9,62826.64,29296.78,3.72
Kenya,10/1/2012,2012,10,62681.01,28669.26,6.88
Kenya,11/1/2012,2012,11,59934.05,26065.01,-3.21
Kenya,12/1/2012,2012,12,60007.92,26168.07,-7.63
Kenya,1/1/2012,2012,1,77670.47,43537.84,30.38
Kenya,2/1/2012,2012,2,76265.63,38331.82,17.68
Kenya,3/1/2012,2012,3,76698.28,39116.37,9.28
Kenya,4/1/2012,2012,4,75771.71,38431.85,-0.25
Kenya,5/1/2012,2012,5,77550.78,44221.23,6.94
Kenya,6/1/2012,2012,6,77776.71,44441.03,1.71
Kenya,7/1/2012,2012,7,77723.23,41585.31,-0.78
Kenya,8/1/2012,2012,8,77554.5,40661.04,1.05
Kenya,9/1/2012,2012,9,76379.27,38745.62,-3.13
Kenya,10/1/2012,2012,10,76293.58,42766.94,0.77
Kenya,11/1/2012,2012,11,76922.24,42463.72,3.1
Kenya,12/1/2012,2012,12,77582.89,38815.56,1.5
Kenya,1/1/2012,2012,1,68883.73,36677.65,61.27
Kenya,2/1/2012,2012,2,65462.13,32611.06,33.74
Kenya,3/1/2012,2012,3,65778.3,32348.51,11.26
Kenya,4/1/2012,2012,4,66017.8,33404.71,1.93
Kenya,5/1/2012,2012,5,67080.16,35206.3,3.75
Kenya,6/1/2012,2012,6,68273.46,37569.15,-0.1
Kenya,7/1/2012,2012,7,68912.13,36087.03,-9.08
Kenya,8/1/2012,2012,8,67717.47,34318.61,-5.45
Kenya,9/1/2012,2012,9,67680.1,35442.15,-0.27
Kenya,10/1/2012,2012,10,69355.52,37234.02,4.33
Kenya,11/1/2012,2012,11,68985.36,37566.37,3.27
Kenya,12/1/2012,2012,12,69115.31,36726.03,-0.94
Kenya,1/1/2012,2012,1,64266.07,33732.44,66.21
Kenya,2/1/2012,2012,2,62059.77,31011.1,43.58
Kenya,3/1/2012,2012,3,62369.84,31019.73,17.92
Kenya,4/1/2012,2012,4,62308.58,30885.13,-0.3
Kenya,5/1/2012,2012,5,65271.67,35308.03,6.28
Kenya,6/1/2012,2012,6,65216.74,35597.42,-0.74
Kenya,7/1/2012,2012,7,65063.81,34052.48,-8.6
Kenya,8/1/2012,2012,8,64370.06,32985.28,-8
Kenya,9/1/2012,2012,9,62412.39,30400.51,-6.01
Kenya,10/1/2012,2012,10,61641.77,30294.09,-0.82
Kenya,11/1/2012,2012,11,61033.47,29575,-10.15
Kenya,12/1/2012,2012,12,61247.52,29516.81,-7.57
Kenya,1/1/2012,2012,1,61993.02,32264.15,58.8
Kenya,2/1/2012,2012,2,57928.92,27085.89,32.2
Kenya,3/1/2012,2012,3,56821.26,25774,9.75
Kenya,4/1/2012,2012,4,57604.64,27915.58,4.79
Kenya,5/1/2012,2012,5,63018.59,32908.57,4.73
Kenya,6/1/2012,2012,6,64618.16,34194.45,0.28
Kenya,7/1/2012,2012,7,63768.4,33718.62,-7.25
Kenya,8/1/2012,2012,8,62643.82,33072.88,-1.6
Kenya,9/1/2012,2012,9,61620.15,32341.52,2.12
Kenya,10/1/2012,2012,10,61336.69,32295.41,2.17
Kenya,11/1/2012,2012,11,61425.5,32398.2,2.89
Kenya,12/1/2012,2012,12,60086.1,31248.88,-4.36
Kenya,1/1/2012,2012,1,57481.14,23815.66,39.45
Kenya,2/1/2012,2012,2,54575.22,21303.2,26.02
Kenya,3/1/2012,2012,3,55836.18,21727.34,13.86
Kenya,4/1/2012,2012,4,55935.17,22800.38,8.47
Kenya,5/1/2012,2012,5,58991.86,25766.7,6.56
Kenya,6/1/2012,2012,6,59638.25,26496.75,-2.17
Kenya,7/1/2012,2012,7,60201.48,26104.02,-6.78
Kenya,8/1/2012,2012,8,59405.55,26170.05,-0.69
Kenya,9/1/2012,2012,9,58219.46,25081.64,2.96
Kenya,10/1/2012,2012,10,59254.38,23421.54,2.77
Kenya,11/1/2012,2012,11,57802.27,22318.77,-1.39
Kenya,12/1/2012,2012,12,57578.5,21601.97,-3.74
Kenya,1/1/2012,2012,1,76038.59,46242.77,53.36
Kenya,2/1/2012,2012,2,73977.61,43745.9,38.54
Kenya,3/1/2012,2012,3,73861.16,43218.06,16.79
Kenya,4/1/2012,2012,4,73462.6,43520.57,3.63
Kenya,5/1/2012,2012,5,77043.61,45972.45,2.03
Kenya,6/1/2012,2012,6,77150.43,46491.96,-2.06
Kenya,7/1/2012,2012,7,77342.86,44792.68,-9.28
Kenya,8/1/2012,2012,8,76559.29,45037.32,-4.42
Kenya,9/1/2012,2012,9,75165.92,44639.06,-1.13
Kenya,10/1/2012,2012,10,74294.72,45080.35,-4.54
Kenya,11/1/2012,2012,11,78341.38,45641.47,2.09
Kenya,12/1/2012,2012,12,74448.78,44620.28,-4
Kenya,1/1/2012,2012,1,72450.27,36198.15,40.82
Kenya,2/1/2012,2012,2,70036.81,33612.69,24.03
Kenya,3/1/2012,2012,3,69746.36,32956.93,11.63
Kenya,4/1/2012,2012,4,69343.49,33373.9,3.03
Kenya,5/1/2012,2012,5,71942.71,35408.71,2.48
Kenya,6/1/2012,2012,6,73951.51,36633.41,0.08
Kenya,7/1/2012,2012,7,74208.51,36646,-5.93
Kenya,8/1/2012,2012,8,71884.72,35481.75,-2.31
Kenya,9/1/2012,2012,9,70676.26,34431.45,-4.02
Kenya,10/1/2012,2012,10,73177.28,36280.84,1.9
Kenya,11/1/2012,2012,11,72121.62,35504.11,-1.74
Kenya,12/1/2012,2012,12,73497.62,36740.82,1.99
Kenya,1/1/2012,2012,1,65304.89,35201.88,72.22
Kenya,2/1/2012,2012,2,63109.8,34278.37,50.25
Kenya,3/1/2012,2012,3,62856.89,31457.3,16.5
Kenya,4/1/2012,2012,4,62973.98,32804.61,0.48
Kenya,5/1/2012,2012,5,65286.95,35866.59,3.17
Kenya,6/1/2012,2012,6,65849.91,36737.03,-2.1
Kenya,7/1/2012,2012,7,65505.76,35641.08,-7.41
Kenya,8/1/2012,2012,8,65356.42,34159.3,-5.15
Kenya,9/1/2012,2012,9,63841.81,33258.84,0.2
Kenya,10/1/2012,2012,10,62354.32,32218.59,-2.89
Kenya,11/1/2012,2012,11,61403.33,32654.73,-4.78
Kenya,12/1/2012,2012,12,61284.09,31553.21,-8.03
Kenya,1/1/2012,2012,1,69724.63,34256.29,37.91
Kenya,2/1/2012,2012,2,67655.61,32401.4,19.82
Kenya,3/1/2012,2012,3,67467.99,32087.34,10.74
Kenya,4/1/2012,2012,4,67111.32,32359.85,6.37
Kenya,5/1/2012,2012,5,70064.57,34240.44,3.64
Kenya,6/1/2012,2012,6,70392.55,34591.34,-2.45
Kenya,7/1/2012,2012,7,68706.56,33536.53,-9.63
Kenya,8/1/2012,2012,8,68248.54,33373.72,-4.86
Kenya,9/1/2012,2012,9,67786.64,32704.35,-1.19
Kenya,10/1/2012,2012,10,67515.68,32310.26,-1.03
Kenya,11/1/2012,2012,11,67126.64,32249.3,-2.32
Kenya,12/1/2012,2012,12,67610.06,32698.78,-4.24
Kenya,1/1/2012,2012,1,57602.64,28030.54,48.07
Kenya,2/1/2012,2012,2,55781.99,26354.07,37.45
Kenya,3/1/2012,2012,3,56250.55,25624.35,20.96
Kenya,4/1/2012,2012,4,55659.2,25784.93,2.64
Kenya,5/1/2012,2012,5,58765.63,30761.09,4.56
Kenya,6/1/2012,2012,6,59211.42,31102.67,-0.1
Kenya,7/1/2012,2012,7,58625.6,28367.16,-16.41
Kenya,8/1/2012,2012,8,58315.52,28715.26,-5.09
Kenya,9/1/2012,2012,9,56751.02,26946.56,-0.92
Kenya,10/1/2012,2012,10,56436.92,26397.23,-1.64
Kenya,11/1/2012,2012,11,56657.14,25729.57,-4.55
Kenya,12/1/2012,2012,12,56489.38,25294.88,-7.1
Kenya,1/1/2012,2012,1,66330.16,33071.41,48.37
Kenya,2/1/2012,2012,2,65070.56,30823.02,28.58
Kenya,3/1/2012,2012,3,65967.69,31376.43,17.33
Kenya,4/1/2012,2012,4,65308.25,30975.28,5.25
Kenya,5/1/2012,2012,5,69660.25,33084.02,4.55
Kenya,6/1/2012,2012,6,69854.85,35301.26,2.91
Kenya,7/1/2012,2012,7,70514.3,33420.31,-3.98
Kenya,8/1/2012,2012,8,70039.37,31663.83,2.03
Kenya,9/1/2012,2012,9,68981.61,32404.36,4.36
Kenya,10/1/2012,2012,10,68129.11,32913.4,4.85
Kenya,11/1/2012,2012,11,65707.95,31604.4,1.82
Kenya,12/1/2012,2012,12,63459.96,30941.58,-3.55
Kenya,1/1/2012,2012,1,58691.02,25499.79,42.49
Kenya,2/1/2012,2012,2,55553.81,24330.81,28.89
Kenya,3/1/2012,2012,3,55968.29,22092.53,8.85
Kenya,4/1/2012,2012,4,57416.45,23316.96,0.54
Kenya,5/1/2012,2012,5,59660.39,27458.37,6.26
Kenya,6/1/2012,2012,6,60485.98,27182.78,0.22
Kenya,7/1/2012,2012,7,60659.42,26855.66,-7.37
Kenya,8/1/2012,2012,8,60057.77,26799.55,0.78
Kenya,9/1/2012,2012,9,59422.62,24769.77,-0.02
Kenya,10/1/2012,2012,10,59995.44,25067.84,4.94
Kenya,11/1/2012,2012,11,59277.69,23631.67,0.42
Kenya,12/1/2012,2012,12,59468.14,22455.08,-4.42
Kenya,1/1/2012,2012,1,63497.69,31306.1,53.92
Kenya,2/1/2012,2012,2,61702.04,29925.76,37.14
Kenya,3/1/2012,2012,3,62740.2,29796.67,14.58
Kenya,4/1/2012,2012,4,63781.34,31277.52,1.78
Kenya,5/1/2012,2012,5,65656.05,35240.34,8.76
Kenya,6/1/2012,2012,6,66038.17,36107.45,-1.62
Kenya,7/1/2012,2012,7,66808.26,35749.37,-5.39
Kenya,8/1/2012,2012,8,66283.48,32073.2,-3.16
Kenya,9/1/2012,2012,9,63775.13,30786.24,-2.95
Kenya,10/1/2012,2012,10,64614.11,31285.11,7.35
Kenya,11/1/2012,2012,11,61545.92,29937.77,-3.57
Kenya,12/1/2012,2012,12,61319.2,28676.42,-5.15
Kenya,1/1/2012,2012,1,64326.69,32033.01,58.53
Kenya,2/1/2012,2012,2,61349.16,30068.18,36.69
Kenya,3/1/2012,2012,3,61823,29451.04,16.14
Kenya,4/1/2012,2012,4,61113.16,29432.12,2.18
Kenya,5/1/2012,2012,5,66108.59,33025.86,6.32
Kenya,6/1/2012,2012,6,66653.45,33282.72,1.61
Kenya,7/1/2012,2012,7,67207.91,32521.22,-5.9
Kenya,8/1/2012,2012,8,67715.73,31536.95,5.21
Kenya,9/1/2012,2012,9,64996.55,32069.69,8
Kenya,10/1/2012,2012,10,64087.71,31484.89,8.96
Kenya,11/1/2012,2012,11,64380.06,31402.42,6.35
Kenya,12/1/2012,2012,12,61857.96,30228.9,-2.63
Kenya,1/1/2012,2012,1,64310.71,33342.95,60.45
Kenya,2/1/2012,2012,2,61877.77,30597.04,34.94
Kenya,3/1/2012,2012,3,63813.98,30422.37,11.86
Kenya,4/1/2012,2012,4,63653.35,31406.35,0.93
Kenya,5/1/2012,2012,5,64857.29,32883.9,3.04
Kenya,6/1/2012,2012,6,66385.59,34049.96,0.82
Kenya,7/1/2012,2012,7,66314.84,32546.42,-5.53
Kenya,8/1/2012,2012,8,66020.99,32517.21,2.83
Kenya,9/1/2012,2012,9,64776.55,32249.66,6.35
Kenya,10/1/2012,2012,10,65319.07,32964.19,9.94
Kenya,11/1/2012,2012,11,62498.93,31409.32,1.4
Kenya,12/1/2012,2012,12,61168.32,31130.09,-2.65
Kenya,1/1/2012,2012,1,58558.77,23568.87,37.94
Kenya,2/1/2012,2012,2,56544.21,21216.51,24.32
Kenya,3/1/2012,2012,3,56805.58,21547.87,12.58
Kenya,4/1/2012,2012,4,57382.93,21926.15,0.71
Kenya,5/1/2012,2012,5,60714.79,25052.29,4.84
Kenya,6/1/2012,2012,6,60725.32,25775.69,0.36
Kenya,7/1/2012,2012,7,60532.02,25005.53,-6.68
Kenya,8/1/2012,2012,8,60625.74,24866.37,-1.7
Kenya,9/1/2012,2012,9,60362.4,24213.27,-0.3
Kenya,10/1/2012,2012,10,60815.93,23693.09,3.22
Kenya,11/1/2012,2012,11,60536.84,22255.23,-3.55
Kenya,12/1/2012,2012,12,59201.21,21599.88,-5.14
Kenya,1/1/2012,2012,1,58381.86,23392.12,38.18
Kenya,2/1/2012,2012,2,54873.12,20383.59,21.5
Kenya,3/1/2012,2012,3,55835.82,20915.83,11.56
Kenya,4/1/2012,2012,4,56890,21863.58,3.28
Kenya,5/1/2012,2012,5,57483.29,24582.32,2.34
Kenya,6/1/2012,2012,6,58986.68,24238.43,3.29
Kenya,7/1/2012,2012,7,59169.09,24175.56,-4.01
Kenya,8/1/2012,2012,8,58659.25,24070.38,0.8
Kenya,9/1/2012,2012,9,58990.91,23416.78,0.82
Kenya,10/1/2012,2012,10,58734.22,23202.3,1.5
Kenya,11/1/2012,2012,11,58984.66,22598.97,1.53
Kenya,12/1/2012,2012,12,58767.06,22052.39,-0.98
Kenya,1/1/2012,2012,1,71482.19,34361.76,39.83
Kenya,2/1/2012,2012,2,69433.92,32762.97,29.11
Kenya,3/1/2012,2012,3,69111.36,31701.35,10.95
Kenya,4/1/2012,2012,4,69936.05,33067.67,2.65
Kenya,5/1/2012,2012,5,72195.93,34661.39,4.63
Kenya,6/1/2012,2012,6,73431.27,35423.73,-2.89
Kenya,7/1/2012,2012,7,73199.35,34787.07,-7.51
Kenya,8/1/2012,2012,8,72499.61,34575.36,-6.36
Kenya,9/1/2012,2012,9,72058.03,34055.28,-3.94
Kenya,10/1/2012,2012,10,73500.83,34821.55,0.97
Kenya,11/1/2012,2012,11,73510.35,34529.47,-4.25
Kenya,12/1/2012,2012,12,72681.14,34655.86,-0.95
Kenya,1/1/2012,2012,1,57760.91,24291.49,41.79
Kenya,2/1/2012,2012,2,54705.5,21876.43,26.9
Kenya,3/1/2012,2012,3,55683.51,23083.67,16.87
Kenya,4/1/2012,2012,4,57353.07,23550.24,8.47
Kenya,5/1/2012,2012,5,59505.27,26175.45,4.38
Kenya,6/1/2012,2012,6,60147.85,26963.89,0.22
Kenya,7/1/2012,2012,7,60653.68,26258.9,-6.46
Kenya,8/1/2012,2012,8,59314.29,26394.5,1.59
Kenya,9/1/2012,2012,9,59051.44,24416.62,2.38
Kenya,10/1/2012,2012,10,58796.39,23271.15,1.52
Kenya,11/1/2012,2012,11,57693.07,21790.79,-2.62
Kenya,12/1/2012,2012,12,57728.08,21941.5,-3.62
Kenya,1/1/2012,2012,1,57897.36,24088.11,41.37
Kenya,2/1/2012,2012,2,55605.65,21731.7,24.51
Kenya,3/1/2012,2012,3,55849.54,22567.95,14.69
Kenya,4/1/2012,2012,4,57034.64,23652.08,4.91
Kenya,5/1/2012,2012,5,59263.58,26089.9,4.24
Kenya,6/1/2012,2012,6,59508.27,26107.03,-2.8
Kenya,7/1/2012,2012,7,60800.34,26843.25,-6.2
Kenya,8/1/2012,2012,8,58651.73,25424.89,-0.03
Kenya,9/1/2012,2012,9,58398.16,24543.91,3.48
Kenya,10/1/2012,2012,10,58650.11,23000.76,3.18
Kenya,11/1/2012,2012,11,57959.75,21945.01,-1.34
Kenya,12/1/2012,2012,12,58131.49,21021.69,-6.78
Kenya,1/1/2012,2012,1,57957.09,24457.81,41.74
Kenya,2/1/2012,2012,2,54958.43,22169,28.81
Kenya,3/1/2012,2012,3,56001.58,22865.62,19.12
Kenya,4/1/2012,2012,4,57251.8,23984.71,8.66
Kenya,5/1/2012,2012,5,59298.91,26400.92,3.12
Kenya,6/1/2012,2012,6,59827.97,26555.98,-1.49
Kenya,7/1/2012,2012,7,60286.47,25974.39,-9.76
Kenya,8/1/2012,2012,8,59907.76,26307.77,-1.06
Kenya,9/1/2012,2012,9,58245.79,25178.14,3.54
Kenya,10/1/2012,2012,10,59025.8,23794.33,0.94
Kenya,11/1/2012,2012,11,57420.05,22168.03,-1.71
Kenya,12/1/2012,2012,12,58105.78,21594.78,-5.17
Kenya,1/1/2012,2012,1,57919.76,23638.18,40.39
Kenya,2/1/2012,2012,2,54293.54,20796.63,25.6
Kenya,3/1/2012,2012,3,55590.55,22062.68,20.19
Kenya,4/1/2012,2012,4,56627.91,23195.44,12.75
Kenya,5/1/2012,2012,5,59141.44,25448.61,5.29
Kenya,6/1/2012,2012,6,59623.21,25514.33,-3.96
Kenya,7/1/2012,2012,7,60630.95,25955.17,-6.29
Kenya,8/1/2012,2012,8,58703.97,24826.95,-2.43
Kenya,9/1/2012,2012,9,58446.66,23781.77,1.01
Kenya,10/1/2012,2012,10,58893.34,23359.67,3.02
Kenya,11/1/2012,2012,11,57953.36,22268.52,-0.84
Kenya,12/1/2012,2012,12,57512.75,21651.49,-2.99
Kenya,1/1/2012,2012,1,65209.27,32748.81,45.04
Kenya,2/1/2012,2012,2,63626.66,30528.03,31.2
Kenya,3/1/2012,2012,3,63499.54,29565.77,12.72
Kenya,4/1/2012,2012,4,64272.53,30682.18,1.99
Kenya,5/1/2012,2012,5,68415.47,33982.75,5.55
Kenya,6/1/2012,2012,6,69939.51,35307.2,3.45
Kenya,7/1/2012,2012,7,69417.77,33275.56,-5.49
Kenya,8/1/2012,2012,8,68698.04,32645.17,4.37
Kenya,9/1/2012,2012,9,66649.77,32604.55,6.1
Kenya,10/1/2012,2012,10,66740.18,32921.51,9.21
Kenya,11/1/2012,2012,11,65031.01,31799.61,4.44
Kenya,12/1/2012,2012,12,62632.71,29944.95,-6.43
Kenya,1/1/2013,2013,1,61386.08,28504.72,-6.77
Kenya,2/1/2013,2013,2,60302.27,27368.82,-2.75
Kenya,3/1/2013,2013,3,61302.46,27329.78,-2.07
Kenya,4/1/2013,2013,4,62302.18,27500.51,-3.5
Kenya,5/1/2013,2013,5,62588.59,28500.84,-10.96
Kenya,6/1/2013,2013,6,62078.13,27763.8,-12.36
Kenya,7/1/2013,2013,7,59734.36,25950.32,-17.77
Kenya,8/1/2013,2013,8,60694.71,28340.18,-9.73
Kenya,9/1/2013,2013,9,62095.49,28875.75,-2.86
Kenya,10/1/2013,2013,10,64174.6,28574.38,1.03
Kenya,11/1/2013,2013,11,61822.29,28097.04,2.57
Kenya,12/1/2013,2013,12,61073.46,27738.28,-0.25
Kenya,1/1/2013,2013,1,56757.25,26361.67,-10.43
Kenya,2/1/2013,2013,2,56084.84,26366.54,-1.68
Kenya,3/1/2013,2013,3,57253.52,26309.97,0.79
Kenya,4/1/2013,2013,4,57720.98,27615.58,3.05
Kenya,5/1/2013,2013,5,58207.02,28236.76,-4.05
Kenya,6/1/2013,2013,6,57640.78,25791.18,-12.42
Kenya,7/1/2013,2013,7,57121.98,25987.58,-13.9
Kenya,8/1/2013,2013,8,57101.39,26474.65,-11.96
Kenya,9/1/2013,2013,9,58141.97,27830.17,-1.2
Kenya,10/1/2013,2013,10,58939.77,27669.44,3.38
Kenya,11/1/2013,2013,11,59094.43,26943.76,4.11
Kenya,12/1/2013,2013,12,58713.71,27859.32,4.98
Kenya,1/1/2013,2013,1,57816.61,22536.63,-3.53
Kenya,2/1/2013,2013,2,57270.42,22532.61,2.94
Kenya,3/1/2013,2013,3,57444.16,23117.54,3.33
Kenya,4/1/2013,2013,4,57201.57,23040.33,-3.73
Kenya,5/1/2013,2013,5,57221.75,23867.72,-5.71
Kenya,6/1/2013,2013,6,58745.3,23171.34,-8.9
Kenya,7/1/2013,2013,7,58189.76,22764.04,-9.07
Kenya,8/1/2013,2013,8,58095.9,22616.99,-8.21
Kenya,9/1/2013,2013,9,59709.46,24533.16,-0.88
Kenya,10/1/2013,2013,10,59046.92,24507.26,0.91
Kenya,11/1/2013,2013,11,58392.3,22657.34,2.38
Kenya,12/1/2013,2013,12,58567.82,22547.06,2.66
Kenya,1/1/2013,2013,1,54865.67,25392.19,-11.53
Kenya,2/1/2013,2013,2,53858.89,26355.38,-0.78
Kenya,3/1/2013,2013,3,54464.97,26731.51,-0.14
Kenya,4/1/2013,2013,4,54616.92,27687.38,2.04
Kenya,5/1/2013,2013,5,54883.33,27859.68,-7.66
Kenya,6/1/2013,2013,6,54887.97,26617.32,-12.31
Kenya,7/1/2013,2013,7,54772.87,26164.66,-8.74
Kenya,8/1/2013,2013,8,54609.27,26811.51,-8.19
Kenya,9/1/2013,2013,9,55460.4,27757.98,0.06
Kenya,10/1/2013,2013,10,55500.98,27867.48,3.38
Kenya,11/1/2013,2013,11,55390.49,27316.4,2.66
Kenya,12/1/2013,2013,12,55345.2,27060.4,2.94
Kenya,1/1/2013,2013,1,60502.29,28675.77,-2.68
Kenya,2/1/2013,2013,2,58591.49,27593.84,5.02
Kenya,3/1/2013,2013,3,58964.25,26283.3,-5.45
Kenya,4/1/2013,2013,4,59523.42,28481.25,-2.39
Kenya,5/1/2013,2013,5,60827.35,29724.57,-6.5
Kenya,6/1/2013,2013,6,61091.23,28667.23,-9.08
Kenya,7/1/2013,2013,7,60460.09,29061.14,-9.18
Kenya,8/1/2013,2013,8,60583.5,29643.67,-7.25
Kenya,9/1/2013,2013,9,61547.52,31565.55,-1.6
Kenya,10/1/2013,2013,10,61367.1,29578.41,-0.99
Kenya,11/1/2013,2013,11,60170.32,27388.64,-1.17
Kenya,12/1/2013,2013,12,60124.64,29276.55,6.19
Kenya,1/1/2013,2013,1,64859.04,30616.48,-8.2
Kenya,2/1/2013,2013,2,65292.61,30342.19,-3.61
Kenya,3/1/2013,2013,3,64871.62,30302.58,-3.77
Kenya,4/1/2013,2013,4,66574.72,31246.95,0.34
Kenya,5/1/2013,2013,5,67090.11,32192.5,-2.71
Kenya,6/1/2013,2013,6,66804.82,30418.98,-7.25
Kenya,7/1/2013,2013,7,66841.61,30239.97,-6.87
Kenya,8/1/2013,2013,8,64563.72,30162.23,-7.76
Kenya,9/1/2013,2013,9,67373.57,32334.39,1.04
Kenya,10/1/2013,2013,10,67236.21,32291.05,2.79
Kenya,11/1/2013,2013,11,67807.21,31697,3.01
Kenya,12/1/2013,2013,12,67308.07,31051.62,3.79
Kenya,1/1/2013,2013,1,55848.88,22183.56,-1.7
Kenya,2/1/2013,2013,2,55503.96,21639.9,3.21
Kenya,3/1/2013,2013,3,55407.32,21482.53,-0.77
Kenya,4/1/2013,2013,4,56069.08,23748.38,1.35
Kenya,5/1/2013,2013,5,55633.88,23379.44,-4.05
Kenya,6/1/2013,2013,6,56995.41,22654.62,-7.36
Kenya,7/1/2013,2013,7,55790.79,21909.44,-10.97
Kenya,8/1/2013,2013,8,55433.89,21341.16,-9.03
Kenya,9/1/2013,2013,9,57431.82,23687.83,-1.64
Kenya,10/1/2013,2013,10,55967.82,23639.13,-0.47
Kenya,11/1/2013,2013,11,56123.5,21756.92,0.91
Kenya,12/1/2013,2013,12,56196.41,21909.33,2.18
Kenya,1/1/2013,2013,1,67382.33,33573.66,-2.98
Kenya,2/1/2013,2013,2,66109.66,33735.29,0.79
Kenya,3/1/2013,2013,3,67093.39,33410.78,1.84
Kenya,4/1/2013,2013,4,66569.64,33759.03,2.45
Kenya,5/1/2013,2013,5,67281.17,33530.68,-4.73
Kenya,6/1/2013,2013,6,67217.23,33823.86,-5.42
Kenya,7/1/2013,2013,7,66593.33,34368.23,-4.97
Kenya,8/1/2013,2013,8,66602.03,34343.36,-4.21
Kenya,9/1/2013,2013,9,67429.04,34297.89,1.43
Kenya,10/1/2013,2013,10,68073.75,33782.5,0.17
Kenya,11/1/2013,2013,11,68696.65,34127.46,1.45
Kenya,12/1/2013,2013,12,67726.15,34002.3,0.64
Kenya,1/1/2013,2013,1,58899.58,26870.32,-5.76
Kenya,2/1/2013,2013,2,57986.83,27100.57,5.25
Kenya,3/1/2013,2013,3,58593.08,26935.32,2.23
Kenya,4/1/2013,2013,4,58505.67,27346.66,0.09
Kenya,5/1/2013,2013,5,59453.38,28231.7,-7.47
Kenya,6/1/2013,2013,6,60245.96,27690.02,-8.08
Kenya,7/1/2013,2013,7,58753.62,26067.54,-11.34
Kenya,8/1/2013,2013,8,58961.82,26900.16,-8.65
Kenya,9/1/2013,2013,9,60817.89,30211.53,-1.68
Kenya,10/1/2013,2013,10,60162.76,28665.04,-3.7
Kenya,11/1/2013,2013,11,58944.34,26066.09,-1.15
Kenya,12/1/2013,2013,12,59203.11,27150.18,2.15
Kenya,1/1/2013,2013,1,64583.1,30415.75,-4.85
Kenya,2/1/2013,2013,2,61444.82,27382.62,-2.85
Kenya,3/1/2013,2013,3,62470.44,29249.97,-0.55
Kenya,4/1/2013,2013,4,65714.19,29752,0.75
Kenya,5/1/2013,2013,5,63139.54,29154.89,-9.27
Kenya,6/1/2013,2013,6,65962.63,30247.92,-7.79
Kenya,7/1/2013,2013,7,62410.06,29333.15,-11.49
Kenya,8/1/2013,2013,8,62118.04,28324.66,-11.28
Kenya,9/1/2013,2013,9,64689.16,31434.01,0.4
Kenya,10/1/2013,2013,10,67435.43,31135.7,5.42
Kenya,11/1/2013,2013,11,63006.75,30080.83,0.08
Kenya,12/1/2013,2013,12,62770.41,30175.16,0.14
Kenya,1/1/2013,2013,1,63164.69,31275.57,-6.45
Kenya,2/1/2013,2013,2,63133.21,31635.51,0.2
Kenya,3/1/2013,2013,3,63948.12,30609.06,-2.3
Kenya,4/1/2013,2013,4,65692.18,31278.94,0.55
Kenya,5/1/2013,2013,5,67131.51,32226.69,-2.64
Kenya,6/1/2013,2013,6,67945.15,33262.49,-4.28
Kenya,7/1/2013,2013,7,63568.15,31660.4,-7.02
Kenya,8/1/2013,2013,8,63149.77,30983.67,-7.58
Kenya,9/1/2013,2013,9,66077.87,33293.87,-1.39
Kenya,10/1/2013,2013,10,68958.43,33257.96,0.41
Kenya,11/1/2013,2013,11,64414.77,31680.94,-4.41
Kenya,12/1/2013,2013,12,64960.33,32215.53,4.61
Kenya,1/1/2013,2013,1,60530.12,25900.77,-1.74
Kenya,2/1/2013,2013,2,58033.38,24772.01,2.94
Kenya,3/1/2013,2013,3,57422.73,24369.49,-1.91
Kenya,4/1/2013,2013,4,57864.87,25457.98,-3.52
Kenya,5/1/2013,2013,5,58987.16,26272.86,-7.85
Kenya,6/1/2013,2013,6,58622.23,25685.12,-9.09
Kenya,7/1/2013,2013,7,59093.54,24477.13,-11.27
Kenya,8/1/2013,2013,8,59624.18,25263.66,-7.14
Kenya,9/1/2013,2013,9,60595.59,27678.47,-1.33
Kenya,10/1/2013,2013,10,60720.59,26920.42,-1.03
Kenya,11/1/2013,2013,11,59021.17,23857.38,-1.88
Kenya,12/1/2013,2013,12,58856.03,25141.1,0.24
Kenya,1/1/2013,2013,1,63570.54,30924.64,-1.78
Kenya,2/1/2013,2013,2,61921.84,30528.52,1.64
Kenya,3/1/2013,2013,3,62761.94,30608.62,-0.8
Kenya,4/1/2013,2013,4,63409.56,31424.02,-0.66
Kenya,5/1/2013,2013,5,64056.18,32157.19,-2.14
Kenya,6/1/2013,2013,6,63350.95,31606.97,-6.81
Kenya,7/1/2013,2013,7,62634.73,29955.12,-9.58
Kenya,8/1/2013,2013,8,62740.58,30275.33,-6.65
Kenya,9/1/2013,2013,9,63506.95,31473.44,-4.67
Kenya,10/1/2013,2013,10,63862.19,32064.17,-0.2
Kenya,11/1/2013,2013,11,64357.1,30393.92,-0.17
Kenya,12/1/2013,2013,12,63664.19,30576.25,3.32
Kenya,1/1/2013,2013,1,62718.69,31603.2,-10.08
Kenya,2/1/2013,2013,2,61430.05,31036.27,-5.67
Kenya,3/1/2013,2013,3,65983.77,33579.87,2.27
Kenya,4/1/2013,2013,4,65039.93,33163.22,-0.22
Kenya,5/1/2013,2013,5,67356.27,34284.73,-5.21
Kenya,6/1/2013,2013,6,65836.3,32773.62,-8.24
Kenya,7/1/2013,2013,7,64970.2,32329.35,-9.59
Kenya,8/1/2013,2013,8,63183.71,31716.04,-10.22
Kenya,9/1/2013,2013,9,64548.17,32480.81,-3.26
Kenya,10/1/2013,2013,10,66978.08,34334.48,2.38
Kenya,11/1/2013,2013,11,67228.06,34424.04,1.65
Kenya,12/1/2013,2013,12,65494.09,33213.37,2.55
Kenya,1/1/2013,2013,1,66528.71,34710.56,-1.17
Kenya,2/1/2013,2013,2,64888.14,34002.96,-3.55
Kenya,3/1/2013,2013,3,66579.64,34683.76,-0.12
Kenya,4/1/2013,2013,4,66878.34,35079.74,1.31
Kenya,5/1/2013,2013,5,67346.92,35115,-0.86
Kenya,6/1/2013,2013,6,67107.98,35134.54,-2.9
Kenya,7/1/2013,2013,7,66417.54,35017.63,-1.97
Kenya,8/1/2013,2013,8,65665.74,34977.36,-1.6
Kenya,9/1/2013,2013,9,65775.24,34584.5,-1.53
Kenya,10/1/2013,2013,10,68229.47,35470.44,-0.79
Kenya,11/1/2013,2013,11,67017.09,35623.06,2.15
Kenya,12/1/2013,2013,12,67770.82,35424.29,2.33
Kenya,1/1/2013,2013,1,58721.46,23962.4,-7.65
Kenya,2/1/2013,2013,2,58414.61,23437.22,-3.83
Kenya,3/1/2013,2013,3,60454.33,24648.43,-1.24
Kenya,4/1/2013,2013,4,61936.64,25442.49,0.32
Kenya,5/1/2013,2013,5,61431.27,25785.24,-6.68
Kenya,6/1/2013,2013,6,60745.15,24305.73,-13.86
Kenya,7/1/2013,2013,7,59606.48,24501.59,-12.78
Kenya,8/1/2013,2013,8,58155.51,23804.99,-11.73
Kenya,9/1/2013,2013,9,60022.09,25439.28,-5.17
Kenya,10/1/2013,2013,10,61813.96,25644.02,-2.7
Kenya,11/1/2013,2013,11,60671.88,24840.07,-1.12
Kenya,12/1/2013,2013,12,58357.66,23727.16,-1.63
Kenya,1/1/2013,2013,1,60892.56,30539.67,-9.73
Kenya,2/1/2013,2013,2,59725.88,29701.67,-7.9
Kenya,3/1/2013,2013,3,62759.53,33085.54,1.17
Kenya,4/1/2013,2013,4,63358.5,32879.31,0.45
Kenya,5/1/2013,2013,5,64036.64,33146.03,-4.82
Kenya,6/1/2013,2013,6,62350.36,31655.73,-9.31
Kenya,7/1/2013,2013,7,61580.28,31961.65,-7.57
Kenya,8/1/2013,2013,8,61537.81,31103.43,-8.06
Kenya,9/1/2013,2013,9,63207.75,32393.26,-2.59
Kenya,10/1/2013,2013,10,62891.9,31601.7,1.95
Kenya,11/1/2013,2013,11,63851.99,32942.03,2.53
Kenya,12/1/2013,2013,12,63492.71,32616.07,6.34
Kenya,1/1/2013,2013,1,65882.11,33332.11,-2.49
Kenya,2/1/2013,2013,2,64757.53,32074.87,-3.4
Kenya,3/1/2013,2013,3,66538.86,33716.7,0.69
Kenya,4/1/2013,2013,4,66896.28,33554.96,0.09
Kenya,5/1/2013,2013,5,67187.04,33465.23,-1.55
Kenya,6/1/2013,2013,6,66911.18,33504.81,-4.58
Kenya,7/1/2013,2013,7,66434.57,33614.46,-2.44
Kenya,8/1/2013,2013,8,65783.76,33365.1,-2.49
Kenya,9/1/2013,2013,9,66335.53,33920.57,-0.52
Kenya,10/1/2013,2013,10,67846.2,34291.69,2.25
Kenya,11/1/2013,2013,11,67334.44,33921.08,1.64
Kenya,12/1/2013,2013,12,66845.67,33517.94,1.48
Kenya,1/1/2013,2013,1,61387.7,27347.94,-1.06
Kenya,2/1/2013,2013,2,59281.08,27164.36,-1.38
Kenya,3/1/2013,2013,3,60564.83,26840.73,-0.09
Kenya,4/1/2013,2013,4,61215.39,27076.48,-0.49
Kenya,5/1/2013,2013,5,60923.38,26851.22,-7.34
Kenya,6/1/2013,2013,6,60084.9,26336.77,-11.04
Kenya,7/1/2013,2013,7,60679.1,27024.34,-10.15
Kenya,8/1/2013,2013,8,60173.57,26838.27,-7.91
Kenya,9/1/2013,2013,9,60980.59,27726.48,0.29
Kenya,10/1/2013,2013,10,61687.93,26566.64,-2.25
Kenya,11/1/2013,2013,11,61444.74,26554.86,2.68
Kenya,12/1/2013,2013,12,61057.98,26443.25,2.96
Kenya,1/1/2013,2013,1,61200.37,30256.95,-11.16
Kenya,2/1/2013,2013,2,60632.68,31487.16,-3.42
Kenya,3/1/2013,2013,3,62199.38,32037.32,-2.36
Kenya,4/1/2013,2013,4,63067.79,32385.1,0.24
Kenya,5/1/2013,2013,5,64130.42,33004.45,-5.76
Kenya,6/1/2013,2013,6,62760.91,32195.04,-9.51
Kenya,7/1/2013,2013,7,60683.21,31866.16,-8.25
Kenya,8/1/2013,2013,8,61546.2,31641.83,-8.38
Kenya,9/1/2013,2013,9,62098.16,33027.73,-0.3
Kenya,10/1/2013,2013,10,63946.28,33570.13,2.33
Kenya,11/1/2013,2013,11,62885.78,33237.92,4.48
Kenya,12/1/2013,2013,12,62177.87,32851.82,5.18
Kenya,1/1/2013,2013,1,61828.1,27139.02,-2.12
Kenya,2/1/2013,2013,2,60009.07,26655.37,6.29
Kenya,3/1/2013,2013,3,60066.73,26391.99,4.4
Kenya,4/1/2013,2013,4,59380.36,26293.4,-2.55
Kenya,5/1/2013,2013,5,60604.96,27940.55,-6.28
Kenya,6/1/2013,2013,6,62292.46,28681.33,-4.48
Kenya,7/1/2013,2013,7,60128.64,25835.17,-13.16
Kenya,8/1/2013,2013,8,61195.21,26677.73,-7.17
Kenya,9/1/2013,2013,9,62278.6,28455.77,-0.22
Kenya,10/1/2013,2013,10,62663.77,27902.78,-1.53
Kenya,11/1/2013,2013,11,61176.51,26180.35,0.37
Kenya,12/1/2013,2013,12,61040.79,26612.41,0.97
Kenya,1/1/2013,2013,1,58334.62,24368.08,-6
Kenya,2/1/2013,2013,2,57579.21,24263.88,0.51
Kenya,3/1/2013,2013,3,58608.38,23947.39,0.94
Kenya,4/1/2013,2013,4,59407.88,25346.6,4.16
Kenya,5/1/2013,2013,5,59329.24,25444.74,-4.73
Kenya,6/1/2013,2013,6,58362.42,24031.9,-13.35
Kenya,7/1/2013,2013,7,58228.16,24655.41,-8.78
Kenya,8/1/2013,2013,8,57357.34,23138.87,-9.67
Kenya,9/1/2013,2013,9,59152.21,25784.67,-3.07
Kenya,10/1/2013,2013,10,60829.21,24715.82,-1.29
Kenya,11/1/2013,2013,11,59140.07,24626.88,-1.55
Kenya,12/1/2013,2013,12,58782.61,25319.7,-0.36
Kenya,1/1/2013,2013,1,58680.59,25061.38,-2.96
Kenya,2/1/2013,2013,2,58321.31,25316.39,3.32
Kenya,3/1/2013,2013,3,58017.54,24984.17,0.8
Kenya,4/1/2013,2013,4,58540.55,26633.97,1.86
Kenya,5/1/2013,2013,5,59307.3,26960.91,-5.08
Kenya,6/1/2013,2013,6,60020.09,26010.47,-7.73
Kenya,7/1/2013,2013,7,59247.35,25977,-8.57
Kenya,8/1/2013,2013,8,58979.8,25425.74,-5.89
Kenya,9/1/2013,2013,9,59780.52,27297.96,0.57
Kenya,10/1/2013,2013,10,60098.76,27643.22,-1.46
Kenya,11/1/2013,2013,11,59418.9,25306.72,-1.93
Kenya,12/1/2013,2013,12,59916.18,25845.21,4.13
Kenya,1/1/2013,2013,1,67468.52,32735.81,-4.79
Kenya,2/1/2013,2013,2,64838.09,30053.83,-2.65
Kenya,3/1/2013,2013,3,66769.3,31275.54,-2.12
Kenya,4/1/2013,2013,4,67310.14,31235.72,-4
Kenya,5/1/2013,2013,5,68937.72,31926.33,-8.01
Kenya,6/1/2013,2013,6,68393.36,32337.35,-9.61
Kenya,7/1/2013,2013,7,67144.42,32892.09,-9.44
Kenya,8/1/2013,2013,8,66581.5,32200.71,-7.64
Kenya,9/1/2013,2013,9,68021.73,33256.73,-0.49
Kenya,10/1/2013,2013,10,70662.99,33080.07,0.56
Kenya,11/1/2013,2013,11,68092.7,32668.39,0.88
Kenya,12/1/2013,2013,12,68250.71,33267.39,3.07
Kenya,1/1/2013,2013,1,63679.44,27790.32,-10.12
Kenya,2/1/2013,2013,2,63234.8,28108.5,-6.08
Kenya,3/1/2013,2013,3,64857.65,29051.31,-0.36
Kenya,4/1/2013,2013,4,64989.69,30260.75,-0.1
Kenya,5/1/2013,2013,5,66480.25,30989.98,-6.03
Kenya,6/1/2013,2013,6,64689.26,29136.01,-11.24
Kenya,7/1/2013,2013,7,64046.54,28115.4,-11.21
Kenya,8/1/2013,2013,8,63273.35,28451.82,-10.99
Kenya,9/1/2013,2013,9,64323.21,30054.47,-2.01
Kenya,10/1/2013,2013,10,66956.49,31454.79,3.25
Kenya,11/1/2013,2013,11,65651.03,29705.8,0.64
Kenya,12/1/2013,2013,12,64951.96,29547.6,3.7
Kenya,1/1/2013,2013,1,76192.57,48322.58,-2.48
Kenya,2/1/2013,2013,2,75332.2,47888.19,0.91
Kenya,3/1/2013,2013,3,76976.41,47839.46,2.51
Kenya,4/1/2013,2013,4,76890.76,46740.03,1.71
Kenya,5/1/2013,2013,5,77139.52,46663.21,-2.69
Kenya,6/1/2013,2013,6,76507.43,47291,-4.35
Kenya,7/1/2013,2013,7,77577.46,48855.2,0.1
Kenya,8/1/2013,2013,8,76493.55,48298.26,0.48
Kenya,9/1/2013,2013,9,78699.07,48523.99,3.69
Kenya,10/1/2013,2013,10,77258.44,47776.75,0.48
Kenya,11/1/2013,2013,11,80283.55,49669.43,4.43
Kenya,12/1/2013,2013,12,77146.44,48181.2,-0.04
Kenya,1/1/2013,2013,1,69831.18,39704.36,-6.13
Kenya,2/1/2013,2013,2,68081.73,39461.22,-3.97
Kenya,3/1/2013,2013,3,69831.46,39326.73,-0.68
Kenya,4/1/2013,2013,4,70410.99,39520.24,1.06
Kenya,5/1/2013,2013,5,70477.85,40062.66,-6.36
Kenya,6/1/2013,2013,6,70147.41,38233.67,-9.95
Kenya,7/1/2013,2013,7,70118.45,40655.98,-5.42
Kenya,8/1/2013,2013,8,70600.44,40956.62,-3.53
Kenya,9/1/2013,2013,9,70299.97,44439.08,4.41
Kenya,10/1/2013,2013,10,72477.27,42061.73,3.22
Kenya,11/1/2013,2013,11,73356.03,43657.58,9.86
Kenya,12/1/2013,2013,12,72895.73,41821.62,-1.43
Kenya,1/1/2013,2013,1,73823.09,46491.37,-3.55
Kenya,2/1/2013,2013,2,72164.95,47593.67,3.63
Kenya,3/1/2013,2013,3,74042.49,46599.19,4.66
Kenya,4/1/2013,2013,4,73932.72,44401.95,2.08
Kenya,5/1/2013,2013,5,73960.79,44308.46,-4.66
Kenya,6/1/2013,2013,6,74981.23,46374.87,-2.68
Kenya,7/1/2013,2013,7,73284.89,47520.52,-0.39
Kenya,8/1/2013,2013,8,72994.24,47474.59,-0.25
Kenya,9/1/2013,2013,9,75280.99,47352.82,3.79
Kenya,10/1/2013,2013,10,75370.14,46190.91,2.46
Kenya,11/1/2013,2013,11,75307.7,47068.08,1.71
Kenya,12/1/2013,2013,12,74090.67,47510.25,1.53
Kenya,1/1/2013,2013,1,58750.74,27092.17,1.44
Kenya,2/1/2013,2013,2,57256.09,26290.8,4.71
Kenya,3/1/2013,2013,3,57422.2,25922.49,2.32
Kenya,4/1/2013,2013,4,57449.23,26919.03,1.65
Kenya,5/1/2013,2013,5,57879.89,27165.11,-7.15
Kenya,6/1/2013,2013,6,59314.92,27367.35,-7.84
Kenya,7/1/2013,2013,7,57220.24,25611.16,-12.47
Kenya,8/1/2013,2013,8,58085.57,26290.72,-6.9
Kenya,9/1/2013,2013,9,59569.42,28191.94,-1.91
Kenya,10/1/2013,2013,10,59974.08,28413.56,0.73
Kenya,11/1/2013,2013,11,58120.63,26347.25,-1.87
Kenya,12/1/2013,2013,12,57927.7,25509.69,-0.18
Kenya,1/1/2013,2013,1,61617.49,31141.91,-6.06
Kenya,2/1/2013,2013,2,60381.34,31283.05,-0.78
Kenya,3/1/2013,2013,3,61007.81,30809.46,1.59
Kenya,4/1/2013,2013,4,61207.35,31676.15,-0.54
Kenya,5/1/2013,2013,5,61922.13,33553.58,-4.93
Kenya,6/1/2013,2013,6,62402.43,32131.92,-7.78
Kenya,7/1/2013,2013,7,61923.76,31794.08,-6.02
Kenya,8/1/2013,2013,8,60162.61,31756.77,-7.21
Kenya,9/1/2013,2013,9,60894.37,32020.87,-6.79
Kenya,10/1/2013,2013,10,63507.23,33683.64,-4.96
Kenya,11/1/2013,2013,11,63503.49,33517.05,-4.18
Kenya,12/1/2013,2013,12,63310.06,34079.73,2.19
Kenya,1/1/2013,2013,1,68396.44,34088.72,-2.3
Kenya,2/1/2013,2013,2,66078.37,33304.58,0.25
Kenya,3/1/2013,2013,3,68235.91,33978.39,0.16
Kenya,4/1/2013,2013,4,67640.2,33698.12,0.88
Kenya,5/1/2013,2013,5,68376.38,34148.66,-4.85
Kenya,6/1/2013,2013,6,68786.35,33960.11,-6.59
Kenya,7/1/2013,2013,7,68584.85,34368.92,-1.68
Kenya,8/1/2013,2013,8,67628.19,33824.91,-4.65
Kenya,9/1/2013,2013,9,67730.3,34932.37,-0.29
Kenya,10/1/2013,2013,10,68510.31,34424.38,1.26
Kenya,11/1/2013,2013,11,68898.54,34373.93,1.75
Kenya,12/1/2013,2013,12,68649.63,34834.8,0.52
Kenya,1/1/2013,2013,1,58121.69,25776.74,-6.12
Kenya,2/1/2013,2013,2,57150.52,26330.69,2.06
Kenya,3/1/2013,2013,3,58011.5,26544.42,0.84
Kenya,4/1/2013,2013,4,58477.59,27439.99,-0.26
Kenya,5/1/2013,2013,5,60028.89,28384.23,-5.81
Kenya,6/1/2013,2013,6,58876.54,28124.7,-9.17
Kenya,7/1/2013,2013,7,57364.97,25916.13,-13.16
Kenya,8/1/2013,2013,8,57205.09,25158.73,-12.71
Kenya,9/1/2013,2013,9,61112.18,30326.37,3.74
Kenya,10/1/2013,2013,10,60902.1,29459.33,0.07
Kenya,11/1/2013,2013,11,59714.2,27044.75,2.61
Kenya,12/1/2013,2013,12,60098.03,26926.77,6.06
Kenya,1/1/2013,2013,1,57622.69,25778.01,-4.31
Kenya,2/1/2013,2013,2,57137.01,26263.81,1.87
Kenya,3/1/2013,2013,3,57378.88,25743.91,1.12
Kenya,4/1/2013,2013,4,58090.41,27438.86,0.75
Kenya,5/1/2013,2013,5,58812.17,27899.04,-8.36
Kenya,6/1/2013,2013,6,57589.83,26992.92,-11.9
Kenya,7/1/2013,2013,7,56380.5,25670.09,-14.17
Kenya,8/1/2013,2013,8,56654.52,25895.65,-10.57
Kenya,9/1/2013,2013,9,59057.07,28046.3,-1.38
Kenya,10/1/2013,2013,10,60111.93,28162.21,0.72
Kenya,11/1/2013,2013,11,58975.43,26557.35,1.06
Kenya,12/1/2013,2013,12,57887.16,25826.06,2.57
Kenya,1/1/2013,2013,1,61277.09,30545.12,-3.75
Kenya,2/1/2013,2013,2,61564.34,30641.7,-0.15
Kenya,3/1/2013,2013,3,62281.51,31102.53,0.21
Kenya,4/1/2013,2013,4,63215.88,30938.89,0.56
Kenya,5/1/2013,2013,5,63263.91,31086.11,-3.86
Kenya,6/1/2013,2013,6,64590.08,32378.73,-3.32
Kenya,7/1/2013,2013,7,60309.28,28879.4,-10.71
Kenya,8/1/2013,2013,8,59919.06,27903.89,-11.86
Kenya,9/1/2013,2013,9,63205.66,31483.32,-3.36
Kenya,10/1/2013,2013,10,65804.73,33064.37,1.9
Kenya,11/1/2013,2013,11,62980.74,30463.94,-2.8
Kenya,12/1/2013,2013,12,62223.63,31233.35,0.85
Kenya,1/1/2013,2013,1,61738.68,28287.82,-4.55
Kenya,2/1/2013,2013,2,60758.48,28891.59,-0.79
Kenya,3/1/2013,2013,3,61203.33,28298.35,-2.72
Kenya,4/1/2013,2013,4,61614.6,29381.47,2.44
Kenya,5/1/2013,2013,5,62293.29,30493.6,-5.48
Kenya,6/1/2013,2013,6,63699.8,30751.48,-3.18
Kenya,7/1/2013,2013,7,62229.49,28435.56,-8.73
Kenya,8/1/2013,2013,8,61197.61,28522.93,-9.27
Kenya,9/1/2013,2013,9,63127.68,31979.5,0.46
Kenya,10/1/2013,2013,10,63409.34,30862.92,1.14
Kenya,11/1/2013,2013,11,61653.86,28220.15,-0.51
Kenya,12/1/2013,2013,12,61714.96,28336.59,5.42
Kenya,1/1/2013,2013,1,60100.06,26977.99,-2.93
Kenya,2/1/2013,2013,2,58026.65,26874.51,2.58
Kenya,3/1/2013,2013,3,58432.91,26223.03,1.38
Kenya,4/1/2013,2013,4,58239.62,27216.79,1.13
Kenya,5/1/2013,2013,5,59400.3,27896.42,-6.78
Kenya,6/1/2013,2013,6,58674.56,27104.07,-10.56
Kenya,7/1/2013,2013,7,58461.38,26629.5,-10.58
Kenya,8/1/2013,2013,8,58077.39,26640.62,-10.1
Kenya,9/1/2013,2013,9,61238.58,29840.26,1.16
Kenya,10/1/2013,2013,10,61187.83,28919,0.1
Kenya,11/1/2013,2013,11,59387.36,26077.36,1.44
Kenya,12/1/2013,2013,12,59928.99,27247.5,3.78
Kenya,1/1/2013,2013,1,64375,27085,-16.43
Kenya,2/1/2013,2013,2,67875,28150,-8.96
Kenya,3/1/2013,2013,3,72753,29544,-6.05
Kenya,4/1/2013,2013,4,75268,29850,-5.83
Kenya,5/1/2013,2013,5,75770,31686,-16.74
Kenya,6/1/2013,2013,6,73875,29265,-17.4
Kenya,7/1/2013,2013,7,67715,27865.41,-14.25
Kenya,8/1/2013,2013,8,72161,28252,-2.02
Kenya,9/1/2013,2013,9,76568,30529,10.27
Kenya,10/1/2013,2013,10,80764,31521,19.06
Kenya,11/1/2013,2013,11,72999,30044,15.96
Kenya,12/1/2013,2013,12,71013,29208,12.78
Kenya,1/1/2013,2013,1,62548.7,29013.68,-0.65
Kenya,2/1/2013,2013,2,60497.5,28176.53,2.83
Kenya,3/1/2013,2013,3,62246.75,28784.86,2.52
Kenya,4/1/2013,2013,4,60876.35,28839.14,-1.28
Kenya,5/1/2013,2013,5,62182.51,29865.71,-3.97
Kenya,6/1/2013,2013,6,61308.81,29215.56,-7.28
Kenya,7/1/2013,2013,7,60640.95,27900.77,-9.07
Kenya,8/1/2013,2013,8,61276.47,27920.45,-7.16
Kenya,9/1/2013,2013,9,63069.39,29537.57,-2.57
Kenya,10/1/2013,2013,10,63758.05,29652.86,-0.44
Kenya,11/1/2013,2013,11,62064.53,27608.38,-0.47
Kenya,12/1/2013,2013,12,62345.2,28495.61,4.27
Kenya,1/1/2013,2013,1,61358.41,27301.37,-3.44
Kenya,2/1/2013,2013,2,61213.65,27069.24,6.3
Kenya,3/1/2013,2013,3,61870.78,26631.03,2.81
Kenya,4/1/2013,2013,4,62203.58,28327.99,0.03
Kenya,5/1/2013,2013,5,62710.3,27627.77,-4.91
Kenya,6/1/2013,2013,6,63106.65,27587.73,-5.67
Kenya,7/1/2013,2013,7,61520.61,27442.89,-7.44
Kenya,8/1/2013,2013,8,62614.26,28288.47,-2.8
Kenya,9/1/2013,2013,9,63777.01,30209.47,1.99
Kenya,10/1/2013,2013,10,63510.82,28702.49,0.33
Kenya,11/1/2013,2013,11,62743.28,26557.06,0.41
Kenya,12/1/2013,2013,12,62923.63,28219.25,4.21
Kenya,1/1/2013,2013,1,65608.74,34276.35,-4.02
Kenya,2/1/2013,2013,2,66379.18,34399.32,1.22
Kenya,3/1/2013,2013,3,67056.56,34709.53,3.29
Kenya,4/1/2013,2013,4,66356.53,34787.5,0.05
Kenya,5/1/2013,2013,5,67303.52,34313.62,-1.09
Kenya,6/1/2013,2013,6,68546.51,34682.09,-0.7
Kenya,7/1/2013,2013,7,67263.19,33672.87,-2.38
Kenya,8/1/2013,2013,8,65815.45,34773.89,-1.94
Kenya,9/1/2013,2013,9,68169.94,35717.97,-1.38
Kenya,10/1/2013,2013,10,68983.64,35090.5,-1.48
Kenya,11/1/2013,2013,11,69041.73,35815.47,-1.45
Kenya,12/1/2013,2013,12,68497.71,35156.09,-0.12
Kenya,1/1/2013,2013,1,58107.12,22427.01,-2.19
Kenya,2/1/2013,2013,2,56406.93,21576.7,2.61
Kenya,3/1/2013,2013,3,56836.23,21941,0.89
Kenya,4/1/2013,2013,4,56427.6,21987.04,-3.99
Kenya,5/1/2013,2013,5,58188.96,23523.77,-4.98
Kenya,6/1/2013,2013,6,58575.74,22029.03,-8.74
Kenya,7/1/2013,2013,7,57971.92,22647.69,-7.66
Kenya,8/1/2013,2013,8,58086.7,22231.18,-7.77
Kenya,9/1/2013,2013,9,59671.94,24300.55,2.43
Kenya,10/1/2013,2013,10,58590.76,23912.17,1.45
Kenya,11/1/2013,2013,11,58348.5,21627.93,0.3
Kenya,12/1/2013,2013,12,57698.37,22057.93,1.3
Kenya,1/1/2013,2013,1,65519.82,33556.08,-5.42
Kenya,2/1/2013,2013,2,65696.31,33731.31,-1.21
Kenya,3/1/2013,2013,3,66237.02,34104.71,-0.99
Kenya,4/1/2013,2013,4,67500.88,34054.28,0.18
Kenya,5/1/2013,2013,5,66514.43,34484.04,-1.93
Kenya,6/1/2013,2013,6,67753.6,34695.79,-3.98
Kenya,7/1/2013,2013,7,66519.08,34075.51,-2.16
Kenya,8/1/2013,2013,8,66223.1,35239.65,-0.85
Kenya,9/1/2013,2013,9,66508.03,34782.28,-0.72
Kenya,10/1/2013,2013,10,67602.15,35051.41,2.38
Kenya,11/1/2013,2013,11,68139.51,35403.61,1.53
Kenya,12/1/2013,2013,12,66706.57,34089.25,-1.14
Kenya,1/1/2013,2013,1,71027.44,28266.45,-2.85
Kenya,2/1/2013,2013,2,67400.76,26453.15,-0.91
Kenya,3/1/2013,2013,3,70577.12,26943.43,-0.06
Kenya,4/1/2013,2013,4,73670.5,27967.4,0.93
Kenya,5/1/2013,2013,5,74340.18,29069.19,-3.14
Kenya,6/1/2013,2013,6,72234.61,27557.98,-8.87
Kenya,7/1/2013,2013,7,69650.48,26623.8,-14.53
Kenya,8/1/2013,2013,8,67657.61,26258.59,-9.59
Kenya,9/1/2013,2013,9,72184.17,29376.56,-1.34
Kenya,10/1/2013,2013,10,73337.02,28514.76,-0.15
Kenya,11/1/2013,2013,11,70334.77,26672.55,2.18
Kenya,12/1/2013,2013,12,69573.94,26512.05,3.14
Kenya,1/1/2013,2013,1,64212.85,26474.79,-7.53
Kenya,2/1/2013,2013,2,62029.99,26474.98,-4.09
Kenya,3/1/2013,2013,3,65281.97,26387.62,0.27
Kenya,4/1/2013,2013,4,66912.46,27204.75,-1.24
Kenya,5/1/2013,2013,5,66066.61,27004.7,-8.77
Kenya,6/1/2013,2013,6,64705.72,26203.96,-13.4
Kenya,7/1/2013,2013,7,62022.69,25886.28,-15.11
Kenya,8/1/2013,2013,8,62643,26458.6,-9.9
Kenya,9/1/2013,2013,9,64923.79,27051.35,-3.23
Kenya,10/1/2013,2013,10,67227.5,26997.15,0.24
Kenya,11/1/2013,2013,11,66118.84,27081.78,2.51
Kenya,12/1/2013,2013,12,65514.81,27203.02,4.55
Kenya,1/1/2013,2013,1,60881.45,31405.73,-9.37
Kenya,2/1/2013,2013,2,61053.11,31633.53,-0.52
Kenya,3/1/2013,2013,3,61520.7,31153.51,-0.25
Kenya,4/1/2013,2013,4,61770.04,31720.86,-0.69
Kenya,5/1/2013,2013,5,63411.15,32047.36,-6.1
Kenya,6/1/2013,2013,6,63967.15,32582.51,-6.98
Kenya,7/1/2013,2013,7,61609.67,31555.63,-12.86
Kenya,8/1/2013,2013,8,61158.89,30794.76,-13.15
Kenya,9/1/2013,2013,9,61560.4,31817.08,-7.47
Kenya,10/1/2013,2013,10,65822.79,33280.58,-1.98
Kenya,11/1/2013,2013,11,63081.56,33062.17,-2.03
Kenya,12/1/2013,2013,12,64104.41,31580.64,-1.15
Kenya,1/1/2013,2013,1,60089.84,28739.88,-2.07
Kenya,2/1/2013,2013,2,58535.56,28213.39,8.12
Kenya,3/1/2013,2013,3,56601.87,24537.92,-5.68
Kenya,4/1/2013,2013,4,58567.61,26789.31,-0.86
Kenya,5/1/2013,2013,5,60343.11,28908.92,-5.21
Kenya,6/1/2013,2013,6,58525.85,26601.5,-11.69
Kenya,7/1/2013,2013,7,56711.46,25112.32,-15.81
Kenya,8/1/2013,2013,8,57735.46,26073.71,-14.21
Kenya,9/1/2013,2013,9,61224.92,30396.7,-0.86
Kenya,10/1/2013,2013,10,60798.65,28491.49,-1.02
Kenya,11/1/2013,2013,11,59848.65,26255.21,2.11
Kenya,12/1/2013,2013,12,59422.52,26881.27,9.62
Kenya,1/1/2013,2013,1,60529.9,26663.8,-7.57
Kenya,2/1/2013,2013,2,59267.16,27791.07,-4.15
Kenya,3/1/2013,2013,3,60685.53,27476.1,-1.59
Kenya,4/1/2013,2013,4,61870.76,28133.47,0.46
Kenya,5/1/2013,2013,5,62299.04,28721.9,-9.8
Kenya,6/1/2013,2013,6,61353.11,27896.1,-11.84
Kenya,7/1/2013,2013,7,60632.45,26572.44,-13.79
Kenya,8/1/2013,2013,8,59452.63,27520.12,-12.69
Kenya,9/1/2013,2013,9,62028.23,28273.44,0.38
Kenya,10/1/2013,2013,10,63026.9,28372.48,3.62
Kenya,11/1/2013,2013,11,63734.73,27814.39,4.52
Kenya,12/1/2013,2013,12,63162.23,26383.27,1.78
Kenya,1/1/2013,2013,1,60023.29,26980.65,-7.51
Kenya,2/1/2013,2013,2,58670.15,25908.9,0.06
Kenya,3/1/2013,2013,3,59338.78,25476.22,-5.24
Kenya,4/1/2013,2013,4,60676.1,27834.14,-1.01
Kenya,5/1/2013,2013,5,60803.67,28346.04,-8.44
Kenya,6/1/2013,2013,6,61655.71,27828.67,-10.26
Kenya,7/1/2013,2013,7,58813.76,25561.75,-14.78
Kenya,8/1/2013,2013,8,58827.83,26023.64,-12.93
Kenya,9/1/2013,2013,9,61787.83,28540.37,-2.1
Kenya,10/1/2013,2013,10,61610.53,27810.36,-2.32
Kenya,11/1/2013,2013,11,60974.22,26927.87,2.47
Kenya,12/1/2013,2013,12,60166.05,26803.19,1.27
Kenya,1/1/2013,2013,1,77966.18,39248.95,-5.02
Kenya,2/1/2013,2013,2,77608.48,42494.53,6.32
Kenya,3/1/2013,2013,3,74774.32,42722.48,3.41
Kenya,4/1/2013,2013,4,76749.76,43089.45,6.74
Kenya,5/1/2013,2013,5,77339.66,41238.39,-3.72
Kenya,6/1/2013,2013,6,77319.73,38746.21,-7.1
Kenya,7/1/2013,2013,7,77468.46,41562.59,-0.19
Kenya,8/1/2013,2013,8,76610.8,43224.7,2.63
Kenya,9/1/2013,2013,9,78069.9,43772.74,7.63
Kenya,10/1/2013,2013,10,77235.82,43245.34,1.17
Kenya,11/1/2013,2013,11,78101.49,39332.84,-3.14
Kenya,12/1/2013,2013,12,77588.34,38772.14,-0.05
Kenya,1/1/2013,2013,1,65788.73,34852.51,-4.74
Kenya,2/1/2013,2013,2,62568.39,31984.52,-3.17
Kenya,3/1/2013,2013,3,66762.82,35068.72,4.92
Kenya,4/1/2013,2013,4,66546.02,34446.41,1.97
Kenya,5/1/2013,2013,5,66415.55,34139.97,-2.03
Kenya,6/1/2013,2013,6,67420.49,35420.55,-3.59
Kenya,7/1/2013,2013,7,66060.75,35294.21,-3.15
Kenya,8/1/2013,2013,8,63191.82,32816.45,-5.52
Kenya,9/1/2013,2013,9,67249.26,37379.88,2.48
Kenya,10/1/2013,2013,10,67689.09,35075.19,-4.16
Kenya,11/1/2013,2013,11,68776.3,37409.6,-0.36
Kenya,12/1/2013,2013,12,66966.59,34770.57,-4.25
Kenya,1/1/2013,2013,1,60160.59,29771.93,-9.13
Kenya,2/1/2013,2013,2,59813.1,30956.75,-1.9
Kenya,3/1/2013,2013,3,60671.96,29998.13,-3.01
Kenya,4/1/2013,2013,4,61771.73,31281.73,0.21
Kenya,5/1/2013,2013,5,63065.83,33083.54,-4.9
Kenya,6/1/2013,2013,6,61108.33,30125.94,-11.03
Kenya,7/1/2013,2013,7,59670.94,30227.5,-9.8
Kenya,8/1/2013,2013,8,60360.34,31141.06,-5.91
Kenya,9/1/2013,2013,9,61287.45,30601.29,-0.59
Kenya,10/1/2013,2013,10,63197.13,30718.3,1.97
Kenya,11/1/2013,2013,11,60794.65,30717.8,1.7
Kenya,12/1/2013,2013,12,61053.74,30225.65,1.02
Kenya,1/1/2013,2013,1,56777.19,27274.85,-12.01
Kenya,2/1/2013,2013,2,56031.89,28569.13,0.95
Kenya,3/1/2013,2013,3,59561.57,30280.13,10.84
Kenya,4/1/2013,2013,4,58712.76,30246.2,5.09
Kenya,5/1/2013,2013,5,57157.45,28266.08,-11.76
Kenya,6/1/2013,2013,6,57471.31,27724.5,-15.1
Kenya,7/1/2013,2013,7,57877.18,28919.47,-11.81
Kenya,8/1/2013,2013,8,56420.21,27567.43,-13.38
Kenya,9/1/2013,2013,9,58115.81,31186.99,-4.6
Kenya,10/1/2013,2013,10,59183.89,30998.74,-3.77
Kenya,11/1/2013,2013,11,58581.09,29048.81,-7.56
Kenya,12/1/2013,2013,12,59227.83,31598.59,-0.13
Kenya,1/1/2013,2013,1,57998.25,22232.01,-2.51
Kenya,2/1/2013,2013,2,57182.28,22322.75,4.79
Kenya,3/1/2013,2013,3,57295.27,22328.12,2.68
Kenya,4/1/2013,2013,4,57451.5,24043.34,3.94
Kenya,5/1/2013,2013,5,57660.88,23741.65,-4.87
Kenya,6/1/2013,2013,6,59346.09,22508.55,-7.33
Kenya,7/1/2013,2013,7,57784.01,22050.75,-9.35
Kenya,8/1/2013,2013,8,57637.6,21645.91,-9.67
Kenya,9/1/2013,2013,9,59623.04,23865.69,-0.94
Kenya,10/1/2013,2013,10,59111.37,23561.94,0.13
Kenya,11/1/2013,2013,11,57760.84,21511.11,-1.62
Kenya,12/1/2013,2013,12,58565.12,21900.17,1.57
Kenya,1/1/2013,2013,1,74917.85,45780.13,-1.21
Kenya,2/1/2013,2013,2,73433.95,46171.07,2.67
Kenya,3/1/2013,2013,3,72864.55,44717.21,1.25
Kenya,4/1/2013,2013,4,73204.85,43898.58,0.31
Kenya,5/1/2013,2013,5,74375.21,44448.87,-3.38
Kenya,6/1/2013,2013,6,74649.32,45215.35,-2.97
Kenya,7/1/2013,2013,7,74683.62,45356.04,-0.92
Kenya,8/1/2013,2013,8,74398.58,46391,0.33
Kenya,9/1/2013,2013,9,74527.54,47969.49,3.66
Kenya,10/1/2013,2013,10,75553.26,45149.04,0.85
Kenya,11/1/2013,2013,11,74927.76,45567.58,-2.1
Kenya,12/1/2013,2013,12,75301.3,46759.65,3.13
Kenya,1/1/2013,2013,1,69738.79,35308.32,-3.1
Kenya,2/1/2013,2013,2,69466.87,35881.34,2.89
Kenya,3/1/2013,2013,3,69408.95,34538.92,2.08
Kenya,4/1/2013,2013,4,68703.53,34937.92,1.83
Kenya,5/1/2013,2013,5,69080.84,33500.78,-4.68
Kenya,6/1/2013,2013,6,70468.33,35288.77,-4.19
Kenya,7/1/2013,2013,7,70310.52,34983.05,-4.9
Kenya,8/1/2013,2013,8,69265.58,35150.71,-2.3
Kenya,9/1/2013,2013,9,71250.51,36064.84,2.75
Kenya,10/1/2013,2013,10,71024.15,34815.75,-3.49
Kenya,11/1/2013,2013,11,71709.77,35577.11,-0.19
Kenya,12/1/2013,2013,12,71990.91,35468.7,-2.76
Kenya,1/1/2013,2013,1,61659.19,33642.13,-4.99
Kenya,2/1/2013,2013,2,60692.74,31973.86,-5.34
Kenya,3/1/2013,2013,3,61858.76,32748.34,1.26
Kenya,4/1/2013,2013,4,62896.65,33021.98,0.28
Kenya,5/1/2013,2013,5,64050.23,33985.21,-3.65
Kenya,6/1/2013,2013,6,62524.45,33610.95,-6.87
Kenya,7/1/2013,2013,7,60920.04,32685.51,-7.68
Kenya,8/1/2013,2013,8,61034.34,32647.69,-5.5
Kenya,9/1/2013,2013,9,62447.62,34546.35,0.9
Kenya,10/1/2013,2013,10,64314.72,33457.73,3.5
Kenya,11/1/2013,2013,11,62392.8,33184.85,1.62
Kenya,12/1/2013,2013,12,62918.27,33707.85,4.78
Kenya,1/1/2013,2013,1,67375.92,33294.94,-3.09
Kenya,2/1/2013,2013,2,65889.45,33699.18,0.62
Kenya,3/1/2013,2013,3,66439.92,33281.33,1.03
Kenya,4/1/2013,2013,4,66703.89,33309,1.13
Kenya,5/1/2013,2013,5,67797.12,32761.23,-3.77
Kenya,6/1/2013,2013,6,67781.41,32981.33,-4.18
Kenya,7/1/2013,2013,7,66681.47,33374.92,-1.73
Kenya,8/1/2013,2013,8,66000.48,33747.57,-1.11
Kenya,9/1/2013,2013,9,67027.21,34009.4,1.39
Kenya,10/1/2013,2013,10,69668.39,33176.64,2.94
Kenya,11/1/2013,2013,11,68129.44,33645.07,2.88
Kenya,12/1/2013,2013,12,67461.96,33241.23,0.7
Kenya,1/1/2013,2013,1,56133,25576.38,-5.61
Kenya,2/1/2013,2013,2,54084.27,25264.96,-3.57
Kenya,3/1/2013,2013,3,55948.86,26258.92,0.9
Kenya,4/1/2013,2013,4,55886.18,27436.48,3.29
Kenya,5/1/2013,2013,5,56267.31,26876.51,-8.53
Kenya,6/1/2013,2013,6,56193.34,26163.04,-10.62
Kenya,7/1/2013,2013,7,56176.05,25760.07,-6.64
Kenya,8/1/2013,2013,8,55631.58,25628.31,-7.65
Kenya,9/1/2013,2013,9,56089.5,25945.53,-2.41
Kenya,10/1/2013,2013,10,57161.07,27067.36,1.89
Kenya,11/1/2013,2013,11,57093.76,26454.92,1.75
Kenya,12/1/2013,2013,12,56444.6,26215.77,1.68
Kenya,1/1/2013,2013,1,63226.57,31515.45,-4.69
Kenya,2/1/2013,2013,2,63785.16,32794.19,2.09
Kenya,3/1/2013,2013,3,64095.37,31174.27,-1.77
Kenya,4/1/2013,2013,4,66089.16,32094.42,2.37
Kenya,5/1/2013,2013,5,66131.52,31585.58,-4.81
Kenya,6/1/2013,2013,6,68071.25,32950.14,-4.62
Kenya,7/1/2013,2013,7,63376.52,31167.65,-8.48
Kenya,8/1/2013,2013,8,63053.6,31692.12,-5.2
Kenya,9/1/2013,2013,9,64889.41,32784.75,-2.49
Kenya,10/1/2013,2013,10,67803.41,32587.14,-0.73
Kenya,11/1/2013,2013,11,64054.7,30870.99,-2.42
Kenya,12/1/2013,2013,12,65501.29,32592.2,4.26
Kenya,1/1/2013,2013,1,59932.64,24186.64,-1.25
Kenya,2/1/2013,2013,2,58600.24,23724.88,1.77
Kenya,3/1/2013,2013,3,58369.49,23861.98,5.93
Kenya,4/1/2013,2013,4,58186.42,24228.98,2.49
Kenya,5/1/2013,2013,5,58345.99,24708,-5.94
Kenya,6/1/2013,2013,6,60011.12,24188.08,-5.62
Kenya,7/1/2013,2013,7,60119.31,23865.14,-5.69
Kenya,8/1/2013,2013,8,59954.92,24020.64,-4.97
Kenya,9/1/2013,2013,9,61092.53,25449.6,2.78
Kenya,10/1/2013,2013,10,60320.09,25422.07,0.94
Kenya,11/1/2013,2013,11,60032.26,23376.67,0.23
Kenya,12/1/2013,2013,12,59455.32,23697.3,2.36
Kenya,1/1/2013,2013,1,61160.02,30443.08,-3.22
Kenya,2/1/2013,2013,2,58786.71,28756.08,-4.32
Kenya,3/1/2013,2013,3,59974.68,28938.24,-3.67
Kenya,4/1/2013,2013,4,61909.68,30735.28,-2.34
Kenya,5/1/2013,2013,5,63133.11,30972.05,-8.12
Kenya,6/1/2013,2013,6,61566.67,29368,-12.98
Kenya,7/1/2013,2013,7,60441.09,29194.67,-14.08
Kenya,8/1/2013,2013,8,59455.14,29807.43,-8.71
Kenya,9/1/2013,2013,9,62548.91,32033.67,1.01
Kenya,10/1/2013,2013,10,64139.21,30821.37,-1.1
Kenya,11/1/2013,2013,11,61844.01,29665.86,-0.2
Kenya,12/1/2013,2013,12,60811.71,29481.87,0.93
Kenya,1/1/2013,2013,1,61645.58,30546.57,-4.4
Kenya,2/1/2013,2013,2,61929.64,31160.08,2.27
Kenya,3/1/2013,2013,3,60551.89,30241.41,0.25
Kenya,4/1/2013,2013,4,61536.97,30507.86,2.15
Kenya,5/1/2013,2013,5,64180.16,31624.82,-3.58
Kenya,6/1/2013,2013,6,62902.14,30927.21,-6.35
Kenya,7/1/2013,2013,7,60779.13,29664.33,-9.18
Kenya,8/1/2013,2013,8,60494.22,29739.39,-8.27
Kenya,9/1/2013,2013,9,61845.49,30132.62,-5.44
Kenya,10/1/2013,2013,10,62735.79,29693.64,-3.88
Kenya,11/1/2013,2013,11,61782.25,29779.69,-4.59
Kenya,12/1/2013,2013,12,62592.42,30723.62,1.41
Kenya,1/1/2013,2013,1,61236.71,31504.05,-5.16
Kenya,2/1/2013,2013,2,61373.06,31561.65,1.16
Kenya,3/1/2013,2013,3,60659.92,30834.53,-1.87
Kenya,4/1/2013,2013,4,62466.55,31610.67,-0.62
Kenya,5/1/2013,2013,5,64423.9,31940.14,-1.78
Kenya,6/1/2013,2013,6,62579.6,32823.78,-4.66
Kenya,7/1/2013,2013,7,59692.72,29800.96,-9.22
Kenya,8/1/2013,2013,8,59005.19,27921.18,-12.37
Kenya,9/1/2013,2013,9,62878.8,32013.1,-1.84
Kenya,10/1/2013,2013,10,64010.79,32405.52,-1.85
Kenya,11/1/2013,2013,11,63753.56,32483.43,2.72
Kenya,12/1/2013,2013,12,62401.03,31593.26,1.75
Kenya,1/1/2013,2013,1,61128.29,23545.28,2.39
Kenya,2/1/2013,2013,2,59654.06,23268.34,7.29
Kenya,3/1/2013,2013,3,60672.35,23379.68,7.54
Kenya,4/1/2013,2013,4,59204.43,23531.99,4.97
Kenya,5/1/2013,2013,5,59009.27,23298.95,-4.7
Kenya,6/1/2013,2013,6,61383.51,22922.64,-4.48
Kenya,7/1/2013,2013,7,59358.17,22531.84,-5.53
Kenya,8/1/2013,2013,8,59926.19,23367.8,-3.34
Kenya,9/1/2013,2013,9,62010.12,24600.74,2.23
Kenya,10/1/2013,2013,10,61174.24,23476.88,-0.07
Kenya,11/1/2013,2013,11,60634.56,22880.3,1.28
Kenya,12/1/2013,2013,12,59627.96,22324.77,1.83
Kenya,1/1/2013,2013,1,58969.34,22903.04,-0.37
Kenya,2/1/2013,2013,2,58468,22453.07,8.09
Kenya,3/1/2013,2013,3,57804.36,22177.68,4.6
Kenya,4/1/2013,2013,4,57824.13,23292.19,3.77
Kenya,5/1/2013,2013,5,58197.43,23103.35,-2.1
Kenya,6/1/2013,2013,6,58823.95,22721.08,-2.97
Kenya,7/1/2013,2013,7,58666.47,22488.86,-3.6
Kenya,8/1/2013,2013,8,58595.11,22230.48,-3.5
Kenya,9/1/2013,2013,9,58720.36,22336.14,-2.29
Kenya,10/1/2013,2013,10,58903.67,23493.27,0.71
Kenya,11/1/2013,2013,11,58712.17,22475.69,-0.5
Kenya,12/1/2013,2013,12,58571.64,22396.2,0.48
Kenya,1/1/2013,2013,1,71500.6,34075.64,-0.39
Kenya,2/1/2013,2013,2,69422.03,34895.82,3.15
Kenya,3/1/2013,2013,3,70771.76,34276.84,5.14
Kenya,4/1/2013,2013,4,69815.2,33025.63,-0.15
Kenya,5/1/2013,2013,5,69905.78,32956.36,-4.03
Kenya,6/1/2013,2013,6,72070.71,34360.38,-2.42
Kenya,7/1/2013,2013,7,71796.06,34663.41,-1.16
Kenya,8/1/2013,2013,8,69079.41,34438.59,-2.61
Kenya,9/1/2013,2013,9,71550.77,35451.51,1.63
Kenya,10/1/2013,2013,10,71978.38,34714.92,-1.21
Kenya,11/1/2013,2013,11,71763.38,33731.14,-2.35
Kenya,12/1/2013,2013,12,71165.16,34128.65,-1.81
Kenya,1/1/2013,2013,1,57870.68,22389.26,-3.47
Kenya,2/1/2013,2013,2,58000.04,23311.48,6.27
Kenya,3/1/2013,2013,3,57664.1,22902.42,1.6
Kenya,4/1/2013,2013,4,56984.99,23612.06,-0.23
Kenya,5/1/2013,2013,5,58577.02,23713.95,-5.23
Kenya,6/1/2013,2013,6,59019.38,22437.98,-8.91
Kenya,7/1/2013,2013,7,58161,22477.15,-8.88
Kenya,8/1/2013,2013,8,58052.87,22260.29,-8.49
Kenya,9/1/2013,2013,9,59573.3,23837.29,-0.59
Kenya,10/1/2013,2013,10,59373.32,24087.82,2.1
Kenya,11/1/2013,2013,11,58182.03,21672.82,0.25
Kenya,12/1/2013,2013,12,58052.08,22509.57,1.44
Kenya,1/1/2013,2013,1,58375.28,21724.96,-4
Kenya,2/1/2013,2013,2,58643.43,22887.13,5.41
Kenya,3/1/2013,2013,3,58702.77,22861.35,3.41
Kenya,4/1/2013,2013,4,58039.23,23904.52,1.45
Kenya,5/1/2013,2013,5,58645.19,24436.57,-3.52
Kenya,6/1/2013,2013,6,59411.77,21856.32,-7.68
Kenya,7/1/2013,2013,7,58247.95,22344.79,-10.08
Kenya,8/1/2013,2013,8,57845.03,21636.61,-7.65
Kenya,9/1/2013,2013,9,60327.2,23557.9,-0.03
Kenya,10/1/2013,2013,10,59174.12,23232.42,0.94
Kenya,11/1/2013,2013,11,58157.79,21300.89,-1.07
Kenya,12/1/2013,2013,12,58855.44,22192.01,3.06
Kenya,1/1/2013,2013,1,58142.57,23400.72,-1.8
Kenya,2/1/2013,2013,2,57955.15,23278.17,5.26
Kenya,3/1/2013,2013,3,56829.28,22377.75,-0.14
Kenya,4/1/2013,2013,4,57355.41,23993.26,0.12
Kenya,5/1/2013,2013,5,57530.45,24046.13,-5.78
Kenya,6/1/2013,2013,6,59010.8,22765.65,-7.43
Kenya,7/1/2013,2013,7,57401.17,22084.99,-9.49
Kenya,8/1/2013,2013,8,57833.47,23497.08,-6.83
Kenya,9/1/2013,2013,9,60202.84,24055.32,-0.26
Kenya,10/1/2013,2013,10,58997.64,23906.88,0.18
Kenya,11/1/2013,2013,11,57450.87,22523.17,0.73
Kenya,12/1/2013,2013,12,57623.05,22165.06,0.65
Kenya,1/1/2013,2013,1,57897.24,21999.36,-3.13
Kenya,2/1/2013,2013,2,56981.32,22181.56,5.7
Kenya,3/1/2013,2013,3,57117.24,21717.22,0.85
Kenya,4/1/2013,2013,4,57947.75,23429.22,1.74
Kenya,5/1/2013,2013,5,56601.89,23271.41,-6.26
Kenya,6/1/2013,2013,6,57896.28,21717.8,-8.41
Kenya,7/1/2013,2013,7,57621.95,21985.99,-9.72
Kenya,8/1/2013,2013,8,57233.6,21532.74,-7.43
Kenya,9/1/2013,2013,9,60196.14,24177.34,2.4
Kenya,10/1/2013,2013,10,58071.36,23399.02,-0.7
Kenya,11/1/2013,2013,11,57469.81,21716.88,-1.55
Kenya,12/1/2013,2013,12,57994.67,22752.22,2.66
Kenya,1/1/2013,2013,1,61601.52,30246.88,-6.59
Kenya,2/1/2013,2013,2,62304.48,30729.5,-0.74
Kenya,3/1/2013,2013,3,62777.14,31434.3,2.46
Kenya,4/1/2013,2013,4,64320.77,31164.27,0.81
Kenya,5/1/2013,2013,5,66505.15,31795.93,-4.61
Kenya,6/1/2013,2013,6,65811.5,33191.5,-5.95
Kenya,7/1/2013,2013,7,61791.41,30092.88,-10.29
Kenya,8/1/2013,2013,8,61877.8,29967.54,-9.09
Kenya,9/1/2013,2013,9,63971.8,31385.19,-3.88
Kenya,10/1/2013,2013,10,65731.88,32758.42,-1.01
Kenya,11/1/2013,2013,11,63961.46,32019.88,-0.49
Kenya,12/1/2013,2013,12,63812,32234.96,4.7
Kenya,1/1/2014,2014,1,60380.43,26960.62,-3.46
Kenya,2/1/2014,2014,2,61608.55,27926.22,2.1
Kenya,3/1/2014,2014,3,61037.61,28357.88,1.54
Kenya,4/1/2014,2014,4,62451.63,28278.37,1.45
Kenya,5/1/2014,2014,5,64677.25,31701.33,7.1
Kenya,6/1/2014,2014,6,65613.18,32510.79,11.08
Kenya,7/1/2014,2014,7,62625.65,31073.61,11.76
Kenya,8/1/2014,2014,8,61902.63,29644.09,3.25
Kenya,9/1/2014,2014,9,62065.95,28497.77,-0.65
Kenya,10/1/2014,2014,10,61215.05,27618.06,-4.02
Kenya,11/1/2014,2014,11,58393.35,25257.67,-7.72
Kenya,12/1/2014,2014,12,56896.34,22604.69,-12.39
Kenya,1/1/2014,2014,1,59326.1,27482.2,4.39
Kenya,2/1/2014,2014,2,57875.89,27520.38,3.77
Kenya,3/1/2014,2014,3,58665.18,28340.34,4.98
Kenya,4/1/2014,2014,4,59585.94,31151.85,7.91
Kenya,5/1/2014,2014,5,59007.38,30399.22,4.47
Kenya,6/1/2014,2014,6,61257.35,32914.81,16.35
Kenya,7/1/2014,2014,7,61854.3,33508.91,18.12
Kenya,8/1/2014,2014,8,61159.19,32429.72,14.51
Kenya,9/1/2014,2014,9,57622.51,27501.1,-1.03
Kenya,10/1/2014,2014,10,56641.49,26828.73,-3.48
Kenya,11/1/2014,2014,11,55630.89,26138.95,-4.49
Kenya,12/1/2014,2014,12,54197.09,23248.94,-12
Kenya,1/1/2014,2014,1,59472.11,23203.36,2.91
Kenya,2/1/2014,2014,2,57797.23,22474.14,0.4
Kenya,3/1/2014,2014,3,58328.72,24136.82,2.82
Kenya,4/1/2014,2014,4,57915.52,24102.45,2.75
Kenya,5/1/2014,2014,5,59780.84,27362.17,9.09
Kenya,6/1/2014,2014,6,60944.45,27055.43,9.48
Kenya,7/1/2014,2014,7,59916,25467.39,6.87
Kenya,8/1/2014,2014,8,59584.08,23935.74,3.99
Kenya,9/1/2014,2014,9,56921.82,22542.78,-6.22
Kenya,10/1/2014,2014,10,56990.92,21674.89,-7.14
Kenya,11/1/2014,2014,11,55796.85,20678.05,-6.32
Kenya,12/1/2014,2014,12,56161.5,20686.38,-5.91
Kenya,1/1/2014,2014,1,56219.92,28776.15,7.68
Kenya,2/1/2014,2014,2,55097.56,27156.87,2.67
Kenya,3/1/2014,2014,3,55214.44,28291,3.58
Kenya,4/1/2014,2014,4,55148.26,29516.49,3.81
Kenya,5/1/2014,2014,5,56607.27,30230.23,5.84
Kenya,6/1/2014,2014,6,57895.64,31987.88,12.71
Kenya,7/1/2014,2014,7,57247.24,31063.74,11.45
Kenya,8/1/2014,2014,8,56063.85,29455.59,6.23
Kenya,9/1/2014,2014,9,55162.29,28234.93,0.59
Kenya,10/1/2014,2014,10,54735.61,26119.44,-3.83
Kenya,11/1/2014,2014,11,53442.11,25871.66,-4.4
Kenya,12/1/2014,2014,12,52862.18,23769.83,-8.28
Kenya,1/1/2014,2014,1,61749.19,30049.31,3.39
Kenya,2/1/2014,2014,2,60630.31,29109.26,4.46
Kenya,3/1/2014,2014,3,59519.1,28499.06,4.47
Kenya,4/1/2014,2014,4,61673.84,32798.06,9.25
Kenya,5/1/2014,2014,5,63061.27,34317.48,9.49
Kenya,6/1/2014,2014,6,62677.61,34699.78,11.52
Kenya,7/1/2014,2014,7,62171.42,32695.61,7.57
Kenya,8/1/2014,2014,8,60335.49,29114.78,-1.09
Kenya,9/1/2014,2014,9,58301.16,26624.37,-10.53
Kenya,10/1/2014,2014,10,57326.08,25484.65,-10.14
Kenya,11/1/2014,2014,11,56828.87,24532.68,-7.88
Kenya,12/1/2014,2014,12,57603.6,24643.8,-9.93
Kenya,1/1/2014,2014,1,67873.2,31892.41,4.42
Kenya,2/1/2014,2014,2,66363.9,31402.28,2.53
Kenya,3/1/2014,2014,3,67223,31708.29,4.12
Kenya,4/1/2014,2014,4,67078.74,32693.69,2.63
Kenya,5/1/2014,2014,5,67531.61,33921.71,2.96
Kenya,6/1/2014,2014,6,68881.4,35635.86,9.8
Kenya,7/1/2014,2014,7,68885.25,33814.21,7.22
Kenya,8/1/2014,2014,8,68328.54,34683.54,10.25
Kenya,9/1/2014,2014,9,66762.63,31516.13,-1.7
Kenya,10/1/2014,2014,10,65873.68,30510.04,-3.73
Kenya,11/1/2014,2014,11,63247.1,30483.91,-5.33
Kenya,12/1/2014,2014,12,62198.97,28243,-8.29
Kenya,1/1/2014,2014,1,57372.28,22872.53,2.9
Kenya,2/1/2014,2014,2,56238.01,22221.39,1.92
Kenya,3/1/2014,2014,3,56412.24,22957.39,4.02
Kenya,4/1/2014,2014,4,56720.21,24644.42,2.36
Kenya,5/1/2014,2014,5,57844.92,25861.08,7.01
Kenya,6/1/2014,2014,6,58677.21,26564.61,9.28
Kenya,7/1/2014,2014,7,57791.5,24596.81,7.4
Kenya,8/1/2014,2014,8,57219.26,23586.4,6.39
Kenya,9/1/2014,2014,9,54544.15,20928.73,-8.02
Kenya,10/1/2014,2014,10,54499.5,20734.89,-7.04
Kenya,11/1/2014,2014,11,53133.15,20553.98,-5.42
Kenya,12/1/2014,2014,12,53515.95,20379.4,-5.74
Kenya,1/1/2014,2014,1,69005.29,34692.5,2.87
Kenya,2/1/2014,2014,2,67472.2,33245.82,0.29
Kenya,3/1/2014,2014,3,67192.32,34479.37,1.67
Kenya,4/1/2014,2014,4,68712.76,35292.42,3.89
Kenya,5/1/2014,2014,5,69358.55,35420.35,4.36
Kenya,6/1/2014,2014,6,68984.3,35819.9,4.27
Kenya,7/1/2014,2014,7,69940.17,36236.58,5.24
Kenya,8/1/2014,2014,8,68817.08,35358.6,3.14
Kenya,9/1/2014,2014,9,68002.74,35747.86,2.55
Kenya,10/1/2014,2014,10,66603.34,34587.81,0.1
Kenya,11/1/2014,2014,11,65577.23,34472.14,-1.78
Kenya,12/1/2014,2014,12,63387.61,33592.62,-3.8
Kenya,1/1/2014,2014,1,60744.04,30000.64,7.19
Kenya,2/1/2014,2014,2,59558.34,27822.29,2.69
Kenya,3/1/2014,2014,3,58502.69,26624.2,-0.63
Kenya,4/1/2014,2014,4,60531,32554.04,10.98
Kenya,5/1/2014,2014,5,61309.38,33006.18,9.83
Kenya,6/1/2014,2014,6,61422.45,33326.56,10.76
Kenya,7/1/2014,2014,7,60390.36,30904.47,10.19
Kenya,8/1/2014,2014,8,59809.2,28712.96,3.96
Kenya,9/1/2014,2014,9,57671.75,25194.57,-10.87
Kenya,10/1/2014,2014,10,56800.92,24361.91,-10.18
Kenya,11/1/2014,2014,11,55598.32,23343.73,-7.91
Kenya,12/1/2014,2014,12,56488.04,23563.35,-8.71
Kenya,1/1/2014,2014,1,65604.51,30539.85,1.01
Kenya,2/1/2014,2014,2,62924.35,30328.75,6.34
Kenya,3/1/2014,2014,3,63013.33,30299.69,2.18
Kenya,4/1/2014,2014,4,66617.71,32407.75,4.96
Kenya,5/1/2014,2014,5,67732.02,34014.6,11.78
Kenya,6/1/2014,2014,6,68315.09,34484.4,8.56
Kenya,7/1/2014,2014,7,66978.87,33328.82,10.37
Kenya,8/1/2014,2014,8,65126.55,32013.69,8.74
Kenya,9/1/2014,2014,9,62761.47,29138.71,-5.11
Kenya,10/1/2014,2014,10,62648.23,28156.3,-8.29
Kenya,11/1/2014,2014,11,62076.99,26079.81,-7.25
Kenya,12/1/2014,2014,12,61645.15,25538.86,-8.44
Kenya,1/1/2014,2014,1,68720.69,33001.16,7.17
Kenya,2/1/2014,2014,2,64746.67,32558.68,2.74
Kenya,3/1/2014,2014,3,65008.03,33121,4.86
Kenya,4/1/2014,2014,4,68371.82,34566.62,7.22
Kenya,5/1/2014,2014,5,68537,35227.98,5.63
Kenya,6/1/2014,2014,6,69639.11,35519.05,4.62
Kenya,7/1/2014,2014,7,68764.45,34522.09,8.61
Kenya,8/1/2014,2014,8,65562.59,32611.78,4.53
Kenya,9/1/2014,2014,9,62800.58,30670.1,-6.43
Kenya,10/1/2014,2014,10,61848.65,28275.09,-12.61
Kenya,11/1/2014,2014,11,59737.99,24436.12,-15
Kenya,12/1/2014,2014,12,60469.66,25014.59,-14.6
Kenya,1/1/2014,2014,1,59594.54,25991.41,-0.67
Kenya,2/1/2014,2014,2,57778.94,24771.92,-0.24
Kenya,3/1/2014,2014,3,57754.51,25363.24,2.18
Kenya,4/1/2014,2014,4,58414.02,28347.52,5.81
Kenya,5/1/2014,2014,5,60003.63,29999.33,7.59
Kenya,6/1/2014,2014,6,60648.87,30530.54,10.64
Kenya,7/1/2014,2014,7,59332.26,28386.07,7.45
Kenya,8/1/2014,2014,8,57832.37,24631.68,-2.78
Kenya,9/1/2014,2014,9,56802.73,23581.69,-10.33
Kenya,10/1/2014,2014,10,56997.04,23591.8,-9.06
Kenya,11/1/2014,2014,11,55598.15,22188.93,-6.33
Kenya,12/1/2014,2014,12,56291.79,22474.69,-7.23
Kenya,1/1/2014,2014,1,64293.64,31036.08,0.75
Kenya,2/1/2014,2014,2,63067.51,30215.58,0.42
Kenya,3/1/2014,2014,3,63802.81,31309.77,1.97
Kenya,4/1/2014,2014,4,63288.2,32543.95,1.68
Kenya,5/1/2014,2014,5,66466.01,35026.53,6.35
Kenya,6/1/2014,2014,6,66672.11,35245.7,8.37
Kenya,7/1/2014,2014,7,64100.68,32845.29,5.91
Kenya,8/1/2014,2014,8,62206.35,30443.54,-0.16
Kenya,9/1/2014,2014,9,59732.26,27505.51,-9.26
Kenya,10/1/2014,2014,10,59729.36,27161.25,-10.89
Kenya,11/1/2014,2014,11,58822.23,26767.79,-10.22
Kenya,12/1/2014,2014,12,59108.91,26576.65,-10.06
Kenya,1/1/2014,2014,1,66568.41,33603.11,6.23
Kenya,2/1/2014,2014,2,64971.63,32856.96,5.82
Kenya,3/1/2014,2014,3,65434.19,34014.29,0.24
Kenya,4/1/2014,2014,4,65511.12,35175.15,3.42
Kenya,5/1/2014,2014,5,64835.29,34375.57,-1.72
Kenya,6/1/2014,2014,6,65826,36130.23,5.1
Kenya,7/1/2014,2014,7,66102.74,36180.13,6.81
Kenya,8/1/2014,2014,8,66309.53,34850.07,7.42
Kenya,9/1/2014,2014,9,63187.18,32526.8,-0.98
Kenya,10/1/2014,2014,10,62976.53,32330.64,-5.91
Kenya,11/1/2014,2014,11,60411.39,30395.85,-10.93
Kenya,12/1/2014,2014,12,58378.88,27745.5,-13.68
Kenya,1/1/2014,2014,1,67967.89,36059.07,3.04
Kenya,2/1/2014,2014,2,66229.28,35524.35,3.3
Kenya,3/1/2014,2014,3,66659.88,35117.74,0.7
Kenya,4/1/2014,2014,4,66840.6,34737.44,-0.53
Kenya,5/1/2014,2014,5,67493.27,36555.27,2.2
Kenya,6/1/2014,2014,6,68167.68,36182.91,2.3
Kenya,7/1/2014,2014,7,68696.99,36426.8,3.74
Kenya,8/1/2014,2014,8,66694.99,35916.88,2.14
Kenya,9/1/2014,2014,9,65059.34,35225.31,0.42
Kenya,10/1/2014,2014,10,65365.82,34514.34,-3.43
Kenya,11/1/2014,2014,11,64608.42,31786.01,-7.29
Kenya,12/1/2014,2014,12,63806.35,30117.87,-10.51
Kenya,1/1/2014,2014,1,59873.39,25063.7,3.14
Kenya,2/1/2014,2014,2,59555.2,25208.62,4.45
Kenya,3/1/2014,2014,3,60355.9,25105.19,0.74
Kenya,4/1/2014,2014,4,59864.57,26139.04,-0.61
Kenya,5/1/2014,2014,5,62106.98,27187.27,3.08
Kenya,6/1/2014,2014,6,62442.6,27911.87,8.14
Kenya,7/1/2014,2014,7,60510.98,26026.86,3.64
Kenya,8/1/2014,2014,8,59771.45,24843.55,3.49
Kenya,9/1/2014,2014,9,59512.64,25007.34,-1.24
Kenya,10/1/2014,2014,10,57729.57,22930.56,-8.41
Kenya,11/1/2014,2014,11,56305.09,21300.8,-10.37
Kenya,12/1/2014,2014,12,54877.38,19717.79,-10.86
Kenya,1/1/2014,2014,1,63136.78,32940.42,5.78
Kenya,2/1/2014,2014,2,62921.46,32392.04,7.2
Kenya,3/1/2014,2014,3,63641.2,33595.69,1.48
Kenya,4/1/2014,2014,4,63802.15,34592.11,3
Kenya,5/1/2014,2014,5,65119.97,36862.2,6.53
Kenya,6/1/2014,2014,6,64738.67,36183.96,9.1
Kenya,7/1/2014,2014,7,65608.7,37286.19,11.69
Kenya,8/1/2014,2014,8,64919.02,34900.43,8.87
Kenya,9/1/2014,2014,9,63300.97,33665.38,2.06
Kenya,10/1/2014,2014,10,60489.27,31609.11,-1.9
Kenya,11/1/2014,2014,11,59886.27,29885.97,-7.77
Kenya,12/1/2014,2014,12,57457.83,27819.72,-12.14
Kenya,1/1/2014,2014,1,66796.04,33871.32,1.5
Kenya,2/1/2014,2014,2,66191.18,33883.07,3.92
Kenya,3/1/2014,2014,3,66242.84,34154.69,0.43
Kenya,4/1/2014,2014,4,66129.59,34163.2,0.33
Kenya,5/1/2014,2014,5,67455.27,35225.94,2.82
Kenya,6/1/2014,2014,6,68576.28,35955.34,4.9
Kenya,7/1/2014,2014,7,68766.68,35538.41,4.62
Kenya,8/1/2014,2014,8,66930.43,34859.82,3.12
Kenya,9/1/2014,2014,9,66963.92,34633.25,1.53
Kenya,10/1/2014,2014,10,64780.7,33464.74,-3.46
Kenya,11/1/2014,2014,11,64295.68,32225.4,-4.76
Kenya,12/1/2014,2014,12,61736.61,29789.48,-9.39
Kenya,1/1/2014,2014,1,61823.95,26880.02,-0.43
Kenya,2/1/2014,2014,2,60573.88,27307.33,1.39
Kenya,3/1/2014,2014,3,60818.47,27796.5,1.89
Kenya,4/1/2014,2014,4,61319.1,27712.95,1.19
Kenya,5/1/2014,2014,5,62438.68,29121.07,5.28
Kenya,6/1/2014,2014,6,62598.62,29590.58,8
Kenya,7/1/2014,2014,7,62188.27,28552.41,3.98
Kenya,8/1/2014,2014,8,61341.18,28149.85,3.33
Kenya,9/1/2014,2014,9,60446.96,26837.41,-1.98
Kenya,10/1/2014,2014,10,59188.36,26241.09,-2.75
Kenya,11/1/2014,2014,11,57503.74,24833.05,-6.45
Kenya,12/1/2014,2014,12,56533.94,23987.47,-8.28
Kenya,1/1/2014,2014,1,63786.6,34061.6,8.37
Kenya,2/1/2014,2014,2,63645.42,34358.87,7.08
Kenya,3/1/2014,2014,3,62496.88,33275.21,2.2
Kenya,4/1/2014,2014,4,64272.21,35650.37,6.05
Kenya,5/1/2014,2014,5,64827.84,37776.62,7.87
Kenya,6/1/2014,2014,6,64917.07,38340.15,11.36
Kenya,7/1/2014,2014,7,66157.97,37729.83,13.83
Kenya,8/1/2014,2014,8,64800.87,35315.31,8.49
Kenya,9/1/2014,2014,9,63129.51,34264.19,2.73
Kenya,10/1/2014,2014,10,60884.83,32621.77,-3.78
Kenya,11/1/2014,2014,11,57946.08,29171.84,-10.11
Kenya,12/1/2014,2014,12,56099.26,28292.11,-11.88
Kenya,1/1/2014,2014,1,62216.53,28188.77,2.14
Kenya,2/1/2014,2014,2,60671.19,27147.24,1.45
Kenya,3/1/2014,2014,3,60337.87,26706.51,0.8
Kenya,4/1/2014,2014,4,61626.15,30437.67,9.4
Kenya,5/1/2014,2014,5,62221.83,31120.9,6.85
Kenya,6/1/2014,2014,6,62686.65,31492.08,5.02
Kenya,7/1/2014,2014,7,62603.82,29149.03,8.14
Kenya,8/1/2014,2014,8,61863.74,27382.4,1.81
Kenya,9/1/2014,2014,9,57802.77,24760.49,-9.95
Kenya,10/1/2014,2014,10,57940.86,23309.63,-11.74
Kenya,11/1/2014,2014,11,56772.53,21872.74,-11.46
Kenya,12/1/2014,2014,12,57170.6,22746.54,-10.15
Kenya,1/1/2014,2014,1,58729.19,24555.96,0.72
Kenya,2/1/2014,2014,2,58072.56,24491.18,0.89
Kenya,3/1/2014,2014,3,58364.94,25121.88,1.97
Kenya,4/1/2014,2014,4,58823.69,25361.81,-0.5
Kenya,5/1/2014,2014,5,60295.21,26995.34,3.69
Kenya,6/1/2014,2014,6,60446.36,27021.76,7.57
Kenya,7/1/2014,2014,7,58609.65,25623.43,2.15
Kenya,8/1/2014,2014,8,57691.1,24422.08,2.8
Kenya,9/1/2014,2014,9,57729.98,26099.81,-0.72
Kenya,10/1/2014,2014,10,55835.24,23331.18,-7.04
Kenya,11/1/2014,2014,11,54712.57,21517.91,-9.82
Kenya,12/1/2014,2014,12,54474.42,21014.47,-11.8
Kenya,1/1/2014,2014,1,60545.33,26869.32,5.04
Kenya,2/1/2014,2014,2,59407.29,25898.25,2.07
Kenya,3/1/2014,2014,3,58451.05,25922.63,2.14
Kenya,4/1/2014,2014,4,59808.15,29076.94,5.5
Kenya,5/1/2014,2014,5,60772.4,29978.31,6.62
Kenya,6/1/2014,2014,6,61480.82,31123.23,10.42
Kenya,7/1/2014,2014,7,60519.39,29041.68,6.65
Kenya,8/1/2014,2014,8,58707.65,25607.81,0.08
Kenya,9/1/2014,2014,9,57385.58,24531.59,-6.93
Kenya,10/1/2014,2014,10,57203.64,23905.86,-8.98
Kenya,11/1/2014,2014,11,56010.33,21786.34,-9.49
Kenya,12/1/2014,2014,12,55846.12,21786.98,-10.91
Kenya,1/1/2014,2014,1,69372.97,33187.43,2.11
Kenya,2/1/2014,2014,2,67323.1,32170.37,5.38
Kenya,3/1/2014,2014,3,68355.11,33538.42,4.73
Kenya,4/1/2014,2014,4,67937.3,33719.87,4.31
Kenya,5/1/2014,2014,5,70426.29,35465.27,6.45
Kenya,6/1/2014,2014,6,70766.29,35540.75,6.6
Kenya,7/1/2014,2014,7,70730.95,35588.96,6.76
Kenya,8/1/2014,2014,8,69665.63,34925.28,6.52
Kenya,9/1/2014,2014,9,66389.73,32190.07,-2.8
Kenya,10/1/2014,2014,10,65002.04,30208.74,-8.34
Kenya,11/1/2014,2014,11,64173.22,26481.78,-12.21
Kenya,12/1/2014,2014,12,63258.71,25861.23,-14.69
Kenya,1/1/2014,2014,1,65551.99,30063.47,5.38
Kenya,2/1/2014,2014,2,65078.25,29295.02,3.53
Kenya,3/1/2014,2014,3,64959.44,29741.52,1.2
Kenya,4/1/2014,2014,4,66053.95,31955.53,3.55
Kenya,5/1/2014,2014,5,66985.08,33961.39,5.02
Kenya,6/1/2014,2014,6,68394.86,33978.62,10.89
Kenya,7/1/2014,2014,7,68549.44,33834.38,13.25
Kenya,8/1/2014,2014,8,66885.11,32531.58,9.79
Kenya,9/1/2014,2014,9,64252.43,31332.85,2
Kenya,10/1/2014,2014,10,63570.19,27600.32,-8.54
Kenya,11/1/2014,2014,11,61978,26591.94,-7.92
Kenya,12/1/2014,2014,12,61210.48,23471.45,-12.81
Kenya,1/1/2014,2014,1,80359.73,48981.62,3.18
Kenya,2/1/2014,2014,2,77199.69,48269.24,1.54
Kenya,3/1/2014,2014,3,78982.62,48760.61,2.23
Kenya,4/1/2014,2014,4,78426.84,48930.42,3.47
Kenya,5/1/2014,2014,5,80383.47,48998.71,4.64
Kenya,6/1/2014,2014,6,80465.95,50250.82,5.77
Kenya,7/1/2014,2014,7,79785.55,49208.51,1.66
Kenya,8/1/2014,2014,8,78739.91,48788.87,1.87
Kenya,9/1/2014,2014,9,78190.8,48506.27,-0.31
Kenya,10/1/2014,2014,10,75883.12,46765.73,-1.97
Kenya,11/1/2014,2014,11,74400.48,43479.86,-10.17
Kenya,12/1/2014,2014,12,72530.56,39482.64,-12.68
Kenya,1/1/2014,2014,1,71488.99,42691.3,5.11
Kenya,2/1/2014,2014,2,70902.16,42981.25,6.71
Kenya,3/1/2014,2014,3,70265.55,42533.18,4.61
Kenya,4/1/2014,2014,4,70285.97,43683.14,5.48
Kenya,5/1/2014,2014,5,72270.15,44873.92,7.58
Kenya,6/1/2014,2014,6,74013.43,44497.73,11.18
Kenya,7/1/2014,2014,7,73762.64,45144.01,8.33
Kenya,8/1/2014,2014,8,70750.64,44475.72,4.71
Kenya,9/1/2014,2014,9,68779.34,43292.43,-2.4
Kenya,10/1/2014,2014,10,68080.67,39825.48,-5.66
Kenya,11/1/2014,2014,11,67597.79,36969.62,-11.91
Kenya,12/1/2014,2014,12,65214.44,34853.85,-13.81
Kenya,1/1/2014,2014,1,75078.95,47136.14,1.53
Kenya,2/1/2014,2014,2,74442.12,47072.78,0.74
Kenya,3/1/2014,2014,3,75545.06,47784.31,2.32
Kenya,4/1/2014,2014,4,74919.89,48144.67,5.21
Kenya,5/1/2014,2014,5,76410.33,48830.67,7.07
Kenya,6/1/2014,2014,6,76581.25,48827.45,3.88
Kenya,7/1/2014,2014,7,76934.9,48665.85,3.53
Kenya,8/1/2014,2014,8,75288.34,48858.59,3.01
Kenya,9/1/2014,2014,9,73842.57,48098.6,0.03
Kenya,10/1/2014,2014,10,72669.81,46143.87,-1.67
Kenya,11/1/2014,2014,11,72727.9,45408.56,-3.48
Kenya,12/1/2014,2014,12,69774.51,39972.91,-11.46
Kenya,1/1/2014,2014,1,59455.39,26897.24,0.28
Kenya,2/1/2014,2014,2,57962.77,25837.67,-0.18
Kenya,3/1/2014,2014,3,57464.36,27317.16,2.59
Kenya,4/1/2014,2014,4,58988.01,29713.89,6.4
Kenya,5/1/2014,2014,5,59594.31,30487.9,7.45
Kenya,6/1/2014,2014,6,60942.2,31513.93,8.69
Kenya,7/1/2014,2014,7,58691.75,29089.67,7.77
Kenya,8/1/2014,2014,8,58655.45,27576.13,2.84
Kenya,9/1/2014,2014,9,56744.86,24984.6,-7.96
Kenya,10/1/2014,2014,10,55395.85,23764.47,-11.88
Kenya,11/1/2014,2014,11,54947.04,22855.12,-9.16
Kenya,12/1/2014,2014,12,55307.05,23308.41,-6.44
Kenya,1/1/2014,2014,1,63067.22,33731.88,5.35
Kenya,2/1/2014,2014,2,62299.19,33395.32,5
Kenya,3/1/2014,2014,3,62681.91,33397.07,5.58
Kenya,4/1/2014,2014,4,62433.84,33622.11,4.11
Kenya,5/1/2014,2014,5,64156.81,35912.27,5.39
Kenya,6/1/2014,2014,6,64330.93,35343.56,6.59
Kenya,7/1/2014,2014,7,59476.46,30055.6,-4.72
Kenya,8/1/2014,2014,8,57241.41,28411.49,-7.77
Kenya,9/1/2014,2014,9,59258.82,30762.37,-3.32
Kenya,10/1/2014,2014,10,56854.51,27699.22,-14.23
Kenya,11/1/2014,2014,11,55933.24,27363.1,-15.23
Kenya,12/1/2014,2014,12,56636.89,28478.48,-13.6
Kenya,1/1/2014,2014,1,69301.65,34979.64,1.97
Kenya,2/1/2014,2014,2,68187.07,34467.03,3.34
Kenya,3/1/2014,2014,3,67821.88,34693.87,0.75
Kenya,4/1/2014,2014,4,66666.38,34981.64,1.18
Kenya,5/1/2014,2014,5,66931.02,36791.35,2.81
Kenya,6/1/2014,2014,6,68252.02,36386.99,3.16
Kenya,7/1/2014,2014,7,68138.95,36372.66,2.59
Kenya,8/1/2014,2014,8,67615.29,35377.19,2.28
Kenya,9/1/2014,2014,9,66947.63,34503.44,-1.19
Kenya,10/1/2014,2014,10,65996.25,32733.69,-4.29
Kenya,11/1/2014,2014,11,63007.71,31121.75,-9.01
Kenya,12/1/2014,2014,12,60707.88,28507.28,-14.89
Kenya,1/1/2014,2014,1,60293.63,27664.1,5.42
Kenya,2/1/2014,2014,2,58919.53,26845.84,2.55
Kenya,3/1/2014,2014,3,58004.8,27257.14,1.28
Kenya,4/1/2014,2014,4,59147.11,29740.78,4.65
Kenya,5/1/2014,2014,5,62588.79,32208.88,8.74
Kenya,6/1/2014,2014,6,62680.86,32220.49,10.42
Kenya,7/1/2014,2014,7,60845.4,29987.28,10.64
Kenya,8/1/2014,2014,8,58739.59,27052.53,4.95
Kenya,9/1/2014,2014,9,56447.29,25144.48,-12.34
Kenya,10/1/2014,2014,10,55166.02,23189.51,-15.25
Kenya,11/1/2014,2014,11,54256.18,22944.34,-12
Kenya,12/1/2014,2014,12,53545.56,22934.8,-12.76
Kenya,1/1/2014,2014,1,59190.7,27455.34,4.51
Kenya,2/1/2014,2014,2,57908,25841.35,-0.07
Kenya,3/1/2014,2014,3,57573.59,26474.78,1.52
Kenya,4/1/2014,2014,4,58485.95,29125.83,3.33
Kenya,5/1/2014,2014,5,60946.17,31241.52,7.69
Kenya,6/1/2014,2014,6,60589.63,30884.11,9.66
Kenya,7/1/2014,2014,7,60148.6,29228.93,10.1
Kenya,8/1/2014,2014,8,58025.88,27198.92,3.67
Kenya,9/1/2014,2014,9,56113.38,24644.13,-8.46
Kenya,10/1/2014,2014,10,54907.65,23841.77,-11.89
Kenya,11/1/2014,2014,11,53710.2,22189.6,-12.49
Kenya,12/1/2014,2014,12,53625.99,22911.23,-9.21
Kenya,1/1/2014,2014,1,65257.52,33410.32,7.94
Kenya,2/1/2014,2014,2,62767.05,31075.78,1.69
Kenya,3/1/2014,2014,3,62939.44,31787.95,1.63
Kenya,4/1/2014,2014,4,63942.45,33001.96,3.88
Kenya,5/1/2014,2014,5,65910.67,35086.99,8.49
Kenya,6/1/2014,2014,6,66051.38,35270.44,5.6
Kenya,7/1/2014,2014,7,65046.22,33436.6,11.73
Kenya,8/1/2014,2014,8,63392.27,32040.72,10.15
Kenya,9/1/2014,2014,9,61522.61,30613.89,-2.71
Kenya,10/1/2014,2014,10,59083.26,25765.52,-16.16
Kenya,11/1/2014,2014,11,57301.18,23908.91,-15.16
Kenya,12/1/2014,2014,12,57867.27,24935.8,-13.59
Kenya,1/1/2014,2014,1,63086.49,29283.56,2.82
Kenya,2/1/2014,2014,2,61914.4,28783.99,0.8
Kenya,3/1/2014,2014,3,61701.78,29899.33,3.14
Kenya,4/1/2014,2014,4,61971.76,33145.08,6.54
Kenya,5/1/2014,2014,5,64409.03,35238.66,9.41
Kenya,6/1/2014,2014,6,64264.78,34463.57,6.37
Kenya,7/1/2014,2014,7,63268.58,32427.75,7.57
Kenya,8/1/2014,2014,8,62053.89,31045.73,4.99
Kenya,9/1/2014,2014,9,59676.5,26361.52,-11.55
Kenya,10/1/2014,2014,10,59480.29,25331.66,-11.97
Kenya,11/1/2014,2014,11,57333,23740.95,-11.24
Kenya,12/1/2014,2014,12,57893.66,24246.04,-10.14
Kenya,1/1/2014,2014,1,60639.32,27971.54,2.21
Kenya,2/1/2014,2014,2,59946.44,27947.58,3.64
Kenya,3/1/2014,2014,3,59531.67,27811.47,3.85
Kenya,4/1/2014,2014,4,59147.5,29159.45,4.25
Kenya,5/1/2014,2014,5,61780.98,31512.78,8.34
Kenya,6/1/2014,2014,6,62318.07,32549.89,12.87
Kenya,7/1/2014,2014,7,61627.64,30600.46,9.94
Kenya,8/1/2014,2014,8,59645.83,27783.38,3.46
Kenya,9/1/2014,2014,9,56907.96,24585.27,-12.27
Kenya,10/1/2014,2014,10,56741.1,24193.01,-11.67
Kenya,11/1/2014,2014,11,55183.3,21167.52,-12.57
Kenya,12/1/2014,2014,12,55877.87,22364.87,-12.07
Kenya,1/1/2014,2014,1,75435,29851,14
Kenya,2/1/2014,2014,2,75271,29715,8.48
Kenya,3/1/2014,2014,3,83210,31529,10.95
Kenya,4/1/2014,2014,4,91200,33750,17.59
Kenya,5/1/2014,2014,5,93787.83,35731,18.77
Kenya,6/1/2014,2014,6,85669,36396,19.68
Kenya,7/1/2014,2014,7,69712,36387,15.41
Kenya,8/1/2014,2014,8,69336,30251,0.91
Kenya,9/1/2014,2014,9,76926,26723,-5.27
Kenya,10/1/2014,2014,10,73027,24745,-14.8
Kenya,11/1/2014,2014,11,70268,23957,-11.19
Kenya,12/1/2014,2014,12,65769,22327.5,-14.68
Kenya,1/1/2014,2014,1,63526.01,29431.34,1.5
Kenya,2/1/2014,2014,2,61369.78,28410.01,1.15
Kenya,3/1/2014,2014,3,61689.32,28716.65,-0.58
Kenya,4/1/2014,2014,4,62185.71,30155.53,3.33
Kenya,5/1/2014,2014,5,63495.84,31550.7,3.84
Kenya,6/1/2014,2014,6,64264.29,30031.84,3.84
Kenya,7/1/2014,2014,7,62596.25,29474.05,4.38
Kenya,8/1/2014,2014,8,61598.86,28566.82,1.38
Kenya,9/1/2014,2014,9,58900.38,25471.6,-10.07
Kenya,10/1/2014,2014,10,58715.43,25124.66,-11.45
Kenya,11/1/2014,2014,11,57770.8,24278.86,-9.34
Kenya,12/1/2014,2014,12,57570.86,24374.36,-10.91
Kenya,1/1/2014,2014,1,64401.28,28018.24,3.87
Kenya,2/1/2014,2014,2,62492.86,28053.62,2.82
Kenya,3/1/2014,2014,3,61810.78,27541.3,1.53
Kenya,4/1/2014,2014,4,63479.21,30106.49,4.06
Kenya,5/1/2014,2014,5,64160.63,31204.33,7.29
Kenya,6/1/2014,2014,6,64336.9,30884.85,6.61
Kenya,7/1/2014,2014,7,63649.04,30369.9,6.85
Kenya,8/1/2014,2014,8,62315.45,28792.93,0.59
Kenya,9/1/2014,2014,9,60752.68,26314.98,-8.7
Kenya,10/1/2014,2014,10,59710.04,25252.58,-8.85
Kenya,11/1/2014,2014,11,58418.25,23444.64,-9.11
Kenya,12/1/2014,2014,12,59398.84,24390.42,-9.37
Kenya,1/1/2014,2014,1,68055.62,34792.96,2.6
Kenya,2/1/2014,2014,2,68284.63,34817.94,2.03
Kenya,3/1/2014,2014,3,67691.09,34553.03,0.24
Kenya,4/1/2014,2014,4,67705.68,35315.02,1.77
Kenya,5/1/2014,2014,5,68287.43,35530.87,2.51
Kenya,6/1/2014,2014,6,68652.56,35772.14,1.66
Kenya,7/1/2014,2014,7,66847.22,35228.99,2
Kenya,8/1/2014,2014,8,66029.1,34755.68,0.13
Kenya,9/1/2014,2014,9,65562.47,34867.01,-3.09
Kenya,10/1/2014,2014,10,64099.05,32836.66,-6.75
Kenya,11/1/2014,2014,11,63218.35,31671.19,-10.03
Kenya,12/1/2014,2014,12,62986.43,32003.7,-8.51
Kenya,1/1/2014,2014,1,58880.92,21987.29,-0.1
Kenya,2/1/2014,2014,2,58138.68,22042.96,2.68
Kenya,3/1/2014,2014,3,58578.77,23104.03,4.04
Kenya,4/1/2014,2014,4,58300.07,24337.85,6.55
Kenya,5/1/2014,2014,5,59953.29,25643.77,5.7
Kenya,6/1/2014,2014,6,60208.46,25310.12,7.98
Kenya,7/1/2014,2014,7,60262.82,25619.36,7.97
Kenya,8/1/2014,2014,8,59659.5,23896.81,4.78
Kenya,9/1/2014,2014,9,55909.22,20857.22,-9.83
Kenya,10/1/2014,2014,10,56769.17,20638.83,-7.86
Kenya,11/1/2014,2014,11,55279.92,20270.2,-5.69
Kenya,12/1/2014,2014,12,55820.19,20520.15,-4.86
Kenya,1/1/2014,2014,1,67256.54,35660.24,4.48
Kenya,2/1/2014,2014,2,66539.81,35080.92,2.66
Kenya,3/1/2014,2014,3,66493.48,33993.42,0.03
Kenya,4/1/2014,2014,4,66964.92,35531.01,1.78
Kenya,5/1/2014,2014,5,67825.89,35712.27,2.78
Kenya,6/1/2014,2014,6,67877.21,35705.5,1.56
Kenya,7/1/2014,2014,7,68195.29,35860.46,3.9
Kenya,8/1/2014,2014,8,67136.88,35689.75,1.33
Kenya,9/1/2014,2014,9,65616.33,35066.15,-0.24
Kenya,10/1/2014,2014,10,65970.23,33921.87,-2.83
Kenya,11/1/2014,2014,11,63965.98,31386.13,-8.79
Kenya,12/1/2014,2014,12,61308.98,29350.49,-11.03
Kenya,1/1/2014,2014,1,71565.08,27762.54,-0.37
Kenya,2/1/2014,2014,2,69397.62,26634.11,1.96
Kenya,3/1/2014,2014,3,70202.53,26901.35,-0.37
Kenya,4/1/2014,2014,4,71172.99,28977.87,-0.37
Kenya,5/1/2014,2014,5,70011.03,30132.23,-1.67
Kenya,6/1/2014,2014,6,71256.05,31645,5.64
Kenya,7/1/2014,2014,7,72162.49,30061.59,7.63
Kenya,8/1/2014,2014,8,70160.36,28258.15,5.41
Kenya,9/1/2014,2014,9,67930.06,26398.88,-7.8
Kenya,10/1/2014,2014,10,66105.42,25495.02,-10.18
Kenya,11/1/2014,2014,11,63113.34,21378.68,-14.4
Kenya,12/1/2014,2014,12,62554.54,22268.43,-12.65
Kenya,1/1/2014,2014,1,65971.22,26705.52,1.9
Kenya,2/1/2014,2014,2,65386.05,27232.24,4.24
Kenya,3/1/2014,2014,3,64680.87,26832.45,0.24
Kenya,4/1/2014,2014,4,65900.86,27514.46,-0.33
Kenya,5/1/2014,2014,5,66898.31,29972.43,5.63
Kenya,6/1/2014,2014,6,67026.97,31890.98,11.69
Kenya,7/1/2014,2014,7,66461.62,30549.74,12.09
Kenya,8/1/2014,2014,8,66142.48,28360.81,6.32
Kenya,9/1/2014,2014,9,65649.35,27834.03,1.92
Kenya,10/1/2014,2014,10,64409.52,27063.97,-2.22
Kenya,11/1/2014,2014,11,60281.16,23156.17,-11.38
Kenya,12/1/2014,2014,12,59227.86,22618.35,-12.89
Kenya,1/1/2014,2014,1,62826.15,30995.98,0.91
Kenya,2/1/2014,2014,2,61843.91,30818.03,-0.67
Kenya,3/1/2014,2014,3,62741.05,32102.82,2.52
Kenya,4/1/2014,2014,4,62861.87,33418.99,3.58
Kenya,5/1/2014,2014,5,65208.16,33663.03,3.94
Kenya,6/1/2014,2014,6,65614.19,34148.1,3.7
Kenya,7/1/2014,2014,7,61705.63,31356.34,-0.24
Kenya,8/1/2014,2014,8,61154.67,31204.75,0.66
Kenya,9/1/2014,2014,9,61958.37,31692.66,0.12
Kenya,10/1/2014,2014,10,60752.34,28623.05,-10.87
Kenya,11/1/2014,2014,11,59898.2,26431.37,-12.72
Kenya,12/1/2014,2014,12,59775.43,26485.01,-11.41
Kenya,1/1/2014,2014,1,60315.36,27882.68,-1.27
Kenya,2/1/2014,2014,2,59361.43,27019.51,-1.36
Kenya,3/1/2014,2014,3,59146.36,27028.42,7.12
Kenya,4/1/2014,2014,4,60169.14,30188.18,7.49
Kenya,5/1/2014,2014,5,62845.27,33075.43,9.17
Kenya,6/1/2014,2014,6,63403.7,33488.61,16.69
Kenya,7/1/2014,2014,7,60870.35,30589.53,14.13
Kenya,8/1/2014,2014,8,58568.95,27189.96,2.79
Kenya,9/1/2014,2014,9,56759.94,25555.65,-11.59
Kenya,10/1/2014,2014,10,55971.34,24465.48,-10.93
Kenya,11/1/2014,2014,11,55359.69,23386.56,-9.1
Kenya,12/1/2014,2014,12,55291.09,21700.23,-12.8
Kenya,1/1/2014,2014,1,62324,27706.13,3.41
Kenya,2/1/2014,2014,2,61009.07,27969.05,1.83
Kenya,3/1/2014,2014,3,61941.98,28257.45,2.44
Kenya,4/1/2014,2014,4,61911.6,30148.76,3.44
Kenya,5/1/2014,2014,5,63306.92,30835.48,4.37
Kenya,6/1/2014,2014,6,64048.77,32208.22,9.66
Kenya,7/1/2014,2014,7,64469.98,32274.77,13.39
Kenya,8/1/2014,2014,8,63104.98,30688.62,8.72
Kenya,9/1/2014,2014,9,61886.36,28877.89,0.9
Kenya,10/1/2014,2014,10,59140.78,27729.2,-4.32
Kenya,11/1/2014,2014,11,56817.66,25916.56,-8.98
Kenya,12/1/2014,2014,12,56115.97,25143.16,-8.22
Kenya,1/1/2014,2014,1,61583.25,27676,2.59
Kenya,2/1/2014,2014,2,60844.15,27502.74,4.85
Kenya,3/1/2014,2014,3,61243.59,28738.61,7.64
Kenya,4/1/2014,2014,4,61127.17,30095.14,4.27
Kenya,5/1/2014,2014,5,63231.23,31660.93,7.71
Kenya,6/1/2014,2014,6,63229.47,32315.53,8.99
Kenya,7/1/2014,2014,7,62420.7,29536.88,10.51
Kenya,8/1/2014,2014,8,61483.19,28094.06,6.13
Kenya,9/1/2014,2014,9,58257.06,26078.24,-7.11
Kenya,10/1/2014,2014,10,57052.99,23916.13,-10.53
Kenya,11/1/2014,2014,11,55565.01,22063.43,-13.18
Kenya,12/1/2014,2014,12,55571.07,22863.01,-10.96
Kenya,1/1/2014,2014,1,77854.58,43376.04,5.2
Kenya,2/1/2014,2014,2,76586.47,38278.63,-5.81
Kenya,3/1/2014,2014,3,76580.02,38608.15,-4
Kenya,4/1/2014,2014,4,75696.6,38460.49,-6.33
Kenya,5/1/2014,2014,5,77426.95,44036.66,3.56
Kenya,6/1/2014,2014,6,77978.93,44460.5,7.8
Kenya,7/1/2014,2014,7,77616.83,44460.7,3.7
Kenya,8/1/2014,2014,8,77898.61,44676.67,2.57
Kenya,9/1/2014,2014,9,76900.92,42157.54,-2.66
Kenya,10/1/2014,2014,10,77225.2,42361.18,-1.09
Kenya,11/1/2014,2014,11,76710.42,37838.44,-2.79
Kenya,12/1/2014,2014,12,76525.82,36669.3,-3.4
Kenya,1/1/2014,2014,1,67658.5,34804.87,1.31
Kenya,2/1/2014,2014,2,66490.89,34865.18,7.65
Kenya,3/1/2014,2014,3,66582.91,34478.23,-0.99
Kenya,4/1/2014,2014,4,66003.73,35129.35,0.61
Kenya,5/1/2014,2014,5,65227.23,34597.11,-0.2
Kenya,6/1/2014,2014,6,64399.31,34251.14,-3.88
Kenya,7/1/2014,2014,7,65489.18,35107.07,-0.69
Kenya,8/1/2014,2014,8,63337.06,31948.15,-1.23
Kenya,9/1/2014,2014,9,63404.07,32469,-9.62
Kenya,10/1/2014,2014,10,61026.59,29789.63,-12.5
Kenya,11/1/2014,2014,11,60163.78,29346,-17.23
Kenya,12/1/2014,2014,12,59906.58,28336.89,-14.6
Kenya,1/1/2014,2014,1,62001.3,31156.82,3.85
Kenya,2/1/2014,2014,2,61733.01,31003.88,1.66
Kenya,3/1/2014,2014,3,61925.88,32653.59,5.44
Kenya,4/1/2014,2014,4,62997.64,33165.55,4.02
Kenya,5/1/2014,2014,5,63826.45,35460.85,4.27
Kenya,6/1/2014,2014,6,64794.19,33942.97,9.33
Kenya,7/1/2014,2014,7,65357.05,35893.09,14.17
Kenya,8/1/2014,2014,8,62761.06,32545.64,4.25
Kenya,9/1/2014,2014,9,61684.46,33016.91,4.27
Kenya,10/1/2014,2014,10,59714.22,30979.57,-2.38
Kenya,11/1/2014,2014,11,57482.91,28920.12,-5.65
Kenya,12/1/2014,2014,12,56335.48,26594.23,-9.86
Kenya,1/1/2014,2014,1,59402.54,30679.53,8.47
Kenya,2/1/2014,2014,2,57488.64,28380.17,0.95
Kenya,3/1/2014,2014,3,58815.17,30414.16,-0.4
Kenya,4/1/2014,2014,4,58872.92,31514.03,2.26
Kenya,5/1/2014,2014,5,61319.31,33676.8,13.18
Kenya,6/1/2014,2014,6,61388.42,33092.71,12.98
Kenya,7/1/2014,2014,7,56988.31,28218.79,-1.98
Kenya,8/1/2014,2014,8,56571.12,27018.47,-0.85
Kenya,9/1/2014,2014,9,57202.01,27384.25,-7.07
Kenya,10/1/2014,2014,10,55678.05,28154.38,-7.59
Kenya,11/1/2014,2014,11,54050.32,26213.45,-8.74
Kenya,12/1/2014,2014,12,53739.64,27556.61,-11.09
Kenya,1/1/2014,2014,1,60107.28,23036.42,3.63
Kenya,2/1/2014,2014,2,57964.27,22599.95,1.31
Kenya,3/1/2014,2014,3,58330.43,22916.01,2.17
Kenya,4/1/2014,2014,4,57831.82,24575.69,1.37
Kenya,5/1/2014,2014,5,61130.06,27090.39,9.67
Kenya,6/1/2014,2014,6,60509.79,26590.03,8.93
Kenya,7/1/2014,2014,7,59660.66,25016.35,7.66
Kenya,8/1/2014,2014,8,58818.87,23527.95,4.9
Kenya,9/1/2014,2014,9,55817.04,20585.97,-9.65
Kenya,10/1/2014,2014,10,55938.08,20460.37,-8.82
Kenya,11/1/2014,2014,11,54978.11,20098.87,-5.56
Kenya,12/1/2014,2014,12,55327.46,20215.54,-6.45
Kenya,1/1/2014,2014,1,75640.81,46278.04,1.03
Kenya,2/1/2014,2014,2,75019.18,46913.09,1.85
Kenya,3/1/2014,2014,3,74010,46268.07,2.62
Kenya,4/1/2014,2014,4,74760.46,46606.97,4.33
Kenya,5/1/2014,2014,5,76826.39,48126.8,6.01
Kenya,6/1/2014,2014,6,77527.25,47506.62,4.52
Kenya,7/1/2014,2014,7,77422.68,48324.98,5.25
Kenya,8/1/2014,2014,8,75210.58,47855.31,2.24
Kenya,9/1/2014,2014,9,76262.32,46727.21,-0.44
Kenya,10/1/2014,2014,10,72113.16,46355.64,-0.62
Kenya,11/1/2014,2014,11,72206.92,44272.36,-3.2
Kenya,12/1/2014,2014,12,68450.9,39925.7,-12.15
Kenya,1/1/2014,2014,1,71496.48,34949.09,0.74
Kenya,2/1/2014,2014,2,70504.62,35235.75,-0.18
Kenya,3/1/2014,2014,3,71791.09,35921.62,3.72
Kenya,4/1/2014,2014,4,70070.09,35618.86,1.97
Kenya,5/1/2014,2014,5,72030.45,36851.87,7.09
Kenya,6/1/2014,2014,6,71532.05,36522.69,2.5
Kenya,7/1/2014,2014,7,70206.44,35400.69,0.52
Kenya,8/1/2014,2014,8,68294.5,35583.17,-0.08
Kenya,9/1/2014,2014,9,69767.09,36687.83,-0.17
Kenya,10/1/2014,2014,10,66497.79,34803.45,-3.24
Kenya,11/1/2014,2014,11,65352.51,33747.26,-7.02
Kenya,12/1/2014,2014,12,65168.82,33668.58,-7.3
Kenya,1/1/2014,2014,1,64329.19,34641.32,3.62
Kenya,2/1/2014,2014,2,63726.93,33970.53,5.64
Kenya,3/1/2014,2014,3,64385.89,35021.11,5.55
Kenya,4/1/2014,2014,4,64384.46,35039.96,4.28
Kenya,5/1/2014,2014,5,65108.04,35993.39,3.84
Kenya,6/1/2014,2014,6,65953.64,37597.17,8.79
Kenya,7/1/2014,2014,7,66177.19,37937.45,12.48
Kenya,8/1/2014,2014,8,64807.84,35272.54,7.14
Kenya,9/1/2014,2014,9,63621.43,35744.87,2.72
Kenya,10/1/2014,2014,10,60416.51,32637.28,-4.22
Kenya,11/1/2014,2014,11,58229.16,29410.59,-9.1
Kenya,12/1/2014,2014,12,57356.02,28594.7,-12.11
Kenya,1/1/2014,2014,1,68269.65,33601.58,1.13
Kenya,2/1/2014,2014,2,69106.4,33485.01,2.1
Kenya,3/1/2014,2014,3,68355.96,33660,2.01
Kenya,4/1/2014,2014,4,69061.4,34181.11,3.08
Kenya,5/1/2014,2014,5,69599.37,34494.02,3.95
Kenya,6/1/2014,2014,6,69966.41,35159.66,4.89
Kenya,7/1/2014,2014,7,70614.25,35367.85,5.94
Kenya,8/1/2014,2014,8,69525.48,35200.34,4.82
Kenya,9/1/2014,2014,9,68038.12,34295.62,1.17
Kenya,10/1/2014,2014,10,66291.97,33501.59,-2.01
Kenya,11/1/2014,2014,11,65560.61,31315.19,-5.34
Kenya,12/1/2014,2014,12,63721.77,30491.99,-6.9
Kenya,1/1/2014,2014,1,56831.45,27193.18,3.66
Kenya,2/1/2014,2014,2,55820.55,26292.14,3.62
Kenya,3/1/2014,2014,3,57063.39,27579.85,3.46
Kenya,4/1/2014,2014,4,56711.44,28446.98,2.57
Kenya,5/1/2014,2014,5,56736.53,27830.38,2.16
Kenya,6/1/2014,2014,6,57497.11,29145.45,6.69
Kenya,7/1/2014,2014,7,58585.89,29770.49,9.68
Kenya,8/1/2014,2014,8,57399.25,28423.44,6.88
Kenya,9/1/2014,2014,9,56788.78,26590.65,1.84
Kenya,10/1/2014,2014,10,54703.6,25064.87,-5.81
Kenya,11/1/2014,2014,11,53931.27,24399.16,-6.61
Kenya,12/1/2014,2014,12,52157.53,22352.97,-11.03
Kenya,1/1/2014,2014,1,69244.32,34026.49,8.75
Kenya,2/1/2014,2014,2,65528.33,33066.97,1.77
Kenya,3/1/2014,2014,3,64679.55,33186.21,3.64
Kenya,4/1/2014,2014,4,68031.39,34092.99,4.56
Kenya,5/1/2014,2014,5,67936.16,34605.28,6.07
Kenya,6/1/2014,2014,6,68304.98,34996.63,3.23
Kenya,7/1/2014,2014,7,68827.81,35069.87,10.55
Kenya,8/1/2014,2014,8,65274.26,32378.36,2.84
Kenya,9/1/2014,2014,9,63081.16,31190.26,-3.83
Kenya,10/1/2014,2014,10,61985.5,28160.22,-11.03
Kenya,11/1/2014,2014,11,59947.61,24354.51,-13.62
Kenya,12/1/2014,2014,12,59910.26,24358.42,-16.88
Kenya,1/1/2014,2014,1,60980.64,25054.05,2.57
Kenya,2/1/2014,2014,2,60009.33,24467.44,2.73
Kenya,3/1/2014,2014,3,59626.66,25008.89,3.35
Kenya,4/1/2014,2014,4,59405.21,27106.17,6.53
Kenya,5/1/2014,2014,5,60711.18,27397.18,7.18
Kenya,6/1/2014,2014,6,60029.27,27411.55,5.96
Kenya,7/1/2014,2014,7,60381.7,26615.15,5.33
Kenya,8/1/2014,2014,8,60226.64,25090.84,2.23
Kenya,9/1/2014,2014,9,57995.01,22086.12,-8.77
Kenya,10/1/2014,2014,10,57134.53,21790.24,-9.39
Kenya,11/1/2014,2014,11,56649.54,21310.74,-7.04
Kenya,12/1/2014,2014,12,56811.8,21876.57,-5.88
Kenya,1/1/2014,2014,1,62472.61,29782.95,0
Kenya,2/1/2014,2014,2,60426.21,30198.94,3.89
Kenya,3/1/2014,2014,3,61216.97,30178.28,3.16
Kenya,4/1/2014,2014,4,62851.41,32115.84,3
Kenya,5/1/2014,2014,5,63178.22,32852.91,3.04
Kenya,6/1/2014,2014,6,65120.39,34162.8,10.92
Kenya,7/1/2014,2014,7,63436.43,33372.67,9.55
Kenya,8/1/2014,2014,8,61909.18,31875.06,5.53
Kenya,9/1/2014,2014,9,58695.02,28896.05,-8
Kenya,10/1/2014,2014,10,56991.08,27152.95,-11.52
Kenya,11/1/2014,2014,11,57266.17,27402.24,-7.52
Kenya,12/1/2014,2014,12,56506.54,26761.53,-8.14
Kenya,1/1/2014,2014,1,65538.25,32835.69,6.9
Kenya,2/1/2014,2014,2,61377.92,30042.2,-2.24
Kenya,3/1/2014,2014,3,61515.47,30043.7,0.47
Kenya,4/1/2014,2014,4,63280.9,32061.43,3.96
Kenya,5/1/2014,2014,5,64991.99,33633.36,3.79
Kenya,6/1/2014,2014,6,65373.37,33949.91,6.83
Kenya,7/1/2014,2014,7,65498.11,33631.47,10.54
Kenya,8/1/2014,2014,8,63759.17,31858.9,6.26
Kenya,9/1/2014,2014,9,60376.33,29057.28,-2.96
Kenya,10/1/2014,2014,10,58604.83,26623.78,-8.41
Kenya,11/1/2014,2014,11,57718.25,25073.42,-11.1
Kenya,12/1/2014,2014,12,57994.4,24912.05,-13.08
Kenya,1/1/2014,2014,1,65432.16,34014.01,7.42
Kenya,2/1/2014,2014,2,62588.86,31501.25,0.88
Kenya,3/1/2014,2014,3,62327.84,31576.02,2.58
Kenya,4/1/2014,2014,4,64010.28,33012.34,3.46
Kenya,5/1/2014,2014,5,65175.19,34212.61,4.13
Kenya,6/1/2014,2014,6,64750.23,33474.44,2.71
Kenya,7/1/2014,2014,7,63348.24,32779.17,8.06
Kenya,8/1/2014,2014,8,62643.11,31985.06,10.24
Kenya,9/1/2014,2014,9,59587.23,29683.79,-6.27
Kenya,10/1/2014,2014,10,58381.88,26083.54,-14.18
Kenya,11/1/2014,2014,11,57513.93,24954.08,-16.54
Kenya,12/1/2014,2014,12,56888.64,24136.44,-16.26
Kenya,1/1/2014,2014,1,61396.22,22931.02,-0.89
Kenya,2/1/2014,2014,2,60529.11,22796.7,-0.06
Kenya,3/1/2014,2014,3,60116.38,23682.5,0.04
Kenya,4/1/2014,2014,4,60831.42,24817.83,3.95
Kenya,5/1/2014,2014,5,61883.55,25975.61,7.79
Kenya,6/1/2014,2014,6,62535.21,26102.83,7
Kenya,7/1/2014,2014,7,60943.3,24759.29,5.78
Kenya,8/1/2014,2014,8,61264.11,24082.85,2.59
Kenya,9/1/2014,2014,9,58833.31,22361.86,-6.88
Kenya,10/1/2014,2014,10,58205.15,21873.94,-5.71
Kenya,11/1/2014,2014,11,57348.42,21166.51,-6.31
Kenya,12/1/2014,2014,12,57487.04,20672.81,-5.22
Kenya,1/1/2014,2014,1,59309.97,22576.01,-0.3
Kenya,2/1/2014,2014,2,58543.47,22507.52,0.18
Kenya,3/1/2014,2014,3,58805.16,22918.86,2.43
Kenya,4/1/2014,2014,4,58312.41,23256.21,0.4
Kenya,5/1/2014,2014,5,59219.09,23940.49,2.58
Kenya,6/1/2014,2014,6,58345.41,23792.43,1.59
Kenya,7/1/2014,2014,7,59759.21,23704.56,3.4
Kenya,8/1/2014,2014,8,58944.65,22676.79,1.2
Kenya,9/1/2014,2014,9,57596.28,21419.52,-2.86
Kenya,10/1/2014,2014,10,57274.15,21583.45,-5.14
Kenya,11/1/2014,2014,11,55002.63,20084.28,-8.19
Kenya,12/1/2014,2014,12,55938.63,20717.24,-5.79
Kenya,1/1/2014,2014,1,71817.81,34419.74,0.72
Kenya,2/1/2014,2014,2,70328.15,34441.98,0
Kenya,3/1/2014,2014,3,71063.95,34620.98,0.7
Kenya,4/1/2014,2014,4,70535.92,33998.28,1.96
Kenya,5/1/2014,2014,5,73497.45,36010.39,7.14
Kenya,6/1/2014,2014,6,73160.03,35655.88,2.61
Kenya,7/1/2014,2014,7,69847.08,34028.08,-2.28
Kenya,8/1/2014,2014,8,68934.36,33616.01,-1.3
Kenya,9/1/2014,2014,9,69595.2,34892.4,-2.16
Kenya,10/1/2014,2014,10,68452.13,34140.59,-3.31
Kenya,11/1/2014,2014,11,66730.98,32911.12,-4.8
Kenya,12/1/2014,2014,12,66744.65,33182.43,-4.53
Kenya,1/1/2014,2014,1,59716.54,22793.64,2.59
Kenya,2/1/2014,2014,2,58558.05,23181.12,0.29
Kenya,3/1/2014,2014,3,58343.46,22921.48,0.69
Kenya,4/1/2014,2014,4,58579.49,24535.14,3.3
Kenya,5/1/2014,2014,5,60773.5,26953.19,8.18
Kenya,6/1/2014,2014,6,59727.73,25214.72,6.02
Kenya,7/1/2014,2014,7,60074.02,25120.62,6.98
Kenya,8/1/2014,2014,8,59072.07,23790.49,3.97
Kenya,9/1/2014,2014,9,57002.89,22104.6,-5.63
Kenya,10/1/2014,2014,10,56202.56,20997.62,-8.69
Kenya,11/1/2014,2014,11,55708.09,20676.5,-4.4
Kenya,12/1/2014,2014,12,56164.79,20861.06,-5.03
Kenya,1/1/2014,2014,1,60153.74,22349.17,2.97
Kenya,2/1/2014,2014,2,58353.98,22112.37,-1.76
Kenya,3/1/2014,2014,3,58898.68,23069.04,0.58
Kenya,4/1/2014,2014,4,58730.4,24524.92,1.83
Kenya,5/1/2014,2014,5,60155.72,26412.92,5.08
Kenya,6/1/2014,2014,6,60112.74,26321.51,9.33
Kenya,7/1/2014,2014,7,60067.38,24696.95,6.33
Kenya,8/1/2014,2014,8,58667.6,23073.37,3.65
Kenya,9/1/2014,2014,9,56421.57,20971.87,-8.45
Kenya,10/1/2014,2014,10,56702.42,20567.79,-7.38
Kenya,11/1/2014,2014,11,56036.78,20372.18,-3.95
Kenya,12/1/2014,2014,12,55817.41,20101.14,-6.99
Kenya,1/1/2014,2014,1,59721.11,22653.17,0.09
Kenya,2/1/2014,2014,2,58620.28,23194.93,0.48
Kenya,3/1/2014,2014,3,59057.45,23173.33,3.76
Kenya,4/1/2014,2014,4,58017.93,24226.67,1.07
Kenya,5/1/2014,2014,5,60318.91,26838.85,7.93
Kenya,6/1/2014,2014,6,60574.37,26753.03,9.12
Kenya,7/1/2014,2014,7,59929.07,24968.41,8.16
Kenya,8/1/2014,2014,8,58864.05,23769.35,1.5
Kenya,9/1/2014,2014,9,56110.94,21436.44,-8.61
Kenya,10/1/2014,2014,10,57158.34,21690.51,-5.87
Kenya,11/1/2014,2014,11,55642.18,20514.75,-5.68
Kenya,12/1/2014,2014,12,55160.49,20300.11,-6.07
Kenya,1/1/2014,2014,1,60075.45,22474.56,3.07
Kenya,2/1/2014,2014,2,57641.29,22059.35,0.41
Kenya,3/1/2014,2014,3,57842.35,22968.27,3.21
Kenya,4/1/2014,2014,4,58046.73,24734.17,2.58
Kenya,5/1/2014,2014,5,58992.73,26062.19,7.73
Kenya,6/1/2014,2014,6,59747.38,25363.65,9.01
Kenya,7/1/2014,2014,7,59081.02,23436.91,4.29
Kenya,8/1/2014,2014,8,58566.35,22702.05,3.66
Kenya,9/1/2014,2014,9,56042.76,20893.65,-9.87
Kenya,10/1/2014,2014,10,56339.34,20441.9,-7.28
Kenya,11/1/2014,2014,11,55096.3,20092.1,-5.57
Kenya,12/1/2014,2014,12,55507,20221.35,-7.29
Kenya,1/1/2014,2014,1,67909.6,34234.75,11.7
Kenya,2/1/2014,2014,2,63646.17,32360.11,3.72
Kenya,3/1/2014,2014,3,64089.43,32370.08,2.53
Kenya,4/1/2014,2014,4,66529.38,34060.71,6.32
Kenya,5/1/2014,2014,5,66468.83,34378.38,3.94
Kenya,6/1/2014,2014,6,68279.15,35944.08,6.03
Kenya,7/1/2014,2014,7,66709.29,34976.67,12.04
Kenya,8/1/2014,2014,8,63821.1,31431.43,4
Kenya,9/1/2014,2014,9,62015.79,30269.54,-3.3
Kenya,10/1/2014,2014,10,61201.46,28140.51,-10.49
Kenya,11/1/2014,2014,11,59339.63,24462.12,-15.42
Kenya,12/1/2014,2014,12,59818.1,24664.35,-14.91
Kenya,1/1/2015,2015,1,57606.99,23381.26,-8.69
Kenya,2/1/2015,2015,2,57307.92,22717,-12.53
Kenya,3/1/2015,2015,3,57023.92,22780.42,-12.88
Kenya,4/1/2015,2015,4,57442.65,23485.92,-12.26
Kenya,5/1/2015,2015,5,59987.16,27313.24,-10.51
Kenya,6/1/2015,2015,6,60953.07,29333.07,-8.43
Kenya,7/1/2015,2015,7,59674.48,26703.3,-9.37
Kenya,8/1/2015,2015,8,57626.24,25796.25,-9.88
Kenya,9/1/2015,2015,9,56553.44,24053.83,-12.09
Kenya,10/1/2015,2015,10,56739.36,24094.81,-9.89
Kenya,11/1/2015,2015,11,56826.8,23900.82,-3.93
Kenya,12/1/2015,2015,12,56808.38,24411.56,3.45
Kenya,1/1/2015,2015,1,55196.66,24586.78,-8.68
Kenya,2/1/2015,2015,2,56040.14,24424.77,-7.1
Kenya,3/1/2015,2015,3,55712.44,25269.33,-7.88
Kenya,4/1/2015,2015,4,56851.42,26050.37,-10.61
Kenya,5/1/2015,2015,5,57175.92,28400.5,-4.86
Kenya,6/1/2015,2015,6,58584.21,31907.1,-3.69
Kenya,7/1/2015,2015,7,57329.7,30144.5,-8.73
Kenya,8/1/2015,2015,8,57271.15,29332.59,-8
Kenya,9/1/2015,2015,9,53704.25,25556.83,-6.93
Kenya,10/1/2015,2015,10,54479.59,25665.72,-4.07
Kenya,11/1/2015,2015,11,54670.2,25317.9,-2.41
Kenya,12/1/2015,2015,12,54602.97,26340.12,6.54
Kenya,1/1/2015,2015,1,55479.61,20709.28,-8.48
Kenya,2/1/2015,2015,2,54701.03,20305.27,-7.23
Kenya,3/1/2015,2015,3,54523.01,20595.29,-10.21
Kenya,4/1/2015,2015,4,57033.48,22732.71,-3.41
Kenya,5/1/2015,2015,5,57575.51,23864.03,-8.03
Kenya,6/1/2015,2015,6,57398.15,23505.79,-9.25
Kenya,7/1/2015,2015,7,59075.17,24900.53,-1.78
Kenya,8/1/2015,2015,8,58275.44,23990.62,-1.11
Kenya,9/1/2015,2015,9,56145.85,22023.48,-1.77
Kenya,10/1/2015,2015,10,55990.37,21759.61,-0.83
Kenya,11/1/2015,2015,11,56177.21,21894.12,2.9
Kenya,12/1/2015,2015,12,56025.79,21712.55,1.96
Kenya,1/1/2015,2015,1,52793.35,23839.85,-11.68
Kenya,2/1/2015,2015,2,53287.88,24754,-6.04
Kenya,3/1/2015,2015,3,53331.86,24969.72,-7.62
Kenya,4/1/2015,2015,4,54485.12,26719.3,-5.47
Kenya,5/1/2015,2015,5,55496.18,28343.12,-4.17
Kenya,6/1/2015,2015,6,56026.01,29938.28,-4.9
Kenya,7/1/2015,2015,7,55240.49,28621.52,-5.77
Kenya,8/1/2015,2015,8,56197.02,29886.22,0.87
Kenya,9/1/2015,2015,9,53181.03,26534.7,-4.82
Kenya,10/1/2015,2015,10,52604,25643.08,-2.88
Kenya,11/1/2015,2015,11,52462.5,24770.01,-3.02
Kenya,12/1/2015,2015,12,52056.89,25319.96,2.28
Kenya,1/1/2015,2015,1,57670.51,24292.11,-12.79
Kenya,2/1/2015,2015,2,56065.6,23320.26,-13.58
Kenya,3/1/2015,2015,3,55880.06,23840.04,-11.12
Kenya,4/1/2015,2015,4,59208.63,28872.32,-8.1
Kenya,5/1/2015,2015,5,61042.01,32114.04,-4.88
Kenya,6/1/2015,2015,6,58862.98,30119.47,-9.82
Kenya,7/1/2015,2015,7,60117.67,32065.29,-2.6
Kenya,8/1/2015,2015,8,59811.49,30551.91,1.98
Kenya,9/1/2015,2015,9,57353.38,27405.17,0.55
Kenya,10/1/2015,2015,10,57720.42,26677.38,2.57
Kenya,11/1/2015,2015,11,57646.22,26596.67,4.67
Kenya,12/1/2015,2015,12,58035.31,26584.11,4.03
Kenya,1/1/2015,2015,1,62698.21,28819.11,-8.6
Kenya,2/1/2015,2015,2,63776.48,29342.81,-5.19
Kenya,3/1/2015,2015,3,63096.48,29312.3,-6.83
Kenya,4/1/2015,2015,4,65470.57,33448.72,-0.08
Kenya,5/1/2015,2015,5,67326.54,34848.59,1.22
Kenya,6/1/2015,2015,6,67806.78,35547.62,-0.89
Kenya,7/1/2015,2015,7,68256.27,34056.86,-0.1
Kenya,8/1/2015,2015,8,67732.15,34423.79,-0.81
Kenya,9/1/2015,2015,9,65527.79,31694.86,-0.67
Kenya,10/1/2015,2015,10,64357.87,31604.85,0.53
Kenya,11/1/2015,2015,11,65572.91,32123.14,4.52
Kenya,12/1/2015,2015,12,64081,32033,7.97
Kenya,1/1/2015,2015,1,55245.86,20736.33,-6.2
Kenya,2/1/2015,2015,2,51815.71,20086.72,-8.63
Kenya,3/1/2015,2015,3,52285.18,20190.24,-9.44
Kenya,4/1/2015,2015,4,55253.75,22175.63,-6.03
Kenya,5/1/2015,2015,5,56616.98,24038.47,-4.44
Kenya,6/1/2015,2015,6,54914.22,22642.3,-10.38
Kenya,7/1/2015,2015,7,56267.42,24045.77,-2.45
Kenya,8/1/2015,2015,8,55500.93,23531.51,-1.75
Kenya,9/1/2015,2015,9,53451.96,21830.34,0.74
Kenya,10/1/2015,2015,10,53979.47,21329.04,0.7
Kenya,11/1/2015,2015,11,53582.08,21288.26,2.04
Kenya,12/1/2015,2015,12,53366.7,21151.44,1.48
Kenya,1/1/2015,2015,1,64182.81,32549.42,-6.58
Kenya,2/1/2015,2015,2,66361.58,33946.93,0.22
Kenya,3/1/2015,2015,3,66561.86,34057.56,-1.08
Kenya,4/1/2015,2015,4,66401.07,35368.1,-1.55
Kenya,5/1/2015,2015,5,65609.93,36110.86,-1.69
Kenya,6/1/2015,2015,6,66857.04,37034.23,0.21
Kenya,7/1/2015,2015,7,65622.8,36425.53,-2.77
Kenya,8/1/2015,2015,8,66211.42,36791.88,0.19
Kenya,9/1/2015,2015,9,62710.34,36138.1,-3.24
Kenya,10/1/2015,2015,10,63587.95,35188.41,-1.34
Kenya,11/1/2015,2015,11,64477.53,35391.6,0.55
Kenya,12/1/2015,2015,12,63115.95,35214.68,2.28
Kenya,1/1/2015,2015,1,57026.41,23494.78,-13.85
Kenya,2/1/2015,2015,2,54973.06,22506.64,-13.2
Kenya,3/1/2015,2015,3,55262.89,22935.8,-9.49
Kenya,4/1/2015,2015,4,57798.21,26217.95,-12.25
Kenya,5/1/2015,2015,5,59862.38,31312.87,-3.79
Kenya,6/1/2015,2015,6,58509.95,28854.15,-9.25
Kenya,7/1/2015,2015,7,59161.81,30110.24,-2.3
Kenya,8/1/2015,2015,8,59030.42,28484.64,-1.05
Kenya,9/1/2015,2015,9,57131.11,26625.2,2.15
Kenya,10/1/2015,2015,10,57141.74,25617.85,2.7
Kenya,11/1/2015,2015,11,56778.04,25523.27,5.41
Kenya,12/1/2015,2015,12,57285.77,25685.96,4.87
Kenya,1/1/2015,2015,1,62271.06,26803.66,-8.53
Kenya,2/1/2015,2015,2,61988.77,26258.14,-7.34
Kenya,3/1/2015,2015,3,60882.34,25320.48,-9.78
Kenya,4/1/2015,2015,4,62816.01,27497.96,-10.36
Kenya,5/1/2015,2015,5,65452.54,29123.27,-8.88
Kenya,6/1/2015,2015,6,65244.25,29221.51,-9.9
Kenya,7/1/2015,2015,7,63766.55,28649.21,-9.4
Kenya,8/1/2015,2015,8,62206.26,28528.35,-7.66
Kenya,9/1/2015,2015,9,61993.58,27000.4,-4.16
Kenya,10/1/2015,2015,10,62281.64,27305.6,-1.74
Kenya,11/1/2015,2015,11,62800.59,27188.96,2.58
Kenya,12/1/2015,2015,12,62353.31,27307.65,3.77
Kenya,1/1/2015,2015,1,61709.27,26535.68,-14.8
Kenya,2/1/2015,2015,2,60583.54,25089.47,-14.7
Kenya,3/1/2015,2015,3,61006.98,25207.5,-15.1
Kenya,4/1/2015,2015,4,63266.11,28809.58,-12.09
Kenya,5/1/2015,2015,5,65821.12,31506.91,-7.31
Kenya,6/1/2015,2015,6,64504.87,30953.17,-10.14
Kenya,7/1/2015,2015,7,65062.07,31813.5,-6.62
Kenya,8/1/2015,2015,8,65637.33,31154.37,-2.17
Kenya,9/1/2015,2015,9,63048.48,28435.93,-3.4
Kenya,10/1/2015,2015,10,63830.62,27607.68,0.55
Kenya,11/1/2015,2015,11,64531.01,27911.62,10.82
Kenya,12/1/2015,2015,12,65119.43,28459.37,10.45
Kenya,1/1/2015,2015,1,56500.51,22631.07,-8.79
Kenya,2/1/2015,2015,2,54615.53,21157.04,-9.68
Kenya,3/1/2015,2015,3,54662.93,21423.4,-10.11
Kenya,4/1/2015,2015,4,56580.29,24149.32,-8.88
Kenya,5/1/2015,2015,5,58732.41,27456.56,-5.29
Kenya,6/1/2015,2015,6,58503.17,26829.2,-7.84
Kenya,7/1/2015,2015,7,58242.34,27857.16,-1.85
Kenya,8/1/2015,2015,8,57802.58,26643.24,3.73
Kenya,9/1/2015,2015,9,56224.48,24736.27,1.67
Kenya,10/1/2015,2015,10,56643.05,24308.85,1.04
Kenya,11/1/2015,2015,11,56224.74,23942.18,4.13
Kenya,12/1/2015,2015,12,56537.03,24319.76,3.88
Kenya,1/1/2015,2015,1,59202.61,26536.29,-11.15
Kenya,2/1/2015,2015,2,57584.56,25236.89,-12.5
Kenya,3/1/2015,2015,3,58058.27,25529.87,-13.68
Kenya,4/1/2015,2015,4,61242.56,28806.05,-7.41
Kenya,5/1/2015,2015,5,63291.97,34061.7,-3.74
Kenya,6/1/2015,2015,6,61744.68,32296.65,-7.89
Kenya,7/1/2015,2015,7,61393.82,33163.77,-1.6
Kenya,8/1/2015,2015,8,60196.93,29370.81,-3.37
Kenya,9/1/2015,2015,9,59361.67,28087.16,0.69
Kenya,10/1/2015,2015,10,59537.39,27193.95,-0.11
Kenya,11/1/2015,2015,11,60022.71,27586.37,2.53
Kenya,12/1/2015,2015,12,59913.68,27382.16,2.16
Kenya,1/1/2015,2015,1,58589.15,27221.38,-15.51
Kenya,2/1/2015,2015,2,61369.64,30281.99,-6.7
Kenya,3/1/2015,2015,3,60239.46,30640.79,-8.95
Kenya,4/1/2015,2015,4,62232.02,33221.53,-5.29
Kenya,5/1/2015,2015,5,62312.18,34299.36,-2
Kenya,6/1/2015,2015,6,63881.81,35267.1,-2.66
Kenya,7/1/2015,2015,7,63356.64,35471.09,-3.01
Kenya,8/1/2015,2015,8,65016.32,35397.2,-0.15
Kenya,9/1/2015,2015,9,61993.29,34348.72,1.91
Kenya,10/1/2015,2015,10,60640.51,32941.46,-0.88
Kenya,11/1/2015,2015,11,61176.59,31055.45,1.72
Kenya,12/1/2015,2015,12,60257.26,32864.87,10.64
Kenya,1/1/2015,2015,1,64263.71,31476.49,-9.19
Kenya,2/1/2015,2015,2,63733.44,31032.65,-8.36
Kenya,3/1/2015,2015,3,63949.65,31725.29,-6.93
Kenya,4/1/2015,2015,4,65541.98,34840.49,-0.8
Kenya,5/1/2015,2015,5,65973.03,34679.25,-3.75
Kenya,6/1/2015,2015,6,67263.46,34664.66,-2.8
Kenya,7/1/2015,2015,7,65994.47,34618.83,-4.46
Kenya,8/1/2015,2015,8,66572.95,34838.17,-1.64
Kenya,9/1/2015,2015,9,64714.15,33917.44,-2.18
Kenya,10/1/2015,2015,10,63976.54,32335.43,-4.27
Kenya,11/1/2015,2015,11,64322.93,31763.29,-0.26
Kenya,12/1/2015,2015,12,63660.62,31866.82,2.7
Kenya,1/1/2015,2015,1,54967.2,19880.64,-13.88
Kenya,2/1/2015,2015,2,54797.76,19123.57,-15.38
Kenya,3/1/2015,2015,3,54528.64,21433.53,-11.91
Kenya,4/1/2015,2015,4,56626.85,22554.66,-9.28
Kenya,5/1/2015,2015,5,57039.35,24232.83,-9.42
Kenya,6/1/2015,2015,6,58465.79,25016.05,-8.26
Kenya,7/1/2015,2015,7,57608.51,24324.35,-5.6
Kenya,8/1/2015,2015,8,57403.57,23393.47,-4.81
Kenya,9/1/2015,2015,9,54939.56,22980.68,-7.88
Kenya,10/1/2015,2015,10,55337.54,22051.01,-4.01
Kenya,11/1/2015,2015,11,55329.84,22353.75,1.14
Kenya,12/1/2015,2015,12,55477.76,23113.23,7.83
Kenya,1/1/2015,2015,1,57723.1,28629.38,-10.88
Kenya,2/1/2015,2015,2,58480.44,29016.22,-8.76
Kenya,3/1/2015,2015,3,57591.24,28551.46,-12.33
Kenya,4/1/2015,2015,4,60197.18,33634.78,-4.15
Kenya,5/1/2015,2015,5,62118.15,33690.37,-6.73
Kenya,6/1/2015,2015,6,62111.73,34496.38,-4.38
Kenya,7/1/2015,2015,7,62270.35,33685.78,-7.52
Kenya,8/1/2015,2015,8,62919.86,34228.71,-2.48
Kenya,9/1/2015,2015,9,59390.04,30375.12,-8.03
Kenya,10/1/2015,2015,10,58710.03,29587.15,-4.7
Kenya,11/1/2015,2015,11,59950.93,29245.37,-1.01
Kenya,12/1/2015,2015,12,59666,29858.79,5.56
Kenya,1/1/2015,2015,1,62945.32,30731.35,-7.53
Kenya,2/1/2015,2015,2,63881.42,31131.76,-5.83
Kenya,3/1/2015,2015,3,62638.32,31303.99,-6.92
Kenya,4/1/2015,2015,4,66055.27,33555.15,-0.96
Kenya,5/1/2015,2015,5,65627.52,33660.8,-3.59
Kenya,6/1/2015,2015,6,65504.12,34237.68,-4.63
Kenya,7/1/2015,2015,7,65504.77,34524.91,-3.78
Kenya,8/1/2015,2015,8,65457.6,34521.26,-1.57
Kenya,9/1/2015,2015,9,62238.62,33739.46,-4.78
Kenya,10/1/2015,2015,10,61427.59,32168.56,-4.51
Kenya,11/1/2015,2015,11,61725.59,33058.99,-0.7
Kenya,12/1/2015,2015,12,61069.62,31289.03,1.92
Kenya,1/1/2015,2015,1,56607.61,23630.53,-10.13
Kenya,2/1/2015,2015,2,56676.34,23651.68,-9.73
Kenya,3/1/2015,2015,3,57085.4,23742.71,-10.17
Kenya,4/1/2015,2015,4,57392.86,23799.54,-10.06
Kenya,5/1/2015,2015,5,57560.52,24133.79,-12.3
Kenya,6/1/2015,2015,6,59139.42,26025.27,-8.69
Kenya,7/1/2015,2015,7,58378.88,26660.59,-6.36
Kenya,8/1/2015,2015,8,57721.39,25178.8,-8.12
Kenya,9/1/2015,2015,9,54931.24,23704.3,-10.32
Kenya,10/1/2015,2015,10,55491.13,23025.14,-9.07
Kenya,11/1/2015,2015,11,56237.34,24359.28,-2.06
Kenya,12/1/2015,2015,12,56291.82,24131.35,0.05
Kenya,1/1/2015,2015,1,57282.02,27802.31,-14.42
Kenya,2/1/2015,2015,2,58079.6,28932.06,-12.4
Kenya,3/1/2015,2015,3,57274.27,29864.52,-9.33
Kenya,4/1/2015,2015,4,60140.06,33833.72,-5.73
Kenya,5/1/2015,2015,5,60776.01,34877.23,-7.02
Kenya,6/1/2015,2015,6,62587.51,36132.31,-4.76
Kenya,7/1/2015,2015,7,62394.4,33913.28,-8.05
Kenya,8/1/2015,2015,8,62135.78,33828.06,-4.16
Kenya,9/1/2015,2015,9,59705.93,31308.35,-7.09
Kenya,10/1/2015,2015,10,58948.72,29369.94,-6.69
Kenya,11/1/2015,2015,11,59103.42,28469.21,-0.21
Kenya,12/1/2015,2015,12,59153.28,30636.08,6.87
Kenya,1/1/2015,2015,1,58224.07,22962.97,-12.17
Kenya,2/1/2015,2015,2,56189.57,21396.53,-13.89
Kenya,3/1/2015,2015,3,55759.16,21187.85,-13.72
Kenya,4/1/2015,2015,4,58706.22,25516.24,-10.41
Kenya,5/1/2015,2015,5,60337.65,28303.25,-6.04
Kenya,6/1/2015,2015,6,59184.52,26885.99,-10.11
Kenya,7/1/2015,2015,7,59114.5,27457.67,-5.68
Kenya,8/1/2015,2015,8,59852,27581.11,-1.38
Kenya,9/1/2015,2015,9,57406.38,24856.85,-0.19
Kenya,10/1/2015,2015,10,56844.01,23548.49,-0.59
Kenya,11/1/2015,2015,11,57413.46,23636.72,4.15
Kenya,12/1/2015,2015,12,58179.96,24513.52,4.43
Kenya,1/1/2015,2015,1,55013.44,22053.98,-8.08
Kenya,2/1/2015,2015,2,53559.24,21596.55,-9.62
Kenya,3/1/2015,2015,3,54409.95,22126.54,-9.15
Kenya,4/1/2015,2015,4,55638.26,22144.3,-8.78
Kenya,5/1/2015,2015,5,57009.18,23766.12,-8.52
Kenya,6/1/2015,2015,6,57152.56,23304.61,-9.37
Kenya,7/1/2015,2015,7,58903.14,25304.05,-0.31
Kenya,8/1/2015,2015,8,59659.1,26362.26,5.49
Kenya,9/1/2015,2015,9,57271.76,24243.38,-3.79
Kenya,10/1/2015,2015,10,56016.56,23004.91,-0.46
Kenya,11/1/2015,2015,11,56653.22,23497.56,6.04
Kenya,12/1/2015,2015,12,56429.86,23037.44,6.22
Kenya,1/1/2015,2015,1,56351,22255.35,-11.74
Kenya,2/1/2015,2015,2,54932.73,21279.01,-12.33
Kenya,3/1/2015,2015,3,54572.7,20678.35,-13.02
Kenya,4/1/2015,2015,4,56882.6,25267.03,-8.93
Kenya,5/1/2015,2015,5,59347.22,28514.95,-3.6
Kenya,6/1/2015,2015,6,57693.85,26528.45,-10.48
Kenya,7/1/2015,2015,7,58515.58,28077.05,-3.31
Kenya,8/1/2015,2015,8,58106.85,26403.96,0.9
Kenya,9/1/2015,2015,9,55791.11,24149.21,-2.21
Kenya,10/1/2015,2015,10,56056.35,23041.97,-2.73
Kenya,11/1/2015,2015,11,56082.75,23655.32,3.82
Kenya,12/1/2015,2015,12,56154.72,23889.42,4.54
Kenya,1/1/2015,2015,1,64186.69,27174.56,-12.68
Kenya,2/1/2015,2015,2,62623.61,25109.77,-14.29
Kenya,3/1/2015,2015,3,63156.89,26360.67,-14.44
Kenya,4/1/2015,2015,4,65083.5,28409.81,-9.95
Kenya,5/1/2015,2015,5,66261.97,30984,-9.29
Kenya,6/1/2015,2015,6,67114.27,31222.71,-8.66
Kenya,7/1/2015,2015,7,66554.14,30919.56,-9.52
Kenya,8/1/2015,2015,8,66529.2,31317.32,-7.42
Kenya,9/1/2015,2015,9,64141.28,28740.27,-6.99
Kenya,10/1/2015,2015,10,64338.93,28150.33,-3.81
Kenya,11/1/2015,2015,11,64487.17,28335.02,3.43
Kenya,12/1/2015,2015,12,64809.13,28673.19,6.24
Kenya,1/1/2015,2015,1,61904.5,24445.97,-11.84
Kenya,2/1/2015,2015,2,62198.81,24620.05,-9.88
Kenya,3/1/2015,2015,3,62238.91,24668.02,-10.33
Kenya,4/1/2015,2015,4,64182.62,30485.19,-3.7
Kenya,5/1/2015,2015,5,64972.08,31870.72,-4.59
Kenya,6/1/2015,2015,6,65769.2,33729.68,-2.29
Kenya,7/1/2015,2015,7,64924.19,31257.82,-6.44
Kenya,8/1/2015,2015,8,65363.35,32796.84,-0.75
Kenya,9/1/2015,2015,9,62909.32,27952.78,-6.38
Kenya,10/1/2015,2015,10,63200.51,25383.05,-4.04
Kenya,11/1/2015,2015,11,63560.42,25534.9,-0.45
Kenya,12/1/2015,2015,12,63002.27,26454.84,7.17
Kenya,1/1/2015,2015,1,72823.47,43621.97,-10.24
Kenya,2/1/2015,2015,2,75707.15,45772.77,-3.73
Kenya,3/1/2015,2015,3,74823.37,43314.84,-8.53
Kenya,4/1/2015,2015,4,76987.92,46841.02,-3.19
Kenya,5/1/2015,2015,5,78513.08,47069.96,-3.21
Kenya,6/1/2015,2015,6,79918.29,47128.47,-3.75
Kenya,7/1/2015,2015,7,79399.86,47979.56,-1.59
Kenya,8/1/2015,2015,8,80263.65,48956.52,1.06
Kenya,9/1/2015,2015,9,76733.23,47656.23,-1.8
Kenya,10/1/2015,2015,10,77583.29,47960.91,2.42
Kenya,11/1/2015,2015,11,72698.45,42062.71,-2.81
Kenya,12/1/2015,2015,12,74924.51,42236.14,5.22
Kenya,1/1/2015,2015,1,66316.49,35925.69,-11.92
Kenya,2/1/2015,2015,2,67086.43,36358.99,-10.87
Kenya,3/1/2015,2015,3,66750.06,36910.46,-9.5
Kenya,4/1/2015,2015,4,66454.02,39570.87,-7.65
Kenya,5/1/2015,2015,5,69333.38,41894.91,-5.49
Kenya,6/1/2015,2015,6,70924.77,41248.72,-5.88
Kenya,7/1/2015,2015,7,70610.33,41258.57,-6.66
Kenya,8/1/2015,2015,8,69671.4,40684.45,-5.42
Kenya,9/1/2015,2015,9,66105.59,38286.81,-8.16
Kenya,10/1/2015,2015,10,64988.03,36312.2,-6.85
Kenya,11/1/2015,2015,11,65386.62,36051.82,-2.86
Kenya,12/1/2015,2015,12,65555.28,36084.58,2.08
Kenya,1/1/2015,2015,1,70024.68,43736.87,-7
Kenya,2/1/2015,2015,2,70856.34,44353.45,-5.35
Kenya,3/1/2015,2015,3,70692.96,44070.16,-7.18
Kenya,4/1/2015,2015,4,73417.63,47205.38,-1.97
Kenya,5/1/2015,2015,5,73445.22,47488.97,-3.25
Kenya,6/1/2015,2015,6,75563.41,48870.21,-0.54
Kenya,7/1/2015,2015,7,75550.37,48439.13,-1.05
Kenya,8/1/2015,2015,8,76453.98,48960.94,0.79
Kenya,9/1/2015,2015,9,73055.53,45248.29,-3.81
Kenya,10/1/2015,2015,10,72564.31,47167.29,1.18
Kenya,11/1/2015,2015,11,69541.37,42343.79,-5.7
Kenya,12/1/2015,2015,12,72970.4,47290.53,11.91
Kenya,1/1/2015,2015,1,55218.39,23391.42,-9.93
Kenya,2/1/2015,2015,2,53870.5,21307.3,-11.99
Kenya,3/1/2015,2015,3,53322.66,22528.62,-12.23
Kenya,4/1/2015,2015,4,55925.05,25692.33,-9.37
Kenya,5/1/2015,2015,5,57916.75,28524.34,-4.64
Kenya,6/1/2015,2015,6,56968.44,27798.39,-9.2
Kenya,7/1/2015,2015,7,57327.78,28675.53,-1.87
Kenya,8/1/2015,2015,8,56718.11,28061.38,-0.85
Kenya,9/1/2015,2015,9,53986.2,25048.88,-2.47
Kenya,10/1/2015,2015,10,54911.87,24817.97,1.58
Kenya,11/1/2015,2015,11,53849.58,24481.22,2.14
Kenya,12/1/2015,2015,12,55288.43,24719.31,2.75
Kenya,1/1/2015,2015,1,58030.41,30369.66,-9.01
Kenya,2/1/2015,2015,2,56917.45,27945.39,-12.61
Kenya,3/1/2015,2015,3,57805.5,30226.63,-8.66
Kenya,4/1/2015,2015,4,58499.81,30781.56,-7.41
Kenya,5/1/2015,2015,5,61405.85,33509.26,-5.56
Kenya,6/1/2015,2015,6,61095.9,35213.55,-2.59
Kenya,7/1/2015,2015,7,60804.37,36535.96,11.94
Kenya,8/1/2015,2015,8,61839.72,36156.24,17.61
Kenya,9/1/2015,2015,9,61566.52,35020.5,8.96
Kenya,10/1/2015,2015,10,60796.39,33137.02,13.2
Kenya,11/1/2015,2015,11,59882.04,32847.9,13.48
Kenya,12/1/2015,2015,12,60109.77,32948.1,10.93
Kenya,1/1/2015,2015,1,62459.95,30748.83,-10.99
Kenya,2/1/2015,2015,2,62091.88,29927.95,-11.07
Kenya,3/1/2015,2015,3,62915.32,30711.78,-9.38
Kenya,4/1/2015,2015,4,64007.22,32769.12,-5.18
Kenya,5/1/2015,2015,5,64829.8,33324.06,-6.43
Kenya,6/1/2015,2015,6,66525.43,32788.32,-6.33
Kenya,7/1/2015,2015,7,66613.31,33246.6,-5.52
Kenya,8/1/2015,2015,8,66406.23,33688.49,-3.31
Kenya,9/1/2015,2015,9,63115.19,30863.43,-8.17
Kenya,10/1/2015,2015,10,62821.54,30344.72,-6.05
Kenya,11/1/2015,2015,11,62402.9,30272.08,-1.84
Kenya,12/1/2015,2015,12,61723.07,29766.51,3
Kenya,1/1/2015,2015,1,53719.47,22494.26,-14.63
Kenya,2/1/2015,2015,2,53029.83,21403.07,-14.89
Kenya,3/1/2015,2015,3,52565.44,21173.56,-15.64
Kenya,4/1/2015,2015,4,54117.14,22490.13,-16.46
Kenya,5/1/2015,2015,5,59020.23,24122.76,-15.54
Kenya,6/1/2015,2015,6,56373.64,25689.86,-15.23
Kenya,7/1/2015,2015,7,57220.5,27616.08,-6.92
Kenya,8/1/2015,2015,8,56499.39,26666.02,-2.67
Kenya,9/1/2015,2015,9,54458.43,23927.57,-4.14
Kenya,10/1/2015,2015,10,53972.62,23219.38,-1.12
Kenya,11/1/2015,2015,11,54674.43,23752.03,2.03
Kenya,12/1/2015,2015,12,54746.82,23581.29,2.51
Kenya,1/1/2015,2015,1,53394.78,21981.65,-14.67
Kenya,2/1/2015,2015,2,52212.25,21691.94,-12.77
Kenya,3/1/2015,2015,3,51810.62,20716.43,-15.63
Kenya,4/1/2015,2015,4,54548.63,24397.83,-11.47
Kenya,5/1/2015,2015,5,58089.87,29278.94,-5.49
Kenya,6/1/2015,2015,6,56088.67,26844.77,-10.28
Kenya,7/1/2015,2015,7,56622.07,27319.34,-6.19
Kenya,8/1/2015,2015,8,56612.34,27271.84,-1.13
Kenya,9/1/2015,2015,9,54302.21,24636.8,-1.73
Kenya,10/1/2015,2015,10,54153.42,23354.39,-1.68
Kenya,11/1/2015,2015,11,54395.5,23723.99,3.83
Kenya,12/1/2015,2015,12,54438.62,24207,3.42
Kenya,1/1/2015,2015,1,58461.17,24470.95,-18.68
Kenya,2/1/2015,2015,2,57527.07,23509.35,-16.31
Kenya,3/1/2015,2015,3,58519.42,24052.22,-15.72
Kenya,4/1/2015,2015,4,60325.91,27173.41,-11.75
Kenya,5/1/2015,2015,5,62267.62,31043.53,-8.62
Kenya,6/1/2015,2015,6,62664.61,31183.08,-8.46
Kenya,7/1/2015,2015,7,62332.14,30888.39,-5.92
Kenya,8/1/2015,2015,8,61850.68,30829.06,-3.11
Kenya,9/1/2015,2015,9,59880.15,28080.45,-5.46
Kenya,10/1/2015,2015,10,60469.63,27704.79,4.76
Kenya,11/1/2015,2015,11,59874.37,27637.31,9.54
Kenya,12/1/2015,2015,12,61163.6,28006.23,8.76
Kenya,1/1/2015,2015,1,58712.91,24998.1,-10.64
Kenya,2/1/2015,2015,2,56594.54,22702.68,-14.63
Kenya,3/1/2015,2015,3,56777.67,23390.77,-14.76
Kenya,4/1/2015,2015,4,60101.63,27656.91,-10.01
Kenya,5/1/2015,2015,5,61879.32,31675.58,-7.15
Kenya,6/1/2015,2015,6,60578.79,30900.84,-8.12
Kenya,7/1/2015,2015,7,61456.58,32215.51,-1.75
Kenya,8/1/2015,2015,8,61108.89,31894.55,0.61
Kenya,9/1/2015,2015,9,57168.27,26090.43,-2.71
Kenya,10/1/2015,2015,10,58160.99,26236.68,0.44
Kenya,11/1/2015,2015,11,58098.84,26573.34,6.13
Kenya,12/1/2015,2015,12,58230.81,26686.41,4.9
Kenya,1/1/2015,2015,1,56536.03,23440.5,-11.29
Kenya,2/1/2015,2015,2,54177.37,21129.04,-16.75
Kenya,3/1/2015,2015,3,53508.25,20908.13,-17.21
Kenya,4/1/2015,2015,4,55927.99,24374.67,-10.88
Kenya,5/1/2015,2015,5,58754.49,29041.17,-6.38
Kenya,6/1/2015,2015,6,57980.96,28404.57,-9.91
Kenya,7/1/2015,2015,7,58221.58,28487.33,-6.21
Kenya,8/1/2015,2015,8,57598.93,27040.42,-3.07
Kenya,9/1/2015,2015,9,56507.01,24930.97,0.28
Kenya,10/1/2015,2015,10,55769.32,24542.15,-0.26
Kenya,11/1/2015,2015,11,56188.85,24070.78,6.98
Kenya,12/1/2015,2015,12,55879.51,24109.16,3.47
Kenya,1/1/2015,2015,1,71200,23602,-12.38
Kenya,2/1/2015,2015,2,74017,24865,-8.13
Kenya,3/1/2015,2015,3,77355,24821,-13.17
Kenya,4/1/2015,2015,4,86175,25371,-13.72
Kenya,5/1/2015,2015,5,98235.47,28247,-6.36
Kenya,6/1/2015,2015,6,87952,33168,-2.63
Kenya,7/1/2015,2015,7,77647.16,33137,1.01
Kenya,8/1/2015,2015,8,65654,35976,5.97
Kenya,9/1/2015,2015,9,64972,27180,-8.48
Kenya,10/1/2015,2015,10,65627,24774,-6
Kenya,11/1/2015,2015,11,66778,23614,-3.54
Kenya,12/1/2015,2015,12,70027,23538.29,6.05
Kenya,1/1/2015,2015,1,58390.63,24685.62,-11.95
Kenya,2/1/2015,2015,2,56472.98,22121.27,-14.78
Kenya,3/1/2015,2015,3,56320.56,22671.71,-14.65
Kenya,4/1/2015,2015,4,59901.59,26622.01,-7.63
Kenya,5/1/2015,2015,5,61485.09,29953.77,-4.11
Kenya,6/1/2015,2015,6,59497.29,28978.22,-5.53
Kenya,7/1/2015,2015,7,58384.62,29644.36,-3.19
Kenya,8/1/2015,2015,8,58031.07,26519.64,-6.45
Kenya,9/1/2015,2015,9,57218.41,25736.13,-1.05
Kenya,10/1/2015,2015,10,58789.95,26520.88,2.63
Kenya,11/1/2015,2015,11,58518.65,25838.83,3.64
Kenya,12/1/2015,2015,12,58755.85,25833.48,3.86
Kenya,1/1/2015,2015,1,59330.1,22901.28,-12.7
Kenya,2/1/2015,2015,2,58210.2,22415.03,-13.11
Kenya,3/1/2015,2015,3,58129.75,22875.06,-11.13
Kenya,4/1/2015,2015,4,60743.15,26085.65,-8.71
Kenya,5/1/2015,2015,5,61063.1,29153.67,-5.69
Kenya,6/1/2015,2015,6,60491.68,28363.11,-7.05
Kenya,7/1/2015,2015,7,61073.2,27449.69,-6.76
Kenya,8/1/2015,2015,8,60615.58,27116.25,-4.21
Kenya,9/1/2015,2015,9,58689.12,25243.21,-3.71
Kenya,10/1/2015,2015,10,59431.31,25192.26,-0.36
Kenya,11/1/2015,2015,11,58854.48,24833.41,3.05
Kenya,12/1/2015,2015,12,59870.27,25042.69,1.65
Kenya,1/1/2015,2015,1,64568.58,33166.98,-4.9
Kenya,2/1/2015,2015,2,63155.15,30989.85,-9.27
Kenya,3/1/2015,2015,3,63342.1,31931.8,-7.01
Kenya,4/1/2015,2015,4,64646.95,34294.39,-3.69
Kenya,5/1/2015,2015,5,66454.39,35742.08,-1.01
Kenya,6/1/2015,2015,6,65945.24,35642.11,-2.12
Kenya,7/1/2015,2015,7,67536.73,35976.83,1.59
Kenya,8/1/2015,2015,8,67537.02,36481.64,3.66
Kenya,9/1/2015,2015,9,65691.14,35929.7,1.67
Kenya,10/1/2015,2015,10,66688.62,36699.18,7.95
Kenya,11/1/2015,2015,11,66581.49,35972.24,9.45
Kenya,12/1/2015,2015,12,66270.39,36606.98,9.84
Kenya,1/1/2015,2015,1,56540.86,20569.67,-5.03
Kenya,2/1/2015,2015,2,53531.35,19414.08,-9.65
Kenya,3/1/2015,2015,3,54475.3,20105.95,-9.64
Kenya,4/1/2015,2015,4,57064.57,21890.52,-5.72
Kenya,5/1/2015,2015,5,58451.32,24124.21,-4.08
Kenya,6/1/2015,2015,6,57450.3,22344.19,-7.83
Kenya,7/1/2015,2015,7,58099.15,23057.18,-6.53
Kenya,8/1/2015,2015,8,57472.45,21917.34,-5.71
Kenya,9/1/2015,2015,9,55879.68,21662.41,1.62
Kenya,10/1/2015,2015,10,55572.92,21283.47,0.09
Kenya,11/1/2015,2015,11,56390.35,21211.88,3.13
Kenya,12/1/2015,2015,12,56178.39,21432.93,2.26
Kenya,1/1/2015,2015,1,63306.19,30880.2,-9.75
Kenya,2/1/2015,2015,2,63838.91,31316.29,-7.48
Kenya,3/1/2015,2015,3,63651.71,31495.34,-5.83
Kenya,4/1/2015,2015,4,65207.04,32872.46,-5.12
Kenya,5/1/2015,2015,5,65681.94,33976.1,-4.03
Kenya,6/1/2015,2015,6,66228.22,34563.01,-2.82
Kenya,7/1/2015,2015,7,66224.76,34368.89,-3.54
Kenya,8/1/2015,2015,8,66471.76,34795.29,-1.77
Kenya,9/1/2015,2015,9,62813.97,33192.71,-4.82
Kenya,10/1/2015,2015,10,62036.42,31234.44,-6.96
Kenya,11/1/2015,2015,11,62398.28,32238.39,0.11
Kenya,12/1/2015,2015,12,62270.81,31770.16,4.83
Kenya,1/1/2015,2015,1,62064.1,21809.73,-16.84
Kenya,2/1/2015,2015,2,65107.12,21208.45,-12.33
Kenya,3/1/2015,2015,3,65657.4,21675.53,-12.09
Kenya,4/1/2015,2015,4,66623.2,23026.16,-12.73
Kenya,5/1/2015,2015,5,64335.13,22778.36,-15.64
Kenya,6/1/2015,2015,6,64279.64,24150.69,-16.32
Kenya,7/1/2015,2015,7,63359.19,25379.86,-13.73
Kenya,8/1/2015,2015,8,61955.52,25059.17,-11.53
Kenya,9/1/2015,2015,9,59609.94,22927.15,-12.64
Kenya,10/1/2015,2015,10,58892.13,21812.58,-12.45
Kenya,11/1/2015,2015,11,59443.03,21763.81,-2.74
Kenya,12/1/2015,2015,12,58522.31,21208.59,-5.75
Kenya,1/1/2015,2015,1,59446.95,21701.46,-13.85
Kenya,2/1/2015,2015,2,59163.17,21992.7,-13.93
Kenya,3/1/2015,2015,3,57958.62,20381.08,-16.58
Kenya,4/1/2015,2015,4,61102.99,24466.32,-9.01
Kenya,5/1/2015,2015,5,64088.42,27594.77,-5.96
Kenya,6/1/2015,2015,6,62913.28,27365.71,-10.06
Kenya,7/1/2015,2015,7,61705.4,25689.54,-11.34
Kenya,8/1/2015,2015,8,61151.76,26277.21,-7.45
Kenya,9/1/2015,2015,9,57863.36,23173.61,-14.1
Kenya,10/1/2015,2015,10,58046.92,22072.15,-13.78
Kenya,11/1/2015,2015,11,60002.19,24023.65,1.37
Kenya,12/1/2015,2015,12,59674.35,22720.79,0.63
Kenya,1/1/2015,2015,1,60055.3,26715.45,-9.08
Kenya,2/1/2015,2015,2,60236.19,26587.05,-8.15
Kenya,3/1/2015,2015,3,60105.38,26623.45,-10.71
Kenya,4/1/2015,2015,4,60985.11,29230.53,-7.9
Kenya,5/1/2015,2015,5,63427.42,32238.85,-3.49
Kenya,6/1/2015,2015,6,64187.35,34584.91,-0.41
Kenya,7/1/2015,2015,7,64189.54,34830.8,7.58
Kenya,8/1/2015,2015,8,65331.42,33901.71,7.75
Kenya,9/1/2015,2015,9,63289.58,33531.97,4
Kenya,10/1/2015,2015,10,64116.61,31730.9,8.12
Kenya,11/1/2015,2015,11,63728.74,31507.81,12.4
Kenya,12/1/2015,2015,12,63383.95,32302.96,13.52
Kenya,1/1/2015,2015,1,55473.17,23473.6,-11.76
Kenya,2/1/2015,2015,2,53885.45,21410.83,-14.72
Kenya,3/1/2015,2015,3,52735.28,20577.94,-17.05
Kenya,4/1/2015,2015,4,55824.15,25049.49,-12.13
Kenya,5/1/2015,2015,5,59331.84,29554.85,-8.18
Kenya,6/1/2015,2015,6,58129.01,27845.58,-12.7
Kenya,7/1/2015,2015,7,58426.91,28444.48,-5.51
Kenya,8/1/2015,2015,8,57175.13,25631.39,-3.99
Kenya,9/1/2015,2015,9,55371.9,23985.12,-4.19
Kenya,10/1/2015,2015,10,56057.03,23894.81,-1
Kenya,11/1/2015,2015,11,56134.03,23825.55,1.62
Kenya,12/1/2015,2015,12,56977.69,23831.09,6.03
Kenya,1/1/2015,2015,1,56071.6,25648.38,-8.81
Kenya,2/1/2015,2015,2,56566.14,26081.04,-7.03
Kenya,3/1/2015,2015,3,56463.07,26188.17,-8.12
Kenya,4/1/2015,2015,4,58351.61,28380.08,-5.81
Kenya,5/1/2015,2015,5,59842.57,29367.45,-5.12
Kenya,6/1/2015,2015,6,62262.52,30602.79,-3.89
Kenya,7/1/2015,2015,7,62319.36,31650.07,-2.63
Kenya,8/1/2015,2015,8,62788.08,31654.98,1.3
Kenya,9/1/2015,2015,9,58837.11,27822.68,-4.31
Kenya,10/1/2015,2015,10,58108.78,25443.89,-4.88
Kenya,11/1/2015,2015,11,57865.03,26416.33,1.89
Kenya,12/1/2015,2015,12,57644.31,24509.28,0.25
Kenya,1/1/2015,2015,1,56539.72,23339.16,-11.73
Kenya,2/1/2015,2015,2,53762.23,21961.7,-15.68
Kenya,3/1/2015,2015,3,53766.79,20884.43,-19.52
Kenya,4/1/2015,2015,4,56580.89,25471.6,-11.37
Kenya,5/1/2015,2015,5,59452.53,28571.94,-7.87
Kenya,6/1/2015,2015,6,57972.05,26786.94,-12.76
Kenya,7/1/2015,2015,7,59573.8,29148.12,-2.98
Kenya,8/1/2015,2015,8,58596.62,28057.44,-2.52
Kenya,9/1/2015,2015,9,55296.31,24197.64,-6.08
Kenya,10/1/2015,2015,10,55869.68,24192.07,-0.6
Kenya,11/1/2015,2015,11,56067.29,23862.74,4.11
Kenya,12/1/2015,2015,12,56297.97,23841.61,2.65
Kenya,1/1/2015,2015,1,76585.51,37737.46,-7.62
Kenya,2/1/2015,2015,2,77005.9,38248.89,0.23
Kenya,3/1/2015,2015,3,77299.89,38547.45,0.39
Kenya,4/1/2015,2015,4,76323.7,41383.97,4.24
Kenya,5/1/2015,2015,5,77808.68,38934.72,-5.93
Kenya,6/1/2015,2015,6,78610.69,40364.13,-4.53
Kenya,7/1/2015,2015,7,79353.49,40427.96,-3.8
Kenya,8/1/2015,2015,8,79131.73,40631.6,-4.1
Kenya,9/1/2015,2015,9,76539.96,37904.3,-5.5
Kenya,10/1/2015,2015,10,76981.61,40504.25,-2.44
Kenya,11/1/2015,2015,11,76289.16,39477.91,1.87
Kenya,12/1/2015,2015,12,76849.5,38671.56,2.89
Kenya,1/1/2015,2015,1,60856.44,30431.29,-11.33
Kenya,2/1/2015,2015,2,59513.13,28634.88,-14.27
Kenya,3/1/2015,2015,3,60335.52,29588.13,-11.83
Kenya,4/1/2015,2015,4,61853.27,31947.84,-7.72
Kenya,5/1/2015,2015,5,65436.83,37140.24,3.94
Kenya,6/1/2015,2015,6,66467.07,37463.89,6.39
Kenya,7/1/2015,2015,7,66072.44,36269.69,2.14
Kenya,8/1/2015,2015,8,66558.8,38037.64,12.1
Kenya,9/1/2015,2015,9,63454.68,35173.32,4.25
Kenya,10/1/2015,2015,10,64576.66,34716.8,11.11
Kenya,11/1/2015,2015,11,64902.6,35032.31,13.56
Kenya,12/1/2015,2015,12,65267.93,36092.41,17.9
Kenya,1/1/2015,2015,1,57031.1,29298.12,-6.99
Kenya,2/1/2015,2015,2,57141.34,29512.51,-6.12
Kenya,3/1/2015,2015,3,55005.53,30437.9,-8.93
Kenya,4/1/2015,2015,4,58237.37,37105.58,2.4
Kenya,5/1/2015,2015,5,61774.02,35858.93,-0.93
Kenya,6/1/2015,2015,6,60591.71,35964.12,-0.13
Kenya,7/1/2015,2015,7,62137.19,34131.7,-4.92
Kenya,8/1/2015,2015,8,61314.26,33503.1,0.37
Kenya,9/1/2015,2015,9,59456.73,32060.9,-3.24
Kenya,10/1/2015,2015,10,58938.12,29330.9,-3.34
Kenya,11/1/2015,2015,11,59360.74,27735.37,-0.42
Kenya,12/1/2015,2015,12,59056.72,30105.63,8.9
Kenya,1/1/2015,2015,1,53458.51,26517.27,-11.82
Kenya,2/1/2015,2015,2,53365.62,25378.89,-8.86
Kenya,3/1/2015,2015,3,53837.42,25425.11,-12.5
Kenya,4/1/2015,2015,4,54387.7,26779.86,-11.45
Kenya,5/1/2015,2015,5,57459.51,30497.41,-7.94
Kenya,6/1/2015,2015,6,58606.47,32378.66,-3.3
Kenya,7/1/2015,2015,7,60264.23,33234.84,11.73
Kenya,8/1/2015,2015,8,59153.02,33055.8,13.25
Kenya,9/1/2015,2015,9,57934.3,29751.53,4.88
Kenya,10/1/2015,2015,10,57374.89,28548.08,2.22
Kenya,11/1/2015,2015,11,56868.57,28128.21,6.25
Kenya,12/1/2015,2015,12,56404.33,27222.39,1.84
Kenya,1/1/2015,2015,1,56474.39,20604.89,-8
Kenya,2/1/2015,2015,2,53394.25,19825.05,-9.81
Kenya,3/1/2015,2015,3,53471.41,19689.41,-10.86
Kenya,4/1/2015,2015,4,56717.43,22738.04,-4.47
Kenya,5/1/2015,2015,5,58254.43,23943.02,-7.95
Kenya,6/1/2015,2015,6,57851.35,23196.95,-8.3
Kenya,7/1/2015,2015,7,58159.85,23860.65,-3.47
Kenya,8/1/2015,2015,8,57445.03,22524.39,-3.19
Kenya,9/1/2015,2015,9,55815.16,21175.84,1.22
Kenya,10/1/2015,2015,10,55986.36,20799.8,0.75
Kenya,11/1/2015,2015,11,55577.21,21135.9,2.81
Kenya,12/1/2015,2015,12,56356.85,21144.68,3.02
Kenya,1/1/2015,2015,1,68536.19,40660.64,-10.9
Kenya,2/1/2015,2015,2,70265.64,43812.26,-6.49
Kenya,3/1/2015,2015,3,69549.46,43584.95,-5.9
Kenya,4/1/2015,2015,4,72137.17,45314.19,-3.1
Kenya,5/1/2015,2015,5,74683.71,47386.08,-2.09
Kenya,6/1/2015,2015,6,76575.62,47405.79,-0.67
Kenya,7/1/2015,2015,7,76046.88,48994.4,-0.02
Kenya,8/1/2015,2015,8,76706,47946,0.98
Kenya,9/1/2015,2015,9,73300.41,45817.6,-2.82
Kenya,10/1/2015,2015,10,69875.24,44719.72,-3.34
Kenya,11/1/2015,2015,11,68177.16,40403.55,-7.32
Kenya,12/1/2015,2015,12,70832.84,43898.61,6.96
Kenya,1/1/2015,2015,1,66707.92,34950.9,-3.39
Kenya,2/1/2015,2015,2,64880.47,33005.99,-7.16
Kenya,3/1/2015,2015,3,65413.74,33676.15,-7.57
Kenya,4/1/2015,2015,4,67892.47,36695.17,-0.02
Kenya,5/1/2015,2015,5,70130.34,38137.25,0.46
Kenya,6/1/2015,2015,6,69822.81,37495.86,0.16
Kenya,7/1/2015,2015,7,68899.94,37961.12,2.7
Kenya,8/1/2015,2015,8,68907.6,38384.74,4.46
Kenya,9/1/2015,2015,9,68146.56,38498.62,1.4
Kenya,10/1/2015,2015,10,68940.65,37909.03,6.36
Kenya,11/1/2015,2015,11,69297.36,38457.64,10.06
Kenya,12/1/2015,2015,12,68619.76,38203.12,9.45
Kenya,1/1/2015,2015,1,57335.95,28290.01,-14.74
Kenya,2/1/2015,2015,2,58306.92,29461.97,-10.97
Kenya,3/1/2015,2015,3,57531.12,28888.28,-14.22
Kenya,4/1/2015,2015,4,58544.69,33582.62,-6.51
Kenya,5/1/2015,2015,5,61941.77,33445.63,-6.03
Kenya,6/1/2015,2015,6,62850.9,34818.15,-6.13
Kenya,7/1/2015,2015,7,61331.78,32387.59,-11.22
Kenya,8/1/2015,2015,8,62747.96,34544.18,-2.6
Kenya,9/1/2015,2015,9,59399.24,32339.89,-8.16
Kenya,10/1/2015,2015,10,58921.23,29470.15,-6.22
Kenya,11/1/2015,2015,11,57873.23,28445.96,-1.95
Kenya,12/1/2015,2015,12,58520.76,29543.19,2.68
Kenya,1/1/2015,2015,1,65500.74,30589.87,-6.49
Kenya,2/1/2015,2015,2,65332.31,30165.54,-7.65
Kenya,3/1/2015,2015,3,65837.74,30100.63,-7.1
Kenya,4/1/2015,2015,4,66124.36,32568.27,-4.48
Kenya,5/1/2015,2015,5,67028.05,33114.25,-3.85
Kenya,6/1/2015,2015,6,67282.03,33484.94,-4.3
Kenya,7/1/2015,2015,7,66826.86,32704.4,-6.45
Kenya,8/1/2015,2015,8,67241.89,33982.55,-3.37
Kenya,9/1/2015,2015,9,65998.94,31720.19,-5.26
Kenya,10/1/2015,2015,10,64766.15,31383.81,-4.32
Kenya,11/1/2015,2015,11,64672.54,30756.93,-1.56
Kenya,12/1/2015,2015,12,64970.16,31232.29,2.19
Kenya,1/1/2015,2015,1,53699.14,24073.38,-8.42
Kenya,2/1/2015,2015,2,53835.93,23310.19,-7.33
Kenya,3/1/2015,2015,3,54010.27,23883.24,-9.3
Kenya,4/1/2015,2015,4,53931.84,25557.82,-7.53
Kenya,5/1/2015,2015,5,55157.31,27923.64,-1.24
Kenya,6/1/2015,2015,6,55563.61,28918.3,-2.06
Kenya,7/1/2015,2015,7,54799.35,27875.21,-6.41
Kenya,8/1/2015,2015,8,55262.03,28861.05,-1.11
Kenya,9/1/2015,2015,9,52278.42,24984.7,-7.02
Kenya,10/1/2015,2015,10,52228.59,24534.19,-3.37
Kenya,11/1/2015,2015,11,51816.36,24026.96,-2.78
Kenya,12/1/2015,2015,12,51881.66,24300.71,3.73
Kenya,1/1/2015,2015,1,61632.62,26489.99,-16.52
Kenya,2/1/2015,2015,2,60898.12,25585.09,-14.88
Kenya,3/1/2015,2015,3,61045.59,25746.26,-14.12
Kenya,4/1/2015,2015,4,63291.62,30032.83,-9.44
Kenya,5/1/2015,2015,5,64622.73,32248.53,-5.85
Kenya,6/1/2015,2015,6,65467.28,32315.32,-5.93
Kenya,7/1/2015,2015,7,65712.61,31988.42,-6.68
Kenya,8/1/2015,2015,8,64717.3,30870.17,-2.75
Kenya,9/1/2015,2015,9,63974.15,29183.3,-2.48
Kenya,10/1/2015,2015,10,65001.03,29020.59,4.01
Kenya,11/1/2015,2015,11,63690.87,28445.45,10.97
Kenya,12/1/2015,2015,12,64348.39,29103.65,12.82
Kenya,1/1/2015,2015,1,57423.05,21875.19,-8.92
Kenya,2/1/2015,2015,2,55269.76,20360.92,-11.88
Kenya,3/1/2015,2015,3,55114.38,20631.22,-12.09
Kenya,4/1/2015,2015,4,57769.42,23427.59,-7.91
Kenya,5/1/2015,2015,5,58651.82,25721.6,-4.68
Kenya,6/1/2015,2015,6,58039.5,24770.86,-6.32
Kenya,7/1/2015,2015,7,58884.45,25186.92,-3.83
Kenya,8/1/2015,2015,8,58748.22,23816.57,-3.64
Kenya,9/1/2015,2015,9,56645.22,22952.87,0.38
Kenya,10/1/2015,2015,10,56570.4,21691.38,-0.75
Kenya,11/1/2015,2015,11,55932.19,21704.93,0.07
Kenya,12/1/2015,2015,12,56633.65,22064.81,0.2
Kenya,1/1/2015,2015,1,57350.48,26695.39,-9.26
Kenya,2/1/2015,2015,2,57248.61,25117.64,-11.04
Kenya,3/1/2015,2015,3,56678.42,24838.39,-12.51
Kenya,4/1/2015,2015,4,58366.36,28016.41,-9.98
Kenya,5/1/2015,2015,5,60386.33,29470.41,-7.41
Kenya,6/1/2015,2015,6,61445.78,29612.29,-9.57
Kenya,7/1/2015,2015,7,59973.7,30680.58,-6.79
Kenya,8/1/2015,2015,8,58619.28,29986.72,-5.62
Kenya,9/1/2015,2015,9,58071.17,27698.69,-2.59
Kenya,10/1/2015,2015,10,57303.92,26859.85,-0.24
Kenya,11/1/2015,2015,11,58368.18,28216.86,2.44
Kenya,12/1/2015,2015,12,57488.42,27169.25,1.64
Kenya,1/1/2015,2015,1,58223.12,25137.55,-17.31
Kenya,2/1/2015,2015,2,58144.74,24721.83,-11.42
Kenya,3/1/2015,2015,3,58014.29,24648.22,-11.75
Kenya,4/1/2015,2015,4,60198.9,27971.23,-8.84
Kenya,5/1/2015,2015,5,61693,31113.88,-6.3
Kenya,6/1/2015,2015,6,62235.69,30177.44,-8.01
Kenya,7/1/2015,2015,7,60671.99,29483.29,-9.88
Kenya,8/1/2015,2015,8,60859.57,29783.53,-5.53
Kenya,9/1/2015,2015,9,58726.03,27553.14,-3.93
Kenya,10/1/2015,2015,10,59272.08,27020.63,1.31
Kenya,11/1/2015,2015,11,58305.39,25134.18,0.66
Kenya,12/1/2015,2015,12,59569.89,26833.98,5.03
Kenya,1/1/2015,2015,1,58018.2,25490.46,-18.33
Kenya,2/1/2015,2015,2,57737.06,24671.86,-14.74
Kenya,3/1/2015,2015,3,57562.53,25203.43,-13.95
Kenya,4/1/2015,2015,4,60198.98,29605.54,-8.17
Kenya,5/1/2015,2015,5,61759.94,31240.12,-7.01
Kenya,6/1/2015,2015,6,61512.71,30949.41,-6.29
Kenya,7/1/2015,2015,7,61533.05,29689.9,-6.2
Kenya,8/1/2015,2015,8,61349.44,30450.94,-3.44
Kenya,9/1/2015,2015,9,60291.23,28103.37,-2.06
Kenya,10/1/2015,2015,10,59157.21,26548.68,1.54
Kenya,11/1/2015,2015,11,59081.03,26735.65,4.78
Kenya,12/1/2015,2015,12,59523.82,26940.15,7.84
Kenya,1/1/2015,2015,1,57114.76,20454.64,-8.61
Kenya,2/1/2015,2015,2,56460.53,19948.4,-9.2
Kenya,3/1/2015,2015,3,56731.93,20455.07,-9.15
Kenya,4/1/2015,2015,4,59738.45,23506.89,-3.36
Kenya,5/1/2015,2015,5,59842.62,25049.76,-3.42
Kenya,6/1/2015,2015,6,58660.29,24026.35,-6.99
Kenya,7/1/2015,2015,7,60083.28,24204.06,-1.78
Kenya,8/1/2015,2015,8,59299.38,23819.77,-2.27
Kenya,9/1/2015,2015,9,56684.4,21776.67,-3.2
Kenya,10/1/2015,2015,10,57569.47,21394.97,-1.56
Kenya,11/1/2015,2015,11,56885.52,21138.14,-0.52
Kenya,12/1/2015,2015,12,57195.54,21280.24,0.94
Kenya,1/1/2015,2015,1,56552.65,20901.6,-5.84
Kenya,2/1/2015,2015,2,54510.41,19507.76,-9.69
Kenya,3/1/2015,2015,3,54353.13,19795.01,-10.22
Kenya,4/1/2015,2015,4,57753.25,22587.36,-1.81
Kenya,5/1/2015,2015,5,58697.23,24397.58,0.37
Kenya,6/1/2015,2015,6,58309.25,23012.94,-1.5
Kenya,7/1/2015,2015,7,58416.84,23158.47,-2.27
Kenya,8/1/2015,2015,8,57685.35,22080.67,-2.35
Kenya,9/1/2015,2015,9,55640.48,20771.43,-3.24
Kenya,10/1/2015,2015,10,55945.26,20725.55,-3.03
Kenya,11/1/2015,2015,11,55830.94,20875.74,2.54
Kenya,12/1/2015,2015,12,56110.84,20797.88,0.35
Kenya,1/1/2015,2015,1,67027.47,33521.68,-4.69
Kenya,2/1/2015,2015,2,65693.58,32164.57,-6.6
Kenya,3/1/2015,2015,3,66614.81,32959.5,-5.54
Kenya,4/1/2015,2015,4,67988.71,36771.3,2.16
Kenya,5/1/2015,2015,5,69865.68,38383.06,0.76
Kenya,6/1/2015,2015,6,71250.89,37941.59,1.84
Kenya,7/1/2015,2015,7,72110.04,39220.39,9.17
Kenya,8/1/2015,2015,8,71916.4,39845.45,11.34
Kenya,9/1/2015,2015,9,70077.18,37631.33,4.28
Kenya,10/1/2015,2015,10,71884.86,37562.88,7.52
Kenya,11/1/2015,2015,11,72573.86,37805.73,11.8
Kenya,12/1/2015,2015,12,71249.84,37857.26,10.41
Kenya,1/1/2015,2015,1,56668.02,21109.98,-6.09
Kenya,2/1/2015,2015,2,54714.72,19934.31,-9.85
Kenya,3/1/2015,2015,3,54103.02,20071.24,-9.54
Kenya,4/1/2015,2015,4,57429.25,22972.92,-3.97
Kenya,5/1/2015,2015,5,57578.66,23798.84,-8.28
Kenya,6/1/2015,2015,6,57388.08,23171.9,-5.83
Kenya,7/1/2015,2015,7,58472.37,23673.39,-4.07
Kenya,8/1/2015,2015,8,57393.22,23394.08,-2.32
Kenya,9/1/2015,2015,9,56070.21,21568.23,-1.98
Kenya,10/1/2015,2015,10,55732.3,20972.34,-0.53
Kenya,11/1/2015,2015,11,56253.07,21357.54,1.97
Kenya,12/1/2015,2015,12,56548.08,21474.29,1.65
Kenya,1/1/2015,2015,1,56778.44,20450.76,-6.84
Kenya,2/1/2015,2015,2,54432.79,19636.57,-8.65
Kenya,3/1/2015,2015,3,54495.84,19897.8,-10.23
Kenya,4/1/2015,2015,4,57834.27,23114.02,-3.45
Kenya,5/1/2015,2015,5,57575.18,22785.52,-8.7
Kenya,6/1/2015,2015,6,57606.28,22324.24,-9.3
Kenya,7/1/2015,2015,7,57955.63,22993.43,-5.04
Kenya,8/1/2015,2015,8,58220.77,23098.97,-0.37
Kenya,9/1/2015,2015,9,55684.33,21480.62,0.29
Kenya,10/1/2015,2015,10,56147.45,21224.24,0.78
Kenya,11/1/2015,2015,11,55713.81,21237.85,1.46
Kenya,12/1/2015,2015,12,56580.57,21332.8,3.36
Kenya,1/1/2015,2015,1,56149.6,20733.5,-7.06
Kenya,2/1/2015,2015,2,54188.59,20207.03,-9.91
Kenya,3/1/2015,2015,3,54403.84,20380.65,-9.71
Kenya,4/1/2015,2015,4,56960.64,22647.51,-3.95
Kenya,5/1/2015,2015,5,58609.14,24459.22,-5.67
Kenya,6/1/2015,2015,6,57800.76,23418.66,-8.27
Kenya,7/1/2015,2015,7,57664.49,23307.81,-5.08
Kenya,8/1/2015,2015,8,57541.45,23751.86,-1.27
Kenya,9/1/2015,2015,9,55750.69,22081.5,0.94
Kenya,10/1/2015,2015,10,56103.36,21611.44,-1.2
Kenya,11/1/2015,2015,11,55698.22,21538.58,2.18
Kenya,12/1/2015,2015,12,56197.74,21788.63,4.19
Kenya,1/1/2015,2015,1,55746.55,20586.83,-7.72
Kenya,2/1/2015,2015,2,53550.96,19715.71,-8.63
Kenya,3/1/2015,2015,3,53890.31,20073.22,-9.38
Kenya,4/1/2015,2015,4,56579.06,22079.76,-6.29
Kenya,5/1/2015,2015,5,58160.34,23049.94,-6.16
Kenya,6/1/2015,2015,6,57438.42,22680.67,-6.94
Kenya,7/1/2015,2015,7,57904.57,22488.81,-2.9
Kenya,8/1/2015,2015,8,58095.75,23684.85,1.44
Kenya,9/1/2015,2015,9,55937.5,21470.46,1.07
Kenya,10/1/2015,2015,10,56010.89,20952.7,0.71
Kenya,11/1/2015,2015,11,55648.75,21001.29,2.49
Kenya,12/1/2015,2015,12,55987.37,21239.15,2.62
Kenya,1/1/2015,2015,1,61036.4,25720.4,-17.52
Kenya,2/1/2015,2015,2,60149.27,24542.33,-14.9
Kenya,3/1/2015,2015,3,60273.96,25159.27,-14.15
Kenya,4/1/2015,2015,4,62730.05,28840.38,-10.57
Kenya,5/1/2015,2015,5,63241.9,31219.61,-7.06
Kenya,6/1/2015,2015,6,63819.02,32288.82,-8.4
Kenya,7/1/2015,2015,7,64050.09,31229.16,-7.43
Kenya,8/1/2015,2015,8,63714.45,31568.88,0.13
Kenya,9/1/2015,2015,9,63055.54,28012.26,-2.83
Kenya,10/1/2015,2015,10,63046.65,27777.79,0.96
Kenya,11/1/2015,2015,11,62837.6,27004.52,7.93
Kenya,12/1/2015,2015,12,64215.7,28474.5,11.01
Kenya,1/1/2016,2016,1,56321.27,23826.59,-0.38
Kenya,2/1/2016,2016,2,57162.11,23759.99,1.89
Kenya,3/1/2016,2016,3,57773.9,24451.35,3.99
Kenya,4/1/2016,2016,4,56967.33,25132.76,2.7
Kenya,5/1/2016,2016,5,58355.59,24918.86,-5.6
Kenya,6/1/2016,2016,6,58715.18,26017.03,-7.41
Kenya,7/1/2016,2016,7,60772.77,28637.79,4.39
Kenya,8/1/2016,2016,8,59151.9,26700.03,3.05
Kenya,9/1/2016,2016,9,59145.52,25793.53,5.8
Kenya,10/1/2016,2016,10,58388.69,25135.45,3.56
Kenya,11/1/2016,2016,11,60110.42,26791.53,8.66
Kenya,12/1/2016,2016,12,59912.58,26545.98,6.98
Kenya,1/1/2016,2016,1,55189.77,27228.71,5.05
Kenya,2/1/2016,2016,2,54485.57,26983.82,3.39
Kenya,3/1/2016,2016,3,54346.91,27190.47,2.33
Kenya,4/1/2016,2016,4,54805.29,27472.35,0.73
Kenya,5/1/2016,2016,5,56088.18,28098.03,-1.49
Kenya,6/1/2016,2016,6,56896.71,29833.99,-4.76
Kenya,7/1/2016,2016,7,57612.55,30309.12,0.52
Kenya,8/1/2016,2016,8,56659.59,28824.5,-1.4
Kenya,9/1/2016,2016,9,56752.76,27832.45,7.25
Kenya,10/1/2016,2016,10,57732.43,28722.36,8.85
Kenya,11/1/2016,2016,11,57853.6,28227.44,8.55
Kenya,12/1/2016,2016,12,58963.8,29502.46,9.96
Kenya,1/1/2016,2016,1,56193.16,22319.11,4.06
Kenya,2/1/2016,2016,2,55667.46,22022.02,4.62
Kenya,3/1/2016,2016,3,56136.76,21748.14,4.1
Kenya,4/1/2016,2016,4,55965.3,22067.5,-2.34
Kenya,5/1/2016,2016,5,57259.85,22371.77,-3.13
Kenya,6/1/2016,2016,6,56806.69,22837.5,-1.84
Kenya,7/1/2016,2016,7,56522.79,23042.05,-5.76
Kenya,8/1/2016,2016,8,57623.37,23754.88,-1.06
Kenya,9/1/2016,2016,9,57606.15,23636.06,4.67
Kenya,10/1/2016,2016,10,56339.52,22542.87,1.92
Kenya,11/1/2016,2016,11,57074.69,22746.16,2.6
Kenya,12/1/2016,2016,12,57960.87,23010.26,4.55
Kenya,1/1/2016,2016,1,53234.85,26020.64,4.78
Kenya,2/1/2016,2016,2,53344.98,27143.28,4.7
Kenya,3/1/2016,2016,3,52906.7,26698.64,2.93
Kenya,4/1/2016,2016,4,52886.53,26437.24,-2
Kenya,5/1/2016,2016,5,55302.19,28741.89,0.54
Kenya,6/1/2016,2016,6,55352.5,29090.06,-2.04
Kenya,7/1/2016,2016,7,56488.22,30917.69,5.19
Kenya,8/1/2016,2016,8,55542.1,28234.3,-3.41
Kenya,9/1/2016,2016,9,55414.99,28203.91,5.24
Kenya,10/1/2016,2016,10,55821.63,28430.51,8.46
Kenya,11/1/2016,2016,11,56593.85,28667.21,11.69
Kenya,12/1/2016,2016,12,57076.7,29939.03,13.88
Kenya,1/1/2016,2016,1,58672.46,28418.63,8.7
Kenya,2/1/2016,2016,2,57601.37,27298.22,9.24
Kenya,3/1/2016,2016,3,57020.61,27135.42,7.46
Kenya,4/1/2016,2016,4,57419.95,27773.62,-3.41
Kenya,5/1/2016,2016,5,58593.13,28221.4,-8.17
Kenya,6/1/2016,2016,6,58661.81,29908.92,-0.52
Kenya,7/1/2016,2016,7,59083.31,30146.11,-3.92
Kenya,8/1/2016,2016,8,58852.65,30493.1,-0.89
Kenya,9/1/2016,2016,9,58913.51,29826.63,5.7
Kenya,10/1/2016,2016,10,58566.43,29188,5.28
Kenya,11/1/2016,2016,11,58200.03,29016.18,4.86
Kenya,12/1/2016,2016,12,60459.77,32165.32,12.21
Kenya,1/1/2016,2016,1,64351.46,31936.32,6.55
Kenya,2/1/2016,2016,2,65835.77,33424.65,8.35
Kenya,3/1/2016,2016,3,63656.47,31680.45,4.35
Kenya,4/1/2016,2016,4,65800.62,33723.17,0.67
Kenya,5/1/2016,2016,5,67421.8,34216.88,-0.85
Kenya,6/1/2016,2016,6,68018.3,35673.08,0.33
Kenya,7/1/2016,2016,7,68965.92,35673.28,2.89
Kenya,8/1/2016,2016,8,68815.3,34180.49,0.44
Kenya,9/1/2016,2016,9,70066.79,34732.77,8.24
Kenya,10/1/2016,2016,10,69382.03,33787.79,7.36
Kenya,11/1/2016,2016,11,70257.79,34919.53,7.92
Kenya,12/1/2016,2016,12,70638.28,35957.34,11.25
Kenya,1/1/2016,2016,1,54532.99,21735.65,1.33
Kenya,2/1/2016,2016,2,53795.82,21800.92,5.88
Kenya,3/1/2016,2016,3,53826.34,21561.23,4.62
Kenya,4/1/2016,2016,4,53559.97,21805.88,-2.44
Kenya,5/1/2016,2016,5,54054.62,21835.47,-6.65
Kenya,6/1/2016,2016,6,54468.06,22266.77,-1.19
Kenya,7/1/2016,2016,7,55564.61,23605,-1.52
Kenya,8/1/2016,2016,8,55452.45,23563.43,0.01
Kenya,9/1/2016,2016,9,55600.57,23335,5.31
Kenya,10/1/2016,2016,10,55501.98,23103.78,5.25
Kenya,11/1/2016,2016,11,54812.69,22363.11,3.51
Kenya,12/1/2016,2016,12,55707.27,23450.79,7.25
Kenya,1/1/2016,2016,1,64421.36,36215.5,5.85
Kenya,2/1/2016,2016,2,63715.96,36616.58,2
Kenya,3/1/2016,2016,3,63156.15,36017.55,0.38
Kenya,4/1/2016,2016,4,64010.52,36171.37,-0.57
Kenya,5/1/2016,2016,5,66169.18,36492.9,0.96
Kenya,6/1/2016,2016,6,65821.81,37184.92,-0.52
Kenya,7/1/2016,2016,7,66444.31,36989.64,1.41
Kenya,8/1/2016,2016,8,67277.66,36989.34,1.05
Kenya,9/1/2016,2016,9,67457.44,37319.49,5.27
Kenya,10/1/2016,2016,10,68142.68,37826.05,7.34
Kenya,11/1/2016,2016,11,69167.75,38692.99,8.35
Kenya,12/1/2016,2016,12,69619.42,38858.39,10.33
Kenya,1/1/2016,2016,1,57719.11,26890.67,7.19
Kenya,2/1/2016,2016,2,56919.16,26395.14,9.72
Kenya,3/1/2016,2016,3,56892.71,26407.07,8.47
Kenya,4/1/2016,2016,4,56611.72,26590.55,-0.4
Kenya,5/1/2016,2016,5,57862.47,26799.63,-9
Kenya,6/1/2016,2016,6,57864.24,28687.8,-0.84
Kenya,7/1/2016,2016,7,57953.48,28437.19,-3.81
Kenya,8/1/2016,2016,8,58825.28,29684.89,1.89
Kenya,9/1/2016,2016,9,58436.22,28787.93,5.1
Kenya,10/1/2016,2016,10,58307.73,27791.08,5.08
Kenya,11/1/2016,2016,11,58189.21,28386.05,6.61
Kenya,12/1/2016,2016,12,58909.62,29474.58,8.46
Kenya,1/1/2016,2016,1,61634.09,27500.57,0.65
Kenya,2/1/2016,2016,2,63073.06,27616.18,3.32
Kenya,3/1/2016,2016,3,62314.94,26988.45,4.28
Kenya,4/1/2016,2016,4,63384.82,28136.29,1.57
Kenya,5/1/2016,2016,5,63566.5,28255.39,-2.93
Kenya,6/1/2016,2016,6,63322.18,28729.86,-2.35
Kenya,7/1/2016,2016,7,64698.87,28888.12,1.17
Kenya,8/1/2016,2016,8,63093.66,28636.16,0.93
Kenya,9/1/2016,2016,9,65410.22,29267.68,6.85
Kenya,10/1/2016,2016,10,64682.2,28651.15,4.36
Kenya,11/1/2016,2016,11,64899.67,29324.87,5.44
Kenya,12/1/2016,2016,12,66066.69,29761.36,7.37
Kenya,1/1/2016,2016,1,64950.4,30434.14,9.62
Kenya,2/1/2016,2016,2,64185.65,28508.64,9.43
Kenya,3/1/2016,2016,3,64010.24,27554,6.91
Kenya,4/1/2016,2016,4,64436.05,28480.14,0.43
Kenya,5/1/2016,2016,5,64590.4,28601.78,-5.46
Kenya,6/1/2016,2016,6,64415.53,30123.49,-1.38
Kenya,7/1/2016,2016,7,65282.05,29765.69,-3.01
Kenya,8/1/2016,2016,8,65368.33,31692.42,0.63
Kenya,9/1/2016,2016,9,64998.51,30193.96,4.56
Kenya,10/1/2016,2016,10,65318.7,30128.27,5.48
Kenya,11/1/2016,2016,11,66184.36,31673.47,7.62
Kenya,12/1/2016,2016,12,66201.52,30967.81,5
Kenya,1/1/2016,2016,1,56242.29,24814,4.03
Kenya,2/1/2016,2016,2,55811.27,24397.62,7.91
Kenya,3/1/2016,2016,3,55938.14,24159.27,6.92
Kenya,4/1/2016,2016,4,55902.89,24354.41,-0.26
Kenya,5/1/2016,2016,5,57223.91,25895.96,-4.07
Kenya,6/1/2016,2016,6,57513.54,26618.86,-1.26
Kenya,7/1/2016,2016,7,58033.51,26764.42,-2.1
Kenya,8/1/2016,2016,8,58691.85,27833.09,2.94
Kenya,9/1/2016,2016,9,57833.19,27176.48,6.13
Kenya,10/1/2016,2016,10,57594.7,26962.22,5.94
Kenya,11/1/2016,2016,11,57429.02,26164.6,5.42
Kenya,12/1/2016,2016,12,58994.86,27419.98,8.23
Kenya,1/1/2016,2016,1,59202.72,27731.51,2.13
Kenya,2/1/2016,2016,2,59221.05,27865.99,6.38
Kenya,3/1/2016,2016,3,59697.38,27627.61,5.35
Kenya,4/1/2016,2016,4,60031.39,28099.99,-2.21
Kenya,5/1/2016,2016,5,59425.46,29462.63,-9.94
Kenya,6/1/2016,2016,6,59668.57,29237.04,-6.48
Kenya,7/1/2016,2016,7,60840.77,30870.56,-4.02
Kenya,8/1/2016,2016,8,60414.31,31366.68,3.54
Kenya,9/1/2016,2016,9,61045.41,30597.8,5.8
Kenya,10/1/2016,2016,10,60840.12,29251.32,4.75
Kenya,11/1/2016,2016,11,60474.48,29504.95,3.72
Kenya,12/1/2016,2016,12,60272.11,30491.52,5.73
Kenya,1/1/2016,2016,1,62597.45,33962.88,15.47
Kenya,2/1/2016,2016,2,61331.57,34537.2,6.94
Kenya,3/1/2016,2016,3,60316.61,33240.95,4.34
Kenya,4/1/2016,2016,4,60524.03,33990.88,-0.13
Kenya,5/1/2016,2016,5,61253.64,36197.13,2.09
Kenya,6/1/2016,2016,6,62773.02,34625.65,-1.78
Kenya,7/1/2016,2016,7,65134.74,36016.94,2.14
Kenya,8/1/2016,2016,8,61889.27,36971.77,0.01
Kenya,9/1/2016,2016,9,64513.28,35323.27,3.42
Kenya,10/1/2016,2016,10,64950.58,35545.19,7.52
Kenya,11/1/2016,2016,11,64134.85,36410.17,11.08
Kenya,12/1/2016,2016,12,65358.08,35413.94,8.1
Kenya,1/1/2016,2016,1,64199.97,32116.79,0.96
Kenya,2/1/2016,2016,2,64187.35,33817.67,4.79
Kenya,3/1/2016,2016,3,63811.79,33022.13,1.93
Kenya,4/1/2016,2016,4,64355.92,33520.96,-2.83
Kenya,5/1/2016,2016,5,65813.89,34459.47,-0.44
Kenya,6/1/2016,2016,6,66056.81,34445.71,-1.2
Kenya,7/1/2016,2016,7,67149.63,35278.11,1.83
Kenya,8/1/2016,2016,8,66047.7,34534.7,-0.83
Kenya,9/1/2016,2016,9,67207.47,34190.17,2.29
Kenya,10/1/2016,2016,10,67041.11,34547.12,5.82
Kenya,11/1/2016,2016,11,68750.3,35902.62,9.94
Kenya,12/1/2016,2016,12,67610.51,35510.34,8.82
Kenya,1/1/2016,2016,1,55782.61,22610.96,6.62
Kenya,2/1/2016,2016,2,54599.52,22465.44,6.96
Kenya,3/1/2016,2016,3,55507.43,23103.5,4.43
Kenya,4/1/2016,2016,4,54714,22985.52,-1.04
Kenya,5/1/2016,2016,5,55155.8,23251.93,-3.65
Kenya,6/1/2016,2016,6,56162.04,24535.38,-3.01
Kenya,7/1/2016,2016,7,56397.27,24726.38,-0.39
Kenya,8/1/2016,2016,8,57919.19,24304.83,2.24
Kenya,9/1/2016,2016,9,56854.5,24314.83,4.54
Kenya,10/1/2016,2016,10,57140.7,24642.78,7.02
Kenya,11/1/2016,2016,11,57942.72,24871.78,7.65
Kenya,12/1/2016,2016,12,58268.82,24513.63,5.5
Kenya,1/1/2016,2016,1,59793.08,30527.08,5.1
Kenya,2/1/2016,2016,2,59481.28,31823.56,5.68
Kenya,3/1/2016,2016,3,58825.43,30483.66,4.45
Kenya,4/1/2016,2016,4,60512.13,31403.81,-3.25
Kenya,5/1/2016,2016,5,61482.17,32456.2,-2.4
Kenya,6/1/2016,2016,6,63865.52,32646.97,-1.48
Kenya,7/1/2016,2016,7,64997.27,33618.65,2
Kenya,8/1/2016,2016,8,64552.25,31897.36,-2.3
Kenya,9/1/2016,2016,9,64673.72,31957.4,7.04
Kenya,10/1/2016,2016,10,66521.11,34561.58,15.07
Kenya,11/1/2016,2016,11,66030.58,33936.08,13.06
Kenya,12/1/2016,2016,12,65514.39,33261.16,10.6
Kenya,1/1/2016,2016,1,62592.24,32858.88,3.13
Kenya,2/1/2016,2016,2,61963.12,33208.98,1.77
Kenya,3/1/2016,2016,3,61189.07,33631.35,2.56
Kenya,4/1/2016,2016,4,63989.25,33363.21,-1.84
Kenya,5/1/2016,2016,5,64714.48,33369.21,-1.13
Kenya,6/1/2016,2016,6,65595.37,34357.12,0.25
Kenya,7/1/2016,2016,7,65774.85,34399.72,0.01
Kenya,8/1/2016,2016,8,64987.45,34438.48,-0.47
Kenya,9/1/2016,2016,9,65818.43,34197.89,3.47
Kenya,10/1/2016,2016,10,65880.66,34101.34,6.62
Kenya,11/1/2016,2016,11,67624.72,35575.92,8.56
Kenya,12/1/2016,2016,12,67378.69,35309.56,11.61
Kenya,1/1/2016,2016,1,56061.51,24089.58,0.36
Kenya,2/1/2016,2016,2,55669.21,23496.6,-1.27
Kenya,3/1/2016,2016,3,56486.82,23651.09,-0.75
Kenya,4/1/2016,2016,4,56562.19,24125.04,-0.17
Kenya,5/1/2016,2016,5,57459.88,25159.28,1.84
Kenya,6/1/2016,2016,6,57766.05,25445.79,-2.28
Kenya,7/1/2016,2016,7,58701.05,26510.36,0.02
Kenya,8/1/2016,2016,8,59693.78,28129.96,7.28
Kenya,9/1/2016,2016,9,58676.47,26226.79,8.59
Kenya,10/1/2016,2016,10,57969.55,24947.1,6.23
Kenya,11/1/2016,2016,11,58130.87,24658.04,2.38
Kenya,12/1/2016,2016,12,59288.33,26571.56,7.53
Kenya,1/1/2016,2016,1,58792.63,31909.08,8.61
Kenya,2/1/2016,2016,2,60068.85,31927.7,6.88
Kenya,3/1/2016,2016,3,59700.53,30783.74,3.65
Kenya,4/1/2016,2016,4,60372.14,30850.83,-4.48
Kenya,5/1/2016,2016,5,62108.98,32479.36,-2.65
Kenya,6/1/2016,2016,6,63393.2,33592.51,-3.17
Kenya,7/1/2016,2016,7,65296.13,34596.7,3.28
Kenya,8/1/2016,2016,8,65065.97,33461.83,1.7
Kenya,9/1/2016,2016,9,64800.51,33006.17,6.95
Kenya,10/1/2016,2016,10,64995.03,31181.19,8.22
Kenya,11/1/2016,2016,11,65345.73,33358.01,13.81
Kenya,12/1/2016,2016,12,65244.89,33682.43,10.12
Kenya,1/1/2016,2016,1,58568.66,25085.44,4.4
Kenya,2/1/2016,2016,2,57830.98,25007.42,8.95
Kenya,3/1/2016,2016,3,57688.48,24449.33,8.61
Kenya,4/1/2016,2016,4,58074.79,26250.28,0.76
Kenya,5/1/2016,2016,5,58098.26,26006.32,-5.84
Kenya,6/1/2016,2016,6,58351.8,27039.12,-0.47
Kenya,7/1/2016,2016,7,59332.07,27740.75,0.69
Kenya,8/1/2016,2016,8,59577.84,28199,0.83
Kenya,9/1/2016,2016,9,58622.08,27654.93,6.35
Kenya,10/1/2016,2016,10,57994.52,26805.08,7.36
Kenya,11/1/2016,2016,11,59051.04,26813.11,7.63
Kenya,12/1/2016,2016,12,59945.14,27762.5,7.7
Kenya,1/1/2016,2016,1,56605.04,23324.01,4.17
Kenya,2/1/2016,2016,2,56008.45,22615.52,4.64
Kenya,3/1/2016,2016,3,55946.31,23489.98,4.32
Kenya,4/1/2016,2016,4,56812.83,23478.15,3.85
Kenya,5/1/2016,2016,5,56917.29,23695.05,-0.22
Kenya,6/1/2016,2016,6,57477.31,24712.73,3.03
Kenya,7/1/2016,2016,7,56875.93,23826.8,-4.55
Kenya,8/1/2016,2016,8,57071.13,24113.74,-6.3
Kenya,9/1/2016,2016,9,57875.41,23991.19,0.09
Kenya,10/1/2016,2016,10,57541.27,23797.81,3.05
Kenya,11/1/2016,2016,11,57680.16,23707.96,1.4
Kenya,12/1/2016,2016,12,57816.61,23646.81,2.54
Kenya,1/1/2016,2016,1,56797.63,24762.33,5.41
Kenya,2/1/2016,2016,2,56105.04,23740.5,6.25
Kenya,3/1/2016,2016,3,56141.56,23656.84,7.84
Kenya,4/1/2016,2016,4,55862.48,25083.73,-1.29
Kenya,5/1/2016,2016,5,56932.78,25166.84,-7.82
Kenya,6/1/2016,2016,6,56623.93,25956.26,-2
Kenya,7/1/2016,2016,7,56996.64,26222.93,-4.56
Kenya,8/1/2016,2016,8,57366.38,27471.03,1.25
Kenya,9/1/2016,2016,9,56685.41,26441.81,5.26
Kenya,10/1/2016,2016,10,56637.11,25864.76,6.09
Kenya,11/1/2016,2016,11,57099.26,26297.93,6.09
Kenya,12/1/2016,2016,12,58493.98,27346,8.9
Kenya,1/1/2016,2016,1,64823,28077.06,2.06
Kenya,2/1/2016,2016,2,63962.84,28088.22,6.46
Kenya,3/1/2016,2016,3,65169.06,28991.93,6.28
Kenya,4/1/2016,2016,4,64740.98,29719.86,1.87
Kenya,5/1/2016,2016,5,65619.38,30668.89,-0.99
Kenya,6/1/2016,2016,6,65430.13,31735.13,-0.51
Kenya,7/1/2016,2016,7,66830.16,31508.08,1.13
Kenya,8/1/2016,2016,8,66424.85,31042.48,-0.51
Kenya,9/1/2016,2016,9,67260.55,31870.96,7.71
Kenya,10/1/2016,2016,10,67691.62,32124.94,9.37
Kenya,11/1/2016,2016,11,67674.32,31367.5,7.64
Kenya,12/1/2016,2016,12,67482.51,31607.65,6.99
Kenya,1/1/2016,2016,1,63139.41,26979.39,5.69
Kenya,2/1/2016,2016,2,62555.37,29207.76,8.55
Kenya,3/1/2016,2016,3,63024.02,26981.46,4.85
Kenya,4/1/2016,2016,4,63163.67,28283.91,-4.33
Kenya,5/1/2016,2016,5,64274.71,30654.86,-2.43
Kenya,6/1/2016,2016,6,65284.27,32575.48,-2.09
Kenya,7/1/2016,2016,7,65882.74,32411.96,2.56
Kenya,8/1/2016,2016,8,65555.13,30016.85,-4.09
Kenya,9/1/2016,2016,9,65771.94,31513.07,8.4
Kenya,10/1/2016,2016,10,66239.97,30395.68,11.46
Kenya,11/1/2016,2016,11,66955.2,31634.58,13.6
Kenya,12/1/2016,2016,12,65810.22,31425.17,10.99
Kenya,1/1/2016,2016,1,77931.45,48033.48,8.71
Kenya,2/1/2016,2016,2,78130.99,48941.43,5.24
Kenya,3/1/2016,2016,3,75802.82,46309.93,4.32
Kenya,4/1/2016,2016,4,77842.3,49119.26,3.17
Kenya,5/1/2016,2016,5,78497.49,48050.94,1.13
Kenya,6/1/2016,2016,6,80180.32,48241.16,1.43
Kenya,7/1/2016,2016,7,80591.92,48556.69,1.34
Kenya,8/1/2016,2016,8,79951.28,48730.28,-0.43
Kenya,9/1/2016,2016,9,79998.31,48568.96,2.96
Kenya,10/1/2016,2016,10,79834.97,48122.19,1.49
Kenya,11/1/2016,2016,11,81674.75,48152.51,13.49
Kenya,12/1/2016,2016,12,84581.96,50645.34,16.61
Kenya,1/1/2016,2016,1,64791.64,36923.55,0.34
Kenya,2/1/2016,2016,2,66900.72,39073.97,3.75
Kenya,3/1/2016,2016,3,64980.07,35627.11,-3.08
Kenya,4/1/2016,2016,4,66739.09,37854.5,-2.16
Kenya,5/1/2016,2016,5,70686,41364.91,0.19
Kenya,6/1/2016,2016,6,70824.71,41723.1,0.55
Kenya,7/1/2016,2016,7,71561.68,41104.34,0.42
Kenya,8/1/2016,2016,8,71047.52,41541.73,2.05
Kenya,9/1/2016,2016,9,72390.6,42061.57,9.7
Kenya,10/1/2016,2016,10,70758.3,41413.51,11.61
Kenya,11/1/2016,2016,11,74276.44,42862.39,16.38
Kenya,12/1/2016,2016,12,73527.49,43515.48,16.58
Kenya,1/1/2016,2016,1,72245.48,47391.25,6.05
Kenya,2/1/2016,2016,2,72469.17,44252.15,0.89
Kenya,3/1/2016,2016,3,70739.56,43859.77,-0.23
Kenya,4/1/2016,2016,4,73308.66,48618.19,1.62
Kenya,5/1/2016,2016,5,74673.37,48192.85,1.57
Kenya,6/1/2016,2016,6,74409.42,48619.26,-0.96
Kenya,7/1/2016,2016,7,74802.92,48791.27,-0.03
Kenya,8/1/2016,2016,8,75436.8,48297.91,-1.34
Kenya,9/1/2016,2016,9,75234.4,48438.61,5.23
Kenya,10/1/2016,2016,10,75438.22,48491.88,3.31
Kenya,11/1/2016,2016,11,76882.05,48213.62,12.37
Kenya,12/1/2016,2016,12,80060.54,48823.48,6.07
Kenya,1/1/2016,2016,1,55538.77,25765.93,4.97
Kenya,2/1/2016,2016,2,54620.19,25720.15,9.91
Kenya,3/1/2016,2016,3,54213.04,25243,6.42
Kenya,4/1/2016,2016,4,54605.52,26120.13,-0.43
Kenya,5/1/2016,2016,5,55965.27,26637.45,-4.98
Kenya,6/1/2016,2016,6,56106.07,27083.91,-2.03
Kenya,7/1/2016,2016,7,56491.52,27767.89,-2.31
Kenya,8/1/2016,2016,8,56376.03,28426.45,0.34
Kenya,9/1/2016,2016,9,55845.83,27572.98,6.63
Kenya,10/1/2016,2016,10,55364.43,26676.76,3.98
Kenya,11/1/2016,2016,11,55358.89,26996.7,6.36
Kenya,12/1/2016,2016,12,57231.73,28449.58,8.97
Kenya,1/1/2016,2016,1,59808.99,33014.55,5.95
Kenya,2/1/2016,2016,2,60195.75,32688.3,11.31
Kenya,3/1/2016,2016,3,58720.62,31023.25,2.12
Kenya,4/1/2016,2016,4,60155.99,34080.13,6.87
Kenya,5/1/2016,2016,5,59595.9,32791.56,-2.53
Kenya,6/1/2016,2016,6,60109.09,33516.44,-3.33
Kenya,7/1/2016,2016,7,61086.81,34689.72,-2.55
Kenya,8/1/2016,2016,8,60134.85,31504.74,-8.2
Kenya,9/1/2016,2016,9,59554.35,31243.42,-7.27
Kenya,10/1/2016,2016,10,62222.02,34468.14,3.22
Kenya,11/1/2016,2016,11,61951.84,34066.93,3.59
Kenya,12/1/2016,2016,12,60851.19,33389.95,1.29
Kenya,1/1/2016,2016,1,62200.36,30419.82,-0.74
Kenya,2/1/2016,2016,2,63362.23,30805.35,2.48
Kenya,3/1/2016,2016,3,62336.54,30385.58,-0.99
Kenya,4/1/2016,2016,4,64217.02,31195.28,-2.27
Kenya,5/1/2016,2016,5,65807.56,32098.59,-1.12
Kenya,6/1/2016,2016,6,66462.13,32825.75,0.01
Kenya,7/1/2016,2016,7,66589.59,32988.32,-0.41
Kenya,8/1/2016,2016,8,66402.37,33240.6,-0.67
Kenya,9/1/2016,2016,9,66634.77,33356.58,6.81
Kenya,10/1/2016,2016,10,67706.65,33391.02,8.89
Kenya,11/1/2016,2016,11,68073.64,34187.61,10.98
Kenya,12/1/2016,2016,12,68007.05,34520.45,13.03
Kenya,1/1/2016,2016,1,55091.52,24251.57,4.95
Kenya,2/1/2016,2016,2,55073.26,24783.47,9.18
Kenya,3/1/2016,2016,3,54107.49,23813.3,7.18
Kenya,4/1/2016,2016,4,54591.21,24407.44,4.35
Kenya,5/1/2016,2016,5,54825.96,25120.77,-2.05
Kenya,6/1/2016,2016,6,55389.47,25676.38,-0.94
Kenya,7/1/2016,2016,7,55391.07,26860.05,-2.97
Kenya,8/1/2016,2016,8,55908.01,27477.27,0.94
Kenya,9/1/2016,2016,9,55910.94,26990.39,7.4
Kenya,10/1/2016,2016,10,56319.89,26400.47,8.67
Kenya,11/1/2016,2016,11,55900.16,26296.68,6.18
Kenya,12/1/2016,2016,12,55982.04,26497.21,6.93
Kenya,1/1/2016,2016,1,54379.59,24382.79,5.94
Kenya,2/1/2016,2016,2,54191.31,24195.06,7.31
Kenya,3/1/2016,2016,3,54581.36,24739.76,11.6
Kenya,4/1/2016,2016,4,54349.43,25163.88,1.29
Kenya,5/1/2016,2016,5,54771.1,25819.32,-8.77
Kenya,6/1/2016,2016,6,54533.95,26484.93,-2.07
Kenya,7/1/2016,2016,7,54830.22,26280.63,-3.48
Kenya,8/1/2016,2016,8,55442.09,26933.77,-1.66
Kenya,9/1/2016,2016,9,55782.93,27124.93,6.23
Kenya,10/1/2016,2016,10,56061.25,26208.59,7.55
Kenya,11/1/2016,2016,11,56249.73,26546.93,7.36
Kenya,12/1/2016,2016,12,56733.61,27740.85,9.1
Kenya,1/1/2016,2016,1,61532.98,29114.35,11.51
Kenya,2/1/2016,2016,2,61038.97,27786.87,11.54
Kenya,3/1/2016,2016,3,61317.07,27692.14,9.45
Kenya,4/1/2016,2016,4,60985.31,28062.39,2.13
Kenya,5/1/2016,2016,5,61118.69,28539.51,-4.95
Kenya,6/1/2016,2016,6,62559.24,28510.32,-4.36
Kenya,7/1/2016,2016,7,61811.42,29322.29,-2.94
Kenya,8/1/2016,2016,8,63743.4,31148.86,2.05
Kenya,9/1/2016,2016,9,63803.79,30260.9,7.14
Kenya,10/1/2016,2016,10,63038.71,30061.94,6.29
Kenya,11/1/2016,2016,11,64065.29,30031.16,7.8
Kenya,12/1/2016,2016,12,65324.15,30636.91,8.04
Kenya,1/1/2016,2016,1,59174.56,28237,6.38
Kenya,2/1/2016,2016,2,57992,27079.3,9.94
Kenya,3/1/2016,2016,3,58322.12,27321.49,9.08
Kenya,4/1/2016,2016,4,57948,26705.59,-3.52
Kenya,5/1/2016,2016,5,59749.99,27905.06,-7.72
Kenya,6/1/2016,2016,6,58532.77,28054.59,-6.32
Kenya,7/1/2016,2016,7,59268.03,28690.23,-7.34
Kenya,8/1/2016,2016,8,60690.19,33183.87,1.73
Kenya,9/1/2016,2016,9,59515.7,29712.02,8.76
Kenya,10/1/2016,2016,10,59314.95,28677.61,5.45
Kenya,11/1/2016,2016,11,59444.67,28571.72,4.8
Kenya,12/1/2016,2016,12,60907.84,30993.49,10.11
Kenya,1/1/2016,2016,1,55747.17,24284.34,0.87
Kenya,2/1/2016,2016,2,54550.91,23847.32,6.02
Kenya,3/1/2016,2016,3,55195.41,23354.44,6.9
Kenya,4/1/2016,2016,4,55697.6,26027.25,2.93
Kenya,5/1/2016,2016,5,55916.63,26058.85,-7.53
Kenya,6/1/2016,2016,6,55584.82,26444.21,-5.5
Kenya,7/1/2016,2016,7,56877.11,26451.2,-4.7
Kenya,8/1/2016,2016,8,57398.15,28729.14,2.84
Kenya,9/1/2016,2016,9,57124.61,27492.78,5.39
Kenya,10/1/2016,2016,10,56658.65,26736.71,5.03
Kenya,11/1/2016,2016,11,56059.71,25273.29,2.18
Kenya,12/1/2016,2016,12,58321.09,27952.37,9.72
Kenya,1/1/2016,2016,1,69519,26531,3.52
Kenya,2/1/2016,2016,2,71761.69,27971,3.19
Kenya,3/1/2016,2016,3,71132,25926,-3.17
Kenya,4/1/2016,2016,4,72332.25,27344,-7.24
Kenya,5/1/2016,2016,5,70820,27931,-18.13
Kenya,6/1/2016,2016,6,67055,29215,-18.68
Kenya,7/1/2016,2016,7,59845,31917,-14.07
Kenya,8/1/2016,2016,8,53109,27254.68,-21.79
Kenya,9/1/2016,2016,9,50880,27345,-11.55
Kenya,10/1/2016,2016,10,59973,27987,0.66
Kenya,11/1/2016,2016,11,62732,29130,6.11
Kenya,12/1/2016,2016,12,69703,29541,9.96
Kenya,1/1/2016,2016,1,58145.25,25419.28,1.13
Kenya,2/1/2016,2016,2,58224.11,25584.2,8.61
Kenya,3/1/2016,2016,3,57627.38,25065.63,5.99
Kenya,4/1/2016,2016,4,58074.17,26891.42,-1.14
Kenya,5/1/2016,2016,5,58408.32,27551.64,-6.49
Kenya,6/1/2016,2016,6,58034,27463.12,-3.82
Kenya,7/1/2016,2016,7,58823.65,27714.76,-2.9
Kenya,8/1/2016,2016,8,58476.17,29276.24,5.36
Kenya,9/1/2016,2016,9,59258.59,28000.14,6.04
Kenya,10/1/2016,2016,10,59722.45,27567.84,2.71
Kenya,11/1/2016,2016,11,59600.45,27051.78,3.18
Kenya,12/1/2016,2016,12,59106.58,28895.8,5.86
Kenya,1/1/2016,2016,1,60456.25,25774.31,6.53
Kenya,2/1/2016,2016,2,59492.41,26178.71,8.54
Kenya,3/1/2016,2016,3,59677.74,24644.49,4.9
Kenya,4/1/2016,2016,4,60074.89,25702.31,-1.27
Kenya,5/1/2016,2016,5,59989.94,26621.66,-5.14
Kenya,6/1/2016,2016,6,60037.56,26678.22,-3.26
Kenya,7/1/2016,2016,7,60134.09,27757.8,-0.28
Kenya,8/1/2016,2016,8,60252.42,28395.19,1.91
Kenya,9/1/2016,2016,9,60262.97,28145.74,6.75
Kenya,10/1/2016,2016,10,60220.7,26593.18,3.27
Kenya,11/1/2016,2016,11,60210.41,27196.31,5.6
Kenya,12/1/2016,2016,12,61197.89,27400.92,5.49
Kenya,1/1/2016,2016,1,66210.2,36278.26,6.01
Kenya,2/1/2016,2016,2,65465.35,35853.69,9.62
Kenya,3/1/2016,2016,3,66871.8,36171.14,9.44
Kenya,4/1/2016,2016,4,65865.18,36364.2,4.02
Kenya,5/1/2016,2016,5,65533.85,36179.95,-0.03
Kenya,6/1/2016,2016,6,65428.22,36245.58,0.5
Kenya,7/1/2016,2016,7,65773.83,36427.39,-0.62
Kenya,8/1/2016,2016,8,65882.31,35977.96,-1.9
Kenya,9/1/2016,2016,9,65611.63,35941.7,-0.04
Kenya,10/1/2016,2016,10,66796.66,36148.09,-0.71
Kenya,11/1/2016,2016,11,67759.2,35573.32,0.28
Kenya,12/1/2016,2016,12,67260.62,36060.16,-0.07
Kenya,1/1/2016,2016,1,56573.45,21394.71,1.72
Kenya,2/1/2016,2016,2,56020.82,21448.61,7.1
Kenya,3/1/2016,2016,3,56331.38,21222.78,4.32
Kenya,4/1/2016,2016,4,56711.64,21404.88,-1.31
Kenya,5/1/2016,2016,5,56183.62,21537.96,-6.97
Kenya,6/1/2016,2016,6,56976.83,22028.6,-1.08
Kenya,7/1/2016,2016,7,56744.77,22534.83,-2.3
Kenya,8/1/2016,2016,8,57306.08,23576.14,3.1
Kenya,9/1/2016,2016,9,56592,22481.36,2.37
Kenya,10/1/2016,2016,10,56953.88,21910.39,2.69
Kenya,11/1/2016,2016,11,57147.11,22060.64,2.48
Kenya,12/1/2016,2016,12,57585.18,22534.82,3.64
Kenya,1/1/2016,2016,1,63458.45,33352.68,4.07
Kenya,2/1/2016,2016,2,62838.26,33433.97,2.56
Kenya,3/1/2016,2016,3,62883.48,32785.3,1.43
Kenya,4/1/2016,2016,4,64028.91,33500.89,0.06
Kenya,5/1/2016,2016,5,66036.14,34744.57,1.42
Kenya,6/1/2016,2016,6,65639.45,34687.31,-0.25
Kenya,7/1/2016,2016,7,67139.4,34827.64,1.36
Kenya,8/1/2016,2016,8,64908.45,33422.86,-3.17
Kenya,9/1/2016,2016,9,66627.52,34343.5,4.74
Kenya,10/1/2016,2016,10,67286.34,34979.66,10.23
Kenya,11/1/2016,2016,11,68790.77,35591.83,10.33
Kenya,12/1/2016,2016,12,68902.23,36137.51,12.22
Kenya,1/1/2016,2016,1,60759.79,23219.56,1.43
Kenya,2/1/2016,2016,2,59925.73,21955.67,-3.44
Kenya,3/1/2016,2016,3,60916.03,23622.91,-0.79
Kenya,4/1/2016,2016,4,60363.59,22393.35,-6.69
Kenya,5/1/2016,2016,5,62196.26,24464.11,1.11
Kenya,6/1/2016,2016,6,63072.55,26184.06,2.53
Kenya,7/1/2016,2016,7,63793.62,27569.76,4.21
Kenya,8/1/2016,2016,8,64751.1,29190.21,9.86
Kenya,9/1/2016,2016,9,63045.46,26452.97,9.94
Kenya,10/1/2016,2016,10,62397.6,24639.22,8.93
Kenya,11/1/2016,2016,11,64349.51,26886.97,14.71
Kenya,12/1/2016,2016,12,65167.94,27022.56,18.1
Kenya,1/1/2016,2016,1,59500.88,23387.36,3.33
Kenya,2/1/2016,2016,2,59267.65,24123.63,4.23
Kenya,3/1/2016,2016,3,59879.76,24290.73,9.86
Kenya,4/1/2016,2016,4,59230.67,24050.87,-2.46
Kenya,5/1/2016,2016,5,60460.24,25109.4,-7.21
Kenya,6/1/2016,2016,6,60642.38,25886.58,-4.44
Kenya,7/1/2016,2016,7,62405.26,28194.62,5.05
Kenya,8/1/2016,2016,8,63337.03,28627.95,6.06
Kenya,9/1/2016,2016,9,63540.68,27879.66,14.48
Kenya,10/1/2016,2016,10,63543.99,27439.9,15.88
Kenya,11/1/2016,2016,11,62836.84,26895.67,7.94
Kenya,12/1/2016,2016,12,64184.21,27639.6,13.65
Kenya,1/1/2016,2016,1,64922.31,31623.47,12.94
Kenya,2/1/2016,2016,2,62527.63,31259.36,10.26
Kenya,3/1/2016,2016,3,62645.84,30662.99,9.37
Kenya,4/1/2016,2016,4,63082.76,30951.67,4.64
Kenya,5/1/2016,2016,5,62876.56,32469.29,-0.07
Kenya,6/1/2016,2016,6,62164.53,32902.17,-4.04
Kenya,7/1/2016,2016,7,62472.03,32860.16,-4.23
Kenya,8/1/2016,2016,8,63300.31,31816.5,-4.66
Kenya,9/1/2016,2016,9,63631.67,31919.82,-2.21
Kenya,10/1/2016,2016,10,64564.04,34287.44,4.36
Kenya,11/1/2016,2016,11,64627.22,33875.17,4.44
Kenya,12/1/2016,2016,12,63888.09,32453.37,0.63
Kenya,1/1/2016,2016,1,55585.81,23893.31,0.93
Kenya,2/1/2016,2016,2,55801.73,24327.11,8.01
Kenya,3/1/2016,2016,3,55027.06,23534.1,8.74
Kenya,4/1/2016,2016,4,54872.96,24294.5,-2.32
Kenya,5/1/2016,2016,5,55665.41,26084.94,-8.95
Kenya,6/1/2016,2016,6,56586.05,26151.51,-4.33
Kenya,7/1/2016,2016,7,56397.26,26574.84,-5
Kenya,8/1/2016,2016,8,58398.06,29599.8,8.44
Kenya,9/1/2016,2016,9,56934.5,26586.49,6.54
Kenya,10/1/2016,2016,10,56705.57,25594.5,3.89
Kenya,11/1/2016,2016,11,57200.76,25884.69,4.99
Kenya,12/1/2016,2016,12,57988.65,27419.49,7.82
Kenya,1/1/2016,2016,1,58220.12,26663.91,3.9
Kenya,2/1/2016,2016,2,57488.64,25862.02,0.45
Kenya,3/1/2016,2016,3,58016.96,26069.34,1.21
Kenya,4/1/2016,2016,4,59351.48,27711.96,-0.29
Kenya,5/1/2016,2016,5,60621.04,27917.87,-1.78
Kenya,6/1/2016,2016,6,62450.32,30565.76,0.09
Kenya,7/1/2016,2016,7,64306.64,32561.31,3.03
Kenya,8/1/2016,2016,8,62671.62,30714.81,-1.58
Kenya,9/1/2016,2016,9,63027.93,29614.18,6.79
Kenya,10/1/2016,2016,10,63628.4,30602.19,14.53
Kenya,11/1/2016,2016,11,65049.14,31567.96,15.8
Kenya,12/1/2016,2016,12,63388.69,30705.29,17
Kenya,1/1/2016,2016,1,56435.88,24305.17,1.77
Kenya,2/1/2016,2016,2,55694.79,24825.23,7.84
Kenya,3/1/2016,2016,3,55127.05,23047.56,5.95
Kenya,4/1/2016,2016,4,56082.69,25347.59,-0.69
Kenya,5/1/2016,2016,5,57157.77,25424.42,-7.36
Kenya,6/1/2016,2016,6,57541.19,26173.03,-1.49
Kenya,7/1/2016,2016,7,59400.42,28137.81,-1.86
Kenya,8/1/2016,2016,8,59325.65,27631.17,-0.11
Kenya,9/1/2016,2016,9,61455.19,30463.18,18.02
Kenya,10/1/2016,2016,10,59308.97,28313.7,11.2
Kenya,11/1/2016,2016,11,58960.35,27192.11,9.2
Kenya,12/1/2016,2016,12,60174.71,27502.86,10.77
Kenya,1/1/2016,2016,1,75975.69,39388.76,1.77
Kenya,2/1/2016,2016,2,75697.62,40572.85,2.17
Kenya,3/1/2016,2016,3,75297.6,38599.97,-1.23
Kenya,4/1/2016,2016,4,76977.03,40219.99,-1.05
Kenya,5/1/2016,2016,5,79050.12,40906.86,3.33
Kenya,6/1/2016,2016,6,78541.9,40449.18,0.06
Kenya,7/1/2016,2016,7,79095.52,40313.11,-0.3
Kenya,8/1/2016,2016,8,76631.79,40281.94,-2
Kenya,9/1/2016,2016,9,79443.78,40391.07,5.17
Kenya,10/1/2016,2016,10,79392.38,40347.88,1.33
Kenya,11/1/2016,2016,11,79682.05,40476.11,3.47
Kenya,12/1/2016,2016,12,79561.57,40989.92,4.76
Kenya,1/1/2016,2016,1,63365.11,34607.82,8.92
Kenya,2/1/2016,2016,2,62906.03,34452.08,12.86
Kenya,3/1/2016,2016,3,62971.86,35004.95,11.27
Kenya,4/1/2016,2016,4,62999.04,34711.71,5.31
Kenya,5/1/2016,2016,5,62493.86,34309.28,-6.16
Kenya,6/1/2016,2016,6,63167.09,34780.29,-6.13
Kenya,7/1/2016,2016,7,64212.46,37062.39,-0.2
Kenya,8/1/2016,2016,8,63593.92,35318.77,-5.89
Kenya,9/1/2016,2016,9,64219.77,35065.69,0.41
Kenya,10/1/2016,2016,10,65039.96,36181.66,2.53
Kenya,11/1/2016,2016,11,65804.5,36204.38,2.4
Kenya,12/1/2016,2016,12,65877.15,35848.22,0.09
Kenya,1/1/2016,2016,1,59742.62,31847.12,6.76
Kenya,2/1/2016,2016,2,59199.71,30794.79,3.98
Kenya,3/1/2016,2016,3,59073.34,31410.9,5.19
Kenya,4/1/2016,2016,4,59420.65,30470.79,-9.12
Kenya,5/1/2016,2016,5,60741.46,30134.2,-9.34
Kenya,6/1/2016,2016,6,63895.08,32973.68,-2.01
Kenya,7/1/2016,2016,7,64892.11,32837.98,0.13
Kenya,8/1/2016,2016,8,64123.26,28746.5,-5.21
Kenya,9/1/2016,2016,9,64799.97,29587.65,0.33
Kenya,10/1/2016,2016,10,65205.96,27839.45,2.81
Kenya,11/1/2016,2016,11,64554.11,29629.14,7.83
Kenya,12/1/2016,2016,12,63927.29,30917.42,5.45
Kenya,1/1/2016,2016,1,56508.26,27170.72,4.09
Kenya,2/1/2016,2016,2,56809.14,29350.42,10.93
Kenya,3/1/2016,2016,3,56199.73,27403.88,6.04
Kenya,4/1/2016,2016,4,54519.18,27255.04,1
Kenya,5/1/2016,2016,5,54635.44,28384.42,-5.95
Kenya,6/1/2016,2016,6,56337.13,28431.4,-8.24
Kenya,7/1/2016,2016,7,56743.26,28609.83,-10.08
Kenya,8/1/2016,2016,8,57244.03,28856.72,-8.23
Kenya,9/1/2016,2016,9,56588.77,27534.95,-4.92
Kenya,10/1/2016,2016,10,58829.31,32012.84,7.32
Kenya,11/1/2016,2016,11,59663.67,32352.96,9.94
Kenya,12/1/2016,2016,12,57994.35,28982.49,4.61
Kenya,1/1/2016,2016,1,56058.52,21894.81,2.21
Kenya,2/1/2016,2016,2,55583.61,21231.37,5.38
Kenya,3/1/2016,2016,3,55834.65,21242.33,5.89
Kenya,4/1/2016,2016,4,55954.78,21674.88,-2.82
Kenya,5/1/2016,2016,5,56567.61,21671.62,-5.86
Kenya,6/1/2016,2016,6,55996.1,21567.25,-4.9
Kenya,7/1/2016,2016,7,57002.44,22544.16,-3.58
Kenya,8/1/2016,2016,8,57721.13,23657.06,2.48
Kenya,9/1/2016,2016,9,57377.73,23105.58,5.52
Kenya,10/1/2016,2016,10,56253.07,22146.97,3.03
Kenya,11/1/2016,2016,11,57206.04,22357.19,4.16
Kenya,12/1/2016,2016,12,57955.26,23143.94,5.67
Kenya,1/1/2016,2016,1,72816.49,47798.28,12.38
Kenya,2/1/2016,2016,2,73777.8,47079.31,6.36
Kenya,3/1/2016,2016,3,69872.89,41555.42,-2.38
Kenya,4/1/2016,2016,4,73036.56,45630.71,0.94
Kenya,5/1/2016,2016,5,75080.05,48169.85,1.16
Kenya,6/1/2016,2016,6,75995.18,48279.47,0.68
Kenya,7/1/2016,2016,7,77418.87,46957.91,-1.55
Kenya,8/1/2016,2016,8,74793.29,47294.65,-1.86
Kenya,9/1/2016,2016,9,74920.16,47357.67,2.85
Kenya,10/1/2016,2016,10,78575.19,47671.58,9.17
Kenya,11/1/2016,2016,11,80414.54,46763.83,16.76
Kenya,12/1/2016,2016,12,79691.24,47423.81,10.03
Kenya,1/1/2016,2016,1,68543.61,37809.37,5.53
Kenya,2/1/2016,2016,2,68011.81,37922.82,9.9
Kenya,3/1/2016,2016,3,67639.75,37140.67,6.9
Kenya,4/1/2016,2016,4,66988.18,37226.75,0.11
Kenya,5/1/2016,2016,5,67773.01,37857.91,-1.99
Kenya,6/1/2016,2016,6,66591.5,37469.96,-2.27
Kenya,7/1/2016,2016,7,67537.67,37569.96,-1.48
Kenya,8/1/2016,2016,8,66947.56,37294.39,-2.84
Kenya,9/1/2016,2016,9,67561.9,37732.01,-1.46
Kenya,10/1/2016,2016,10,67977.57,38095.82,-0.41
Kenya,11/1/2016,2016,11,68552.67,38017.07,-1.11
Kenya,12/1/2016,2016,12,69426.36,38784.61,1.36
Kenya,1/1/2016,2016,1,59066.6,30902.58,6.11
Kenya,2/1/2016,2016,2,59353.58,31034.67,3.58
Kenya,3/1/2016,2016,3,59367.22,31834.61,6.7
Kenya,4/1/2016,2016,4,60333.34,32177.24,-0.81
Kenya,5/1/2016,2016,5,62304.16,33124.13,-0.22
Kenya,6/1/2016,2016,6,62974.35,33407.2,-2.03
Kenya,7/1/2016,2016,7,64302.23,33593.29,4.27
Kenya,8/1/2016,2016,8,63222.1,32953.74,-2.05
Kenya,9/1/2016,2016,9,63685.19,32490.06,3.7
Kenya,10/1/2016,2016,10,64495.73,33093.95,10.88
Kenya,11/1/2016,2016,11,64858.05,33554.83,14.99
Kenya,12/1/2016,2016,12,64338.13,33529.36,11.73
Kenya,1/1/2016,2016,1,65227.03,32006,2.02
Kenya,2/1/2016,2016,2,65054.5,31576.39,2.02
Kenya,3/1/2016,2016,3,64583.61,31596.16,1.38
Kenya,4/1/2016,2016,4,65721.05,32202.26,-0.86
Kenya,5/1/2016,2016,5,66820.81,33068.93,-0.22
Kenya,6/1/2016,2016,6,67430.71,32671.76,-1.1
Kenya,7/1/2016,2016,7,67109.85,33006.28,0.67
Kenya,8/1/2016,2016,8,67037.17,32878.93,-1.78
Kenya,9/1/2016,2016,9,67910.35,32526.05,2.72
Kenya,10/1/2016,2016,10,67794.87,32454.95,4.06
Kenya,11/1/2016,2016,11,69803.24,33875.37,9.01
Kenya,12/1/2016,2016,12,68913.82,33061.03,5.97
Kenya,1/1/2016,2016,1,52672.6,26276.64,3.31
Kenya,2/1/2016,2016,2,52822.17,26508.84,5.35
Kenya,3/1/2016,2016,3,51852.85,24855.51,-0.21
Kenya,4/1/2016,2016,4,53275.9,27053.83,2.22
Kenya,5/1/2016,2016,5,53483.57,26972.93,-3.22
Kenya,6/1/2016,2016,6,54390.61,28198.13,-2.3
Kenya,7/1/2016,2016,7,55560.84,28626.83,2.05
Kenya,8/1/2016,2016,8,54312.2,27521.61,-3.21
Kenya,9/1/2016,2016,9,54392.3,27768.48,7.51
Kenya,10/1/2016,2016,10,55091.66,27837.9,9.35
Kenya,11/1/2016,2016,11,55298.37,27204.88,9.85
Kenya,12/1/2016,2016,12,56040.52,28023.53,11.55
Kenya,1/1/2016,2016,1,65595.59,29965.33,9.52
Kenya,2/1/2016,2016,2,64185.35,28516.94,8.17
Kenya,3/1/2016,2016,3,64418.19,28213.52,7.38
Kenya,4/1/2016,2016,4,64353.95,29369.92,-0.21
Kenya,5/1/2016,2016,5,63980.14,29528.51,-4.71
Kenya,6/1/2016,2016,6,63735.62,30589.69,-3.98
Kenya,7/1/2016,2016,7,65263.54,30668.62,-2.38
Kenya,8/1/2016,2016,8,66142.19,31790.62,2.58
Kenya,9/1/2016,2016,9,65443.44,30776.01,3.8
Kenya,10/1/2016,2016,10,65384.59,31206.72,3.86
Kenya,11/1/2016,2016,11,65936.46,30993.59,6.09
Kenya,12/1/2016,2016,12,66729.67,31318.75,5.56
Kenya,1/1/2016,2016,1,56660.08,22170.56,-0.17
Kenya,2/1/2016,2016,2,56376.08,22182.9,4.95
Kenya,3/1/2016,2016,3,56798.3,22778.86,6.2
Kenya,4/1/2016,2016,4,56599.93,22629.02,-2.64
Kenya,5/1/2016,2016,5,57971.01,22729.33,-6.04
Kenya,6/1/2016,2016,6,56861.13,23757.11,-2.98
Kenya,7/1/2016,2016,7,57860.23,23602.16,-3.84
Kenya,8/1/2016,2016,8,57962.53,23818.56,-0.74
Kenya,9/1/2016,2016,9,57785.83,23909.46,2.97
Kenya,10/1/2016,2016,10,57764.52,24032.48,5.87
Kenya,11/1/2016,2016,11,56820.75,23584.15,4.67
Kenya,12/1/2016,2016,12,59036.08,24672.51,7.56
Kenya,1/1/2016,2016,1,58022.17,27757.91,2.53
Kenya,2/1/2016,2016,2,58005.76,28878.21,7.7
Kenya,3/1/2016,2016,3,58275.95,29629,10.51
Kenya,4/1/2016,2016,4,57944.54,28984.79,1.32
Kenya,5/1/2016,2016,5,59314.74,30047.11,0.07
Kenya,6/1/2016,2016,6,59442.54,30480.26,-0.23
Kenya,7/1/2016,2016,7,59782.52,31346.05,0.94
Kenya,8/1/2016,2016,8,60268.51,30649.82,2.51
Kenya,9/1/2016,2016,9,60407,30581.66,7.14
Kenya,10/1/2016,2016,10,59870,30591.61,9.03
Kenya,11/1/2016,2016,11,60453.88,29894.29,4.74
Kenya,12/1/2016,2016,12,60588.72,30544.82,8.81
Kenya,1/1/2016,2016,1,60425.53,27860.84,7.05
Kenya,2/1/2016,2016,2,60569.76,27744.56,7.87
Kenya,3/1/2016,2016,3,60342.67,27136.87,6.81
Kenya,4/1/2016,2016,4,60836.5,27770.5,0.2
Kenya,5/1/2016,2016,5,60451.73,27639.97,-6.61
Kenya,6/1/2016,2016,6,61361.65,28352.53,-3.69
Kenya,7/1/2016,2016,7,61898.73,28283.17,-0.98
Kenya,8/1/2016,2016,8,61924.76,29679.42,0.71
Kenya,9/1/2016,2016,9,62596.28,28424.46,4.93
Kenya,10/1/2016,2016,10,62453.82,28786.62,5.93
Kenya,11/1/2016,2016,11,61752.29,29674.51,11.54
Kenya,12/1/2016,2016,12,63494.03,29896.11,8.87
Kenya,1/1/2016,2016,1,59879.24,27163.8,4.78
Kenya,2/1/2016,2016,2,59884.07,27781.37,7.81
Kenya,3/1/2016,2016,3,59413.39,26562.28,4.23
Kenya,4/1/2016,2016,4,60189.07,28041.96,-2.63
Kenya,5/1/2016,2016,5,59869.25,27420.84,-7.67
Kenya,6/1/2016,2016,6,60944.91,28566.22,-4.32
Kenya,7/1/2016,2016,7,61803.99,28502.21,-1.74
Kenya,8/1/2016,2016,8,62898.53,30203.44,0.86
Kenya,9/1/2016,2016,9,62423.57,29374.58,4.01
Kenya,10/1/2016,2016,10,62446.26,28805.53,6.95
Kenya,11/1/2016,2016,11,61804.45,29507.2,7.34
Kenya,12/1/2016,2016,12,61071.88,28961.13,4.93
Kenya,1/1/2016,2016,1,58455.52,22283.95,5.1
Kenya,2/1/2016,2016,2,57277.77,22007.27,5.12
Kenya,3/1/2016,2016,3,56715.09,21673.93,2.48
Kenya,4/1/2016,2016,4,57734.74,21887.43,-4.91
Kenya,5/1/2016,2016,5,57689.45,21963.9,-7.57
Kenya,6/1/2016,2016,6,57698.57,21894.36,-4.89
Kenya,7/1/2016,2016,7,58620.07,23127.67,-3.33
Kenya,8/1/2016,2016,8,58684.77,24575.42,0.83
Kenya,9/1/2016,2016,9,58694.1,23909.94,6.26
Kenya,10/1/2016,2016,10,58338.52,22938.04,3.84
Kenya,11/1/2016,2016,11,59238.86,23402.94,6.94
Kenya,12/1/2016,2016,12,60160.37,24261.12,8.94
Kenya,1/1/2016,2016,1,56776.33,21390.2,1.22
Kenya,2/1/2016,2016,2,56275.6,20948.56,4.97
Kenya,3/1/2016,2016,3,56142.74,21233.63,4.97
Kenya,4/1/2016,2016,4,57079.94,21990.42,-1.81
Kenya,5/1/2016,2016,5,56620.84,21784.52,-6.79
Kenya,6/1/2016,2016,6,56931.81,22201.17,-2.88
Kenya,7/1/2016,2016,7,57422.49,22680.09,-1.86
Kenya,8/1/2016,2016,8,57676.87,23587.83,2.94
Kenya,9/1/2016,2016,9,57348.31,22438.1,5.18
Kenya,10/1/2016,2016,10,56921.67,21557.68,2.71
Kenya,11/1/2016,2016,11,57286.81,21756.21,3.3
Kenya,12/1/2016,2016,12,58117.63,22535.23,5.61
Kenya,1/1/2016,2016,1,71352.85,37591.74,9.3
Kenya,2/1/2016,2016,2,70834.37,37693.04,12.46
Kenya,3/1/2016,2016,3,70957.79,37036.92,9.43
Kenya,4/1/2016,2016,4,70282.25,37255.6,2.31
Kenya,5/1/2016,2016,5,70361.89,37157.15,-1.33
Kenya,6/1/2016,2016,6,69475.08,37427.65,-1.91
Kenya,7/1/2016,2016,7,68908.59,37419.06,-4.52
Kenya,8/1/2016,2016,8,68815.44,37258.31,-5.46
Kenya,9/1/2016,2016,9,68169.37,36936.35,-2.27
Kenya,10/1/2016,2016,10,70176.59,37937.17,-0.66
Kenya,11/1/2016,2016,11,71124.76,37789.06,-1
Kenya,12/1/2016,2016,12,71031,37668.54,-0.41
Kenya,1/1/2016,2016,1,56852,22123.31,2.24
Kenya,2/1/2016,2016,2,56594.41,21973.14,6.3
Kenya,3/1/2016,2016,3,56659.03,21296.74,5.32
Kenya,4/1/2016,2016,4,56436.46,21636.32,-3.54
Kenya,5/1/2016,2016,5,56707.12,21570.45,-5.06
Kenya,6/1/2016,2016,6,56719.21,22346.77,-2.23
Kenya,7/1/2016,2016,7,57549.61,23293.98,-1.59
Kenya,8/1/2016,2016,8,57305.73,23173.16,-0.51
Kenya,9/1/2016,2016,9,57571.05,22866.75,4.13
Kenya,10/1/2016,2016,10,57585.45,22418.62,4.86
Kenya,11/1/2016,2016,11,57002.91,22691.18,3.45
Kenya,12/1/2016,2016,12,57839.29,22121.53,2.6
Kenya,1/1/2016,2016,1,56437.03,21519.27,1.84
Kenya,2/1/2016,2016,2,56133.57,21418.65,5.62
Kenya,3/1/2016,2016,3,55778.29,21218.34,4.16
Kenya,4/1/2016,2016,4,56396.6,21969.66,-3.58
Kenya,5/1/2016,2016,5,56763.78,21348.68,-3.57
Kenya,6/1/2016,2016,6,56608.41,22617.87,-0.4
Kenya,7/1/2016,2016,7,57490.57,22531.92,-1.33
Kenya,8/1/2016,2016,8,57245.09,23285.9,-0.58
Kenya,9/1/2016,2016,9,57285.84,22835.34,4.37
Kenya,10/1/2016,2016,10,56821.94,22218.82,2.7
Kenya,11/1/2016,2016,11,56940.48,22227.77,3.26
Kenya,12/1/2016,2016,12,58353.02,23051.19,5.25
Kenya,1/1/2016,2016,1,56843.83,21771.88,2.84
Kenya,2/1/2016,2016,2,56177.13,21555.53,4.96
Kenya,3/1/2016,2016,3,56116.56,21413.38,3.97
Kenya,4/1/2016,2016,4,56155.31,21870.29,-2.3
Kenya,5/1/2016,2016,5,56537.8,21873.28,-6.73
Kenya,6/1/2016,2016,6,56829.45,22138.09,-3.37
Kenya,7/1/2016,2016,7,57532.1,23441.9,0.13
Kenya,8/1/2016,2016,8,57543.8,23779.2,0.05
Kenya,9/1/2016,2016,9,56738.16,22782.37,2.39
Kenya,10/1/2016,2016,10,57133.63,22792.3,3.41
Kenya,11/1/2016,2016,11,57237.34,22930.56,4.37
Kenya,12/1/2016,2016,12,58294.17,22928.12,4.39
Kenya,1/1/2016,2016,1,56149.42,21305.72,1.9
Kenya,2/1/2016,2016,2,55693.72,21221.8,5.55
Kenya,3/1/2016,2016,3,55627.74,21103.58,4.04
Kenya,4/1/2016,2016,4,56317.8,21535.96,-1.34
Kenya,5/1/2016,2016,5,56603.05,21573.18,-4.32
Kenya,6/1/2016,2016,6,55971.83,21793.67,-3.15
Kenya,7/1/2016,2016,7,57109.99,22084.21,-1.56
Kenya,8/1/2016,2016,8,57687.68,22870.64,-1.93
Kenya,9/1/2016,2016,9,56350.56,22259.14,2.01
Kenya,10/1/2016,2016,10,56977.69,22092.52,3.31
Kenya,11/1/2016,2016,11,56969.35,21993.5,3.38
Kenya,12/1/2016,2016,12,57935.96,22888.24,5.33
Kenya,1/1/2016,2016,1,64108.15,30378.22,11.01
Kenya,2/1/2016,2016,2,63862.95,29124.77,11.79
Kenya,3/1/2016,2016,3,63612,28116.17,8.37
Kenya,4/1/2016,2016,4,63492.96,28594.51,0.23
Kenya,5/1/2016,2016,5,63299.15,29175.71,-3.2
Kenya,6/1/2016,2016,6,63412.14,28446.22,-6.3
Kenya,7/1/2016,2016,7,64000.07,30609.7,-1.02
Kenya,8/1/2016,2016,8,64006.25,31452.22,0.05
Kenya,9/1/2016,2016,9,64472.24,31293.23,6.7
Kenya,10/1/2016,2016,10,63958.69,31131.36,6.42
Kenya,11/1/2016,2016,11,64366.38,31268.97,8.6
Kenya,12/1/2016,2016,12,64422.75,30028.69,2.73
Kenya,1/1/2017,2017,1,64493.97,33300.89,26.08
Kenya,2/1/2017,2017,2,64565.48,32258.29,23.31
Kenya,3/1/2017,2017,3,70788.52,36818.69,35.39
Kenya,4/1/2017,2017,4,74251.23,37715.84,39.6
Kenya,5/1/2017,2017,5,75964.46,38401.52,41.21
Kenya,6/1/2017,2017,6,75640.57,38157.48,37.21
Kenya,7/1/2017,2017,7,74569.58,39089.75,29.4
Kenya,8/1/2017,2017,8,67991.11,33860.65,20.58
Kenya,9/1/2017,2017,9,64382.83,30930.35,14.01
Kenya,10/1/2017,2017,10,62755.7,29076.77,11.27
Kenya,11/1/2017,2017,11,61951.36,28100.14,3.92
Kenya,12/1/2017,2017,12,59101.6,24780.29,-3.84
Kenya,1/1/2017,2017,1,60514.95,30622.39,11.05
Kenya,2/1/2017,2017,2,62521.28,35788.38,23.64
Kenya,3/1/2017,2017,3,65624.06,40610.17,35.05
Kenya,4/1/2017,2017,4,68606.47,44380.68,43.38
Kenya,5/1/2017,2017,5,71037.6,46236.32,45.62
Kenya,6/1/2017,2017,6,73684.19,48479.35,46.39
Kenya,7/1/2017,2017,7,67672.33,40218.83,25.27
Kenya,8/1/2017,2017,8,65308.9,39528.31,26.29
Kenya,9/1/2017,2017,9,63763.83,36479.98,21.62
Kenya,10/1/2017,2017,10,60838.21,30390.03,5.6
Kenya,11/1/2017,2017,11,59875.71,29164.18,3.41
Kenya,12/1/2017,2017,12,58012.48,28315.7,-2.82
Kenya,1/1/2017,2017,1,59383.39,27712.32,13.85
Kenya,2/1/2017,2017,2,59492.83,27319.42,14.45
Kenya,3/1/2017,2017,3,61821.9,28278.58,18.81
Kenya,4/1/2017,2017,4,64374.14,31493.12,27.22
Kenya,5/1/2017,2017,5,64797.99,31337.52,24.96
Kenya,6/1/2017,2017,6,63517.67,30300.17,21.11
Kenya,7/1/2017,2017,7,61988.94,30323.4,19.51
Kenya,8/1/2017,2017,8,60745.25,27532.83,10.15
Kenya,9/1/2017,2017,9,59269,24771.03,3.75
Kenya,10/1/2017,2017,10,58345.62,22896.04,2.68
Kenya,11/1/2017,2017,11,57709.41,23310.04,1.72
Kenya,12/1/2017,2017,12,56890.75,21710.65,-3.53
Kenya,1/1/2017,2017,1,58872.38,31020.76,14.85
Kenya,2/1/2017,2017,2,60656.66,35547.69,22.41
Kenya,3/1/2017,2017,3,62541.55,37276.5,28.96
Kenya,4/1/2017,2017,4,64609.99,42339.46,41.15
Kenya,5/1/2017,2017,5,70404.03,48720.7,48.81
Kenya,6/1/2017,2017,6,66052.82,42673.87,33.35
Kenya,7/1/2017,2017,7,63932.27,38928.42,19.84
Kenya,8/1/2017,2017,8,61421.91,34697.88,16.79
Kenya,9/1/2017,2017,9,61390.48,34326.26,16.29
Kenya,10/1/2017,2017,10,58757.85,30252.96,5.84
Kenya,11/1/2017,2017,11,58596.52,30348.68,4.71
Kenya,12/1/2017,2017,12,56828.02,28461.8,-2.74
Kenya,1/1/2017,2017,1,62765.95,35313.48,15.48
Kenya,2/1/2017,2017,2,63629.79,35982.03,20.85
Kenya,3/1/2017,2017,3,64920.34,36161.78,23.31
Kenya,4/1/2017,2017,4,65648.61,38441.38,26.17
Kenya,5/1/2017,2017,5,68037.56,40172.55,28.98
Kenya,6/1/2017,2017,6,67419.47,44291.33,31.66
Kenya,7/1/2017,2017,7,66127.04,39872.36,22.19
Kenya,8/1/2017,2017,8,63352.19,34548.88,10.53
Kenya,9/1/2017,2017,9,61568.08,32910.53,7.44
Kenya,10/1/2017,2017,10,61310.62,32634.46,8.24
Kenya,11/1/2017,2017,11,60027.63,30303.52,3.79
Kenya,12/1/2017,2017,12,58626.02,27911.23,-8.28
Kenya,1/1/2017,2017,1,72571.32,38834.74,17.17
Kenya,2/1/2017,2017,2,74441.63,42217.09,19.74
Kenya,3/1/2017,2017,3,75440.91,45776.98,31.47
Kenya,4/1/2017,2017,4,79278.2,48615.44,32.47
Kenya,5/1/2017,2017,5,80281.27,48556.61,30.57
Kenya,6/1/2017,2017,6,81810.13,48518.26,28.33
Kenya,7/1/2017,2017,7,77623.73,45154.46,19.68
Kenya,8/1/2017,2017,8,76045.75,41270.91,15.61
Kenya,9/1/2017,2017,9,75647.29,41511.77,13.71
Kenya,10/1/2017,2017,10,73858.08,37435.12,8.6
Kenya,11/1/2017,2017,11,71443.88,35930.66,2.29
Kenya,12/1/2017,2017,12,69267.94,34258.63,-3.34
Kenya,1/1/2017,2017,1,57559.13,26408.86,12.62
Kenya,2/1/2017,2017,2,57741.89,26702.43,14.11
Kenya,3/1/2017,2017,3,58918.06,27945.6,18.41
Kenya,4/1/2017,2017,4,62423.13,32797.13,31.73
Kenya,5/1/2017,2017,5,62918.04,32696.15,31.28
Kenya,6/1/2017,2017,6,61279,32743.29,28.03
Kenya,7/1/2017,2017,7,61130.89,30816.2,19.44
Kenya,8/1/2017,2017,8,57852.85,26479.89,8.02
Kenya,9/1/2017,2017,9,56739.4,24741.75,3.86
Kenya,10/1/2017,2017,10,56390.93,23968.06,2.57
Kenya,11/1/2017,2017,11,54685.39,22836.77,0.82
Kenya,12/1/2017,2017,12,54140.35,21709.06,-4.92
Kenya,1/1/2017,2017,1,71458.52,40150.2,10.9
Kenya,2/1/2017,2017,2,74235.83,42825.37,16.76
Kenya,3/1/2017,2017,3,76645.37,44101.07,21.94
Kenya,4/1/2017,2017,4,79342.67,47200.8,27.43
Kenya,5/1/2017,2017,5,81616.1,45846.04,24.55
Kenya,6/1/2017,2017,6,81698.02,45306,22.92
Kenya,7/1/2017,2017,7,77748.12,45050.65,19.54
Kenya,8/1/2017,2017,8,76283.09,43993.3,16.3
Kenya,9/1/2017,2017,9,74287.04,42076.24,11.5
Kenya,10/1/2017,2017,10,71025.77,39469.11,4.29
Kenya,11/1/2017,2017,11,69838.96,38991.14,0.87
Kenya,12/1/2017,2017,12,68934.38,38630.41,-0.77
Kenya,1/1/2017,2017,1,62651.11,35404.55,19.68
Kenya,2/1/2017,2017,2,61909.12,34715.06,19.71
Kenya,3/1/2017,2017,3,63207.43,36472.33,24.09
Kenya,4/1/2017,2017,4,66261.07,42184.51,37.18
Kenya,5/1/2017,2017,5,70099.89,49047.74,50.87
Kenya,6/1/2017,2017,6,65885.91,42700.92,31.27
Kenya,7/1/2017,2017,7,64901,38258.02,23.15
Kenya,8/1/2017,2017,8,62614.57,35805.29,13.56
Kenya,9/1/2017,2017,9,60064.89,31360.99,5.84
Kenya,10/1/2017,2017,10,59622.24,30309.82,5.57
Kenya,11/1/2017,2017,11,59026.87,27713.65,-0.44
Kenya,12/1/2017,2017,12,57862.2,25695.42,-7.29
Kenya,1/1/2017,2017,1,67373.68,33228.26,14.74
Kenya,2/1/2017,2017,2,68640.9,33519.68,14.68
Kenya,3/1/2017,2017,3,71714.64,36182.56,23.89
Kenya,4/1/2017,2017,4,75940.21,35161.07,22.24
Kenya,5/1/2017,2017,5,77434.81,35542.65,23.69
Kenya,6/1/2017,2017,6,75301.3,35773.22,21.59
Kenya,7/1/2017,2017,7,75833.59,36347.15,21.28
Kenya,8/1/2017,2017,8,71382.51,35052.42,17.55
Kenya,9/1/2017,2017,9,70581.61,33732.65,11.38
Kenya,10/1/2017,2017,10,68698.91,33274.83,10.87
Kenya,11/1/2017,2017,11,65975.81,30386.59,2.59
Kenya,12/1/2017,2017,12,64518.99,30042.37,-0.79
Kenya,1/1/2017,2017,1,68846.02,33629.11,8.18
Kenya,2/1/2017,2017,2,70606.61,34968.93,15.96
Kenya,3/1/2017,2017,3,75413.88,37701,26.61
Kenya,4/1/2017,2017,4,76117.84,38567.49,26.24
Kenya,5/1/2017,2017,5,75722.63,38579.41,25.53
Kenya,6/1/2017,2017,6,75039.09,38690.24,22.27
Kenya,7/1/2017,2017,7,73670.01,37819.63,19.63
Kenya,8/1/2017,2017,8,71043.81,35038.9,9.61
Kenya,9/1/2017,2017,9,68763.27,32675.6,6.96
Kenya,10/1/2017,2017,10,67714.49,30989.28,3.28
Kenya,11/1/2017,2017,11,67741.36,31128.23,0.36
Kenya,12/1/2017,2017,12,67701.38,30445.6,0.36
Kenya,1/1/2017,2017,1,62125.15,31141.11,17.51
Kenya,2/1/2017,2017,2,61817.17,31201.61,18.75
Kenya,3/1/2017,2017,3,64706.15,37935.41,34.82
Kenya,4/1/2017,2017,4,68172.5,46077.06,53.23
Kenya,5/1/2017,2017,5,64862.39,39128.37,31.26
Kenya,6/1/2017,2017,6,65287.74,39674.43,30.58
Kenya,7/1/2017,2017,7,67164.38,42531.81,36.43
Kenya,8/1/2017,2017,8,62254.45,34450.85,14.69
Kenya,9/1/2017,2017,9,59999.59,28276.66,3.9
Kenya,10/1/2017,2017,10,59262.51,26828.95,1.26
Kenya,11/1/2017,2017,11,58223.51,26045.44,0.51
Kenya,12/1/2017,2017,12,57255.88,24619.64,-6.44
Kenya,1/1/2017,2017,1,66037.26,36941.18,22.02
Kenya,2/1/2017,2017,2,65603.75,36769.31,21.04
Kenya,3/1/2017,2017,3,69032.52,42772.4,34.46
Kenya,4/1/2017,2017,4,71408.75,44219.46,37.52
Kenya,5/1/2017,2017,5,71684.69,44465.78,35.71
Kenya,6/1/2017,2017,6,71503.13,44982.35,36.67
Kenya,7/1/2017,2017,7,68786.19,41311.24,23.51
Kenya,8/1/2017,2017,8,67127.98,36755.56,14.21
Kenya,9/1/2017,2017,9,62671.13,33038.24,5.32
Kenya,10/1/2017,2017,10,62306.98,32847.71,7.25
Kenya,11/1/2017,2017,11,61110.52,30539.08,2.26
Kenya,12/1/2017,2017,12,59960.13,28523.81,-3.5
Kenya,1/1/2017,2017,1,67326.02,36724.96,7.86
Kenya,2/1/2017,2017,2,70600.28,38640.63,13.41
Kenya,3/1/2017,2017,3,73880.68,40447.88,22.07
Kenya,4/1/2017,2017,4,77668.24,39212.16,21.48
Kenya,5/1/2017,2017,5,78835.72,40437.38,19.52
Kenya,6/1/2017,2017,6,80951.82,40514.4,22.71
Kenya,7/1/2017,2017,7,75359.2,41241.25,15.08
Kenya,8/1/2017,2017,8,72634.03,39193.2,11.19
Kenya,9/1/2017,2017,9,70933.85,38454.78,9.39
Kenya,10/1/2017,2017,10,68338.74,37493.37,5.36
Kenya,11/1/2017,2017,11,66276.25,36415.02,1.57
Kenya,12/1/2017,2017,12,64595.76,34607.69,-1.74
Kenya,1/1/2017,2017,1,70867.77,37988.37,14.34
Kenya,2/1/2017,2017,2,73618.15,38120.32,13.69
Kenya,3/1/2017,2017,3,75937.65,39168.33,18.81
Kenya,4/1/2017,2017,4,79790.01,39380.16,20.68
Kenya,5/1/2017,2017,5,82442.93,39395.01,19.68
Kenya,6/1/2017,2017,6,82039.42,40490.95,20.82
Kenya,7/1/2017,2017,7,77140.76,39992.17,14.11
Kenya,8/1/2017,2017,8,74524.86,38209.02,11.72
Kenya,9/1/2017,2017,9,74167.66,38146.45,10.97
Kenya,10/1/2017,2017,10,71319.17,38107.96,8.38
Kenya,11/1/2017,2017,11,70155.08,37751,3.63
Kenya,12/1/2017,2017,12,67847.38,36617.24,1.77
Kenya,1/1/2017,2017,1,61298.37,28199.29,16.52
Kenya,2/1/2017,2017,2,64373.17,30656.9,26.28
Kenya,3/1/2017,2017,3,69534.06,35927.28,39
Kenya,4/1/2017,2017,4,71665.91,36413.03,43.51
Kenya,5/1/2017,2017,5,73596.24,38331.33,47.81
Kenya,6/1/2017,2017,6,73950.8,38774.36,43.97
Kenya,7/1/2017,2017,7,72687.82,36113.21,36.91
Kenya,8/1/2017,2017,8,67282.51,31679.17,22.64
Kenya,9/1/2017,2017,9,63432.11,28038.05,13.3
Kenya,10/1/2017,2017,10,61078.92,26649.28,7.47
Kenya,11/1/2017,2017,11,61671.09,26306.2,6.13
Kenya,12/1/2017,2017,12,58969.67,24365.74,0.38
Kenya,1/1/2017,2017,1,67450.98,35827.26,15.11
Kenya,2/1/2017,2017,2,69433.13,39089.84,19.89
Kenya,3/1/2017,2017,3,71558.81,41460.43,28.96
Kenya,4/1/2017,2017,4,75999.3,44832.71,34.34
Kenya,5/1/2017,2017,5,77531.3,43586.75,30.32
Kenya,6/1/2017,2017,6,79425.96,44514.64,30.43
Kenya,7/1/2017,2017,7,75064.46,42169.96,20.55
Kenya,8/1/2017,2017,8,72173.25,39446.79,17.7
Kenya,9/1/2017,2017,9,71492.82,38793.97,15.94
Kenya,10/1/2017,2017,10,68512.14,36588.65,4.46
Kenya,11/1/2017,2017,11,66364.94,33821.74,0.08
Kenya,12/1/2017,2017,12,63133.97,32663.99,-2.71
Kenya,1/1/2017,2017,1,70162.96,37575.51,13.26
Kenya,2/1/2017,2017,2,71797.02,39388.13,17.29
Kenya,3/1/2017,2017,3,74635.52,41842.89,23.26
Kenya,4/1/2017,2017,4,79533.53,44110.84,28.34
Kenya,5/1/2017,2017,5,80654.61,43596.12,27.7
Kenya,6/1/2017,2017,6,81210.63,41596.39,22.42
Kenya,7/1/2017,2017,7,78117.61,44184.41,23.72
Kenya,8/1/2017,2017,8,73416.19,39525.81,13.9
Kenya,9/1/2017,2017,9,72023.69,39092.06,11.92
Kenya,10/1/2017,2017,10,70203.82,37737.06,8.65
Kenya,11/1/2017,2017,11,69036.58,36354.85,2.14
Kenya,12/1/2017,2017,12,68010.59,35249.88,0.37
Kenya,1/1/2017,2017,1,64283.99,30330.88,19.86
Kenya,2/1/2017,2017,2,65528.14,31545.4,25.28
Kenya,3/1/2017,2017,3,68594.81,34204.76,32
Kenya,4/1/2017,2017,4,74170.11,37738.36,42.78
Kenya,5/1/2017,2017,5,75317.51,38505.94,41.34
Kenya,6/1/2017,2017,6,74537.96,38398.89,39.28
Kenya,7/1/2017,2017,7,72972.26,34741.63,27.52
Kenya,8/1/2017,2017,8,66282.86,30416.03,9.63
Kenya,9/1/2017,2017,9,64096.11,28830.9,9.57
Kenya,10/1/2017,2017,10,61699.01,28217.62,9.52
Kenya,11/1/2017,2017,11,59362.27,25314.56,2.37
Kenya,12/1/2017,2017,12,58156.85,24816.61,-4.13
Kenya,1/1/2017,2017,1,66873.91,35610.35,12.64
Kenya,2/1/2017,2017,2,68247.03,38648.75,17.45
Kenya,3/1/2017,2017,3,71577.94,42527.75,29.17
Kenya,4/1/2017,2017,4,75090.96,44112.36,33.79
Kenya,5/1/2017,2017,5,77860.73,44161.32,30.79
Kenya,6/1/2017,2017,6,78793.59,44297.75,28.2
Kenya,7/1/2017,2017,7,73278.04,41335.51,15.96
Kenya,8/1/2017,2017,8,70634.64,38867,12.41
Kenya,9/1/2017,2017,9,70420.95,38743.45,13.07
Kenya,10/1/2017,2017,10,67743.66,36263.92,10.14
Kenya,11/1/2017,2017,11,65596.3,34222.85,1.5
Kenya,12/1/2017,2017,12,63342.85,32938.01,-2.56
Kenya,1/1/2017,2017,1,64265.85,32321.59,18.54
Kenya,2/1/2017,2017,2,64028.45,32901.8,20.38
Kenya,3/1/2017,2017,3,65227.58,35710.79,28.19
Kenya,4/1/2017,2017,4,69270.87,39206.86,33.55
Kenya,5/1/2017,2017,5,69243.54,40057.81,35.64
Kenya,6/1/2017,2017,6,67511.18,39322.9,29.99
Kenya,7/1/2017,2017,7,66313.63,35433.85,19.48
Kenya,8/1/2017,2017,8,64090.6,32968.64,12.12
Kenya,9/1/2017,2017,9,61637.35,27627.75,2.61
Kenya,10/1/2017,2017,10,61298.69,27038.19,3.39
Kenya,11/1/2017,2017,11,59715.65,25708.53,-1.37
Kenya,12/1/2017,2017,12,58746.85,25014.2,-5.79
Kenya,1/1/2017,2017,1,60502.6,25371.43,7.74
Kenya,2/1/2017,2017,2,64120.28,28520.88,19.68
Kenya,3/1/2017,2017,3,67277.71,33003.4,29.5
Kenya,4/1/2017,2017,4,69613.88,34529.3,33.64
Kenya,5/1/2017,2017,5,73469.48,38694.19,44.63
Kenya,6/1/2017,2017,6,73850.29,40492.17,44.84
Kenya,7/1/2017,2017,7,72412.5,37559.28,41.14
Kenya,8/1/2017,2017,8,65797.75,31324.47,21.98
Kenya,9/1/2017,2017,9,63690.21,28778.76,14.54
Kenya,10/1/2017,2017,10,60270.19,25242.42,5.34
Kenya,11/1/2017,2017,11,62210.69,26528.48,9.68
Kenya,12/1/2017,2017,12,60873.82,25736.34,6.88
Kenya,1/1/2017,2017,1,61195.44,31487.57,16.78
Kenya,2/1/2017,2017,2,61232.84,31925.49,20.74
Kenya,3/1/2017,2017,3,62872.84,31993.89,22.62
Kenya,4/1/2017,2017,4,66662.05,38633.21,35.73
Kenya,5/1/2017,2017,5,66913.8,39524.09,36.06
Kenya,6/1/2017,2017,6,65154.59,36237.19,26.8
Kenya,7/1/2017,2017,7,65135.87,34977.11,23.43
Kenya,8/1/2017,2017,8,62801.84,30922.19,10.99
Kenya,9/1/2017,2017,9,60166.18,26633.2,3.54
Kenya,10/1/2017,2017,10,59458.82,26383.76,3.57
Kenya,11/1/2017,2017,11,57779.98,24418.24,-2.8
Kenya,12/1/2017,2017,12,57164.19,24710.3,-5.83
Kenya,1/1/2017,2017,1,71169.52,35158.24,16.95
Kenya,2/1/2017,2017,2,71725.88,35647.36,19.05
Kenya,3/1/2017,2017,3,75810.92,36696.51,21.16
Kenya,4/1/2017,2017,4,77524.26,37753.01,23.24
Kenya,5/1/2017,2017,5,78500.5,37228.22,20.49
Kenya,6/1/2017,2017,6,77543.96,38049.85,19.2
Kenya,7/1/2017,2017,7,76252.6,37358.56,16.27
Kenya,8/1/2017,2017,8,73155.32,35939.59,12.86
Kenya,9/1/2017,2017,9,70373.46,33915.5,5.5
Kenya,10/1/2017,2017,10,70063.91,33802.58,4.34
Kenya,11/1/2017,2017,11,69785.87,33057.36,4.21
Kenya,12/1/2017,2017,12,69094.57,31917.98,1.71
Kenya,1/1/2017,2017,1,70906.62,35940.11,21.93
Kenya,2/1/2017,2017,2,72545.63,39409.04,25.12
Kenya,3/1/2017,2017,3,72886.92,39759.32,30.27
Kenya,4/1/2017,2017,4,77094.41,38777.71,29.16
Kenya,5/1/2017,2017,5,78161.04,41499.66,28.33
Kenya,6/1/2017,2017,6,79145.26,42093.67,25.23
Kenya,7/1/2017,2017,7,73997.49,38714.02,15.85
Kenya,8/1/2017,2017,8,74481.66,38196.88,20.13
Kenya,9/1/2017,2017,9,72478.73,36514.52,12.98
Kenya,10/1/2017,2017,10,70550.99,34478.06,9.82
Kenya,11/1/2017,2017,11,68908.04,32937.58,3.5
Kenya,12/1/2017,2017,12,65667.63,32047.26,0.85
Kenya,1/1/2017,2017,1,87837.56,51780.23,10
Kenya,2/1/2017,2017,2,89348.88,51277.32,9.03
Kenya,3/1/2017,2017,3,90971.78,47242.79,10.12
Kenya,4/1/2017,2017,4,91835.9,47275.42,5.86
Kenya,5/1/2017,2017,5,92414.49,45469.97,5.03
Kenya,6/1/2017,2017,6,93199.39,46526.46,5.44
Kenya,7/1/2017,2017,7,92642.69,49291.29,7.62
Kenya,8/1/2017,2017,8,88311,48602.41,4.57
Kenya,9/1/2017,2017,9,89199.48,47449.65,3.94
Kenya,10/1/2017,2017,10,89707.57,51677.49,9.65
Kenya,11/1/2017,2017,11,85297.44,50871.51,5.09
Kenya,12/1/2017,2017,12,83466.66,49187.79,-2.17
Kenya,1/1/2017,2017,1,76687.95,46115.32,21.85
Kenya,2/1/2017,2017,2,78055.7,46860.12,18.43
Kenya,3/1/2017,2017,3,81096.84,41710.3,20.77
Kenya,4/1/2017,2017,4,85311.36,42254.35,19.23
Kenya,5/1/2017,2017,5,89805.92,44263.79,16.26
Kenya,6/1/2017,2017,6,87886.35,44467.31,14.63
Kenya,7/1/2017,2017,7,81054.87,42752.64,8.33
Kenya,8/1/2017,2017,8,79865.99,44224.85,9.21
Kenya,9/1/2017,2017,9,78689.22,43352.88,5.68
Kenya,10/1/2017,2017,10,77101.65,45675.54,9.68
Kenya,11/1/2017,2017,11,75132.14,44550.58,2.64
Kenya,12/1/2017,2017,12,73280.86,42373.76,-1.58
Kenya,1/1/2017,2017,1,83409.83,50456.13,10.36
Kenya,2/1/2017,2017,2,87664.18,48819.76,15.12
Kenya,3/1/2017,2017,3,90636.58,46103.27,15.4
Kenya,4/1/2017,2017,4,92534.03,46669.46,9
Kenya,5/1/2017,2017,5,91301.59,48381.03,9.95
Kenya,6/1/2017,2017,6,93162.76,47392.14,9.51
Kenya,7/1/2017,2017,7,92107.12,48569.93,9.79
Kenya,8/1/2017,2017,8,88107.83,47670.76,6.65
Kenya,9/1/2017,2017,9,87960.07,50391.16,9.67
Kenya,10/1/2017,2017,10,83300.54,49441.76,5.67
Kenya,11/1/2017,2017,11,81360.75,49545.46,4.12
Kenya,12/1/2017,2017,12,76494.19,48738.47,-2.11
Kenya,1/1/2017,2017,1,60287.46,33017.26,17.97
Kenya,2/1/2017,2017,2,59745.06,32890.55,18.35
Kenya,3/1/2017,2017,3,61461.42,32848.95,21.45
Kenya,4/1/2017,2017,4,64863.86,39055.4,33.81
Kenya,5/1/2017,2017,5,65272.96,40037.25,33.04
Kenya,6/1/2017,2017,6,64527.36,38179.04,27.75
Kenya,7/1/2017,2017,7,63967.03,36501.99,22.26
Kenya,8/1/2017,2017,8,60059.33,31835.31,9.28
Kenya,9/1/2017,2017,9,58540.51,28042.14,3.28
Kenya,10/1/2017,2017,10,58198.17,28321.82,5.64
Kenya,11/1/2017,2017,11,55773.92,26063.63,-1.32
Kenya,12/1/2017,2017,12,55747.85,25095.2,-7.17
Kenya,1/1/2017,2017,1,62130.12,33068.55,1.93
Kenya,2/1/2017,2017,2,66370.48,39653.82,16.01
Kenya,3/1/2017,2017,3,68183.28,41801.85,25.69
Kenya,4/1/2017,2017,4,69500.62,44136.35,22.96
Kenya,5/1/2017,2017,5,71315.7,45256.55,29.28
Kenya,6/1/2017,2017,6,74106.36,49512.48,36.17
Kenya,7/1/2017,2017,7,74490.94,49580.96,33.1
Kenya,8/1/2017,2017,8,67402.11,41775.59,22.58
Kenya,9/1/2017,2017,9,65664.44,38972.29,17.67
Kenya,10/1/2017,2017,10,62307.44,36179.78,2.67
Kenya,11/1/2017,2017,11,64493.42,38011.4,8.02
Kenya,12/1/2017,2017,12,65188.51,38745.58,11.79
Kenya,1/1/2017,2017,1,70241.6,37253.48,17.65
Kenya,2/1/2017,2017,2,72659.03,40666.23,23.22
Kenya,3/1/2017,2017,3,73959.04,39685.68,24.55
Kenya,4/1/2017,2017,4,76621.91,41656.52,26.33
Kenya,5/1/2017,2017,5,78430.04,39943.53,21.78
Kenya,6/1/2017,2017,6,79286.92,38484.54,18.28
Kenya,7/1/2017,2017,7,75143.04,40950.39,18.47
Kenya,8/1/2017,2017,8,74227.3,39696.56,15.61
Kenya,9/1/2017,2017,9,73304.22,37352.68,11
Kenya,10/1/2017,2017,10,69768.89,35281.48,4.35
Kenya,11/1/2017,2017,11,68579.95,35541.13,2.35
Kenya,12/1/2017,2017,12,67704.05,34841.62,0.25
Kenya,1/1/2017,2017,1,60312.71,32383.02,20.73
Kenya,2/1/2017,2017,2,59612.85,31877.13,17.89
Kenya,3/1/2017,2017,3,64601.38,39013.63,40.18
Kenya,4/1/2017,2017,4,66481.79,41013.84,43.61
Kenya,5/1/2017,2017,5,66977.94,42715.26,45.05
Kenya,6/1/2017,2017,6,64423.97,39007.74,33.43
Kenya,7/1/2017,2017,7,64023.7,37473.02,27.36
Kenya,8/1/2017,2017,8,61090.66,33164.27,14.93
Kenya,9/1/2017,2017,9,58562.88,28339.01,4.87
Kenya,10/1/2017,2017,10,57470.85,27390.36,2.87
Kenya,11/1/2017,2017,11,55946.38,25487.52,-1.45
Kenya,12/1/2017,2017,12,55115.75,23755.21,-5.82
Kenya,1/1/2017,2017,1,59533.65,32453.02,20.64
Kenya,2/1/2017,2017,2,59512.65,31730.73,19.87
Kenya,3/1/2017,2017,3,64995.46,35492.21,30.67
Kenya,4/1/2017,2017,4,66187,39636.54,38.95
Kenya,5/1/2017,2017,5,66666.06,41579.96,40.79
Kenya,6/1/2017,2017,6,65227.02,39044.37,33.31
Kenya,7/1/2017,2017,7,64168.53,37578.75,29.73
Kenya,8/1/2017,2017,8,61589.62,32901.29,16.54
Kenya,9/1/2017,2017,9,57872.17,27074.49,1.81
Kenya,10/1/2017,2017,10,57747.07,27254.95,3.48
Kenya,11/1/2017,2017,11,56420.45,26608.6,0.27
Kenya,12/1/2017,2017,12,55626.61,24958.81,-5.94
Kenya,1/1/2017,2017,1,66201.86,33602.59,11.39
Kenya,2/1/2017,2017,2,66641.8,34181.87,15.77
Kenya,3/1/2017,2017,3,71521.53,37567.23,25.67
Kenya,4/1/2017,2017,4,72287.81,37486.77,25.75
Kenya,5/1/2017,2017,5,72951.14,37145.75,24.58
Kenya,6/1/2017,2017,6,71231.96,37594.26,22.45
Kenya,7/1/2017,2017,7,69478.49,36786.26,18.76
Kenya,8/1/2017,2017,8,66533.77,33737.1,6.32
Kenya,9/1/2017,2017,9,63778.78,31019.06,1.2
Kenya,10/1/2017,2017,10,65517.65,31214.11,3.88
Kenya,11/1/2017,2017,11,64727.05,30458.74,1.22
Kenya,12/1/2017,2017,12,63185.18,29521.64,-3.45
Kenya,1/1/2017,2017,1,65208.29,34536.72,16.11
Kenya,2/1/2017,2017,2,64667.67,35300.6,20.61
Kenya,3/1/2017,2017,3,66827.13,39478.8,29.04
Kenya,4/1/2017,2017,4,72446.15,48584.89,52.3
Kenya,5/1/2017,2017,5,73643.38,50804.5,51.63
Kenya,6/1/2017,2017,6,71962.25,48682.34,47.68
Kenya,7/1/2017,2017,7,67789.32,39579.93,25.97
Kenya,8/1/2017,2017,8,65270.06,36042.47,8.11
Kenya,9/1/2017,2017,9,62830.27,30598.29,4.28
Kenya,10/1/2017,2017,10,62465.1,31376.12,7.33
Kenya,11/1/2017,2017,11,60211.8,28787.95,1.03
Kenya,12/1/2017,2017,12,60017.67,28041.38,-5.52
Kenya,1/1/2017,2017,1,62464.21,33269.46,23.66
Kenya,2/1/2017,2017,2,60750.63,31100.23,20.25
Kenya,3/1/2017,2017,3,65355.04,37798.08,38.3
Kenya,4/1/2017,2017,4,67606.46,40142.76,37.25
Kenya,5/1/2017,2017,5,68128.67,40646.69,38.3
Kenya,6/1/2017,2017,6,66713.54,39955.19,35.17
Kenya,7/1/2017,2017,7,64741.25,34006.36,20.93
Kenya,8/1/2017,2017,8,62425.2,32727,11.34
Kenya,9/1/2017,2017,9,60709.6,29087.19,6.05
Kenya,10/1/2017,2017,10,59777.77,27597.39,4.4
Kenya,11/1/2017,2017,11,57907.71,26275.92,3.62
Kenya,12/1/2017,2017,12,56899.83,24602.24,-7.1
Kenya,1/1/2017,2017,1,80659,31765,17.63
Kenya,2/1/2017,2017,2,82233,38551,24.77
Kenya,3/1/2017,2017,3,87417,38606,33.86
Kenya,4/1/2017,2017,4,92525,46415,45.92
Kenya,5/1/2017,2017,5,89505,46081,43.4
Kenya,6/1/2017,2017,6,75188,48392,37.05
Kenya,7/1/2017,2017,7,78012,38145,24.78
Kenya,8/1/2017,2017,8,82512,37714,46.79
Kenya,9/1/2017,2017,9,84967,36281,49.25
Kenya,10/1/2017,2017,10,82876,31186,25.29
Kenya,11/1/2017,2017,11,83234,29992,18.39
Kenya,12/1/2017,2017,12,90914,27745,13.7
Kenya,1/1/2017,2017,1,64141.62,32340.03,18.2
Kenya,2/1/2017,2017,2,63834.13,32141.21,17.11
Kenya,3/1/2017,2017,3,66975.37,36599.92,30.07
Kenya,4/1/2017,2017,4,68356.44,35860.98,25.23
Kenya,5/1/2017,2017,5,68716.47,36658.75,25.13
Kenya,6/1/2017,2017,6,68341.46,35807.32,23.9
Kenya,7/1/2017,2017,7,67017.28,33227.39,16.83
Kenya,8/1/2017,2017,8,64425.78,31577.36,9.02
Kenya,9/1/2017,2017,9,62998.15,30188.49,7.05
Kenya,10/1/2017,2017,10,62203.69,29861.35,6.15
Kenya,11/1/2017,2017,11,59980.69,27720.01,1.51
Kenya,12/1/2017,2017,12,59188.39,26228.68,-4.49
Kenya,1/1/2017,2017,1,64609.87,31226.94,13.44
Kenya,2/1/2017,2017,2,63271.63,30234.65,10.63
Kenya,3/1/2017,2017,3,64914.1,30852.17,16.19
Kenya,4/1/2017,2017,4,67875.7,33739.66,21.41
Kenya,5/1/2017,2017,5,68239.75,33797.38,19.96
Kenya,6/1/2017,2017,6,66765.57,32493.12,16.19
Kenya,7/1/2017,2017,7,67032.84,31797.02,12.96
Kenya,8/1/2017,2017,8,64881.33,30968.89,8.36
Kenya,9/1/2017,2017,9,62320.05,27984.21,1.49
Kenya,10/1/2017,2017,10,62508.39,27916.29,4.35
Kenya,11/1/2017,2017,11,61483.24,27321,1.33
Kenya,12/1/2017,2017,12,60705.3,25854.26,-3.09
Kenya,1/1/2017,2017,1,68360.85,37082.31,2.71
Kenya,2/1/2017,2017,2,71938.07,39993.84,10.76
Kenya,3/1/2017,2017,3,73863.32,41963,13.35
Kenya,4/1/2017,2017,4,73498.22,41956.87,13.58
Kenya,5/1/2017,2017,5,75165.16,42969.56,16.84
Kenya,6/1/2017,2017,6,75399.41,44165.61,18.72
Kenya,7/1/2017,2017,7,75525.2,43791.69,17.66
Kenya,8/1/2017,2017,8,72102.67,40540.25,11.14
Kenya,9/1/2017,2017,9,70482.17,38404.19,7.13
Kenya,10/1/2017,2017,10,69461.62,37316.89,3.6
Kenya,11/1/2017,2017,11,70745.61,38766.88,6.75
Kenya,12/1/2017,2017,12,71703.85,38375.83,6.51
Kenya,1/1/2017,2017,1,60181.73,26562.24,14.02
Kenya,2/1/2017,2017,2,59689.63,26737.58,14.39
Kenya,3/1/2017,2017,3,61486.02,27926.17,18.78
Kenya,4/1/2017,2017,4,63718.32,30658.51,25.62
Kenya,5/1/2017,2017,5,64630.53,30540.42,26.64
Kenya,6/1/2017,2017,6,61912.86,29387.16,19.44
Kenya,7/1/2017,2017,7,61735.85,28653.89,16.91
Kenya,8/1/2017,2017,8,60138.85,26224.81,7.78
Kenya,9/1/2017,2017,9,58536.55,22663.45,2.28
Kenya,10/1/2017,2017,10,58706.01,22734.55,3.38
Kenya,11/1/2017,2017,11,57252.65,22658.25,1.28
Kenya,12/1/2017,2017,12,56683.55,21529.67,-2.83
Kenya,1/1/2017,2017,1,69383.49,36967.17,10.11
Kenya,2/1/2017,2017,2,71743.33,39499.68,16.22
Kenya,3/1/2017,2017,3,73415.91,41450.29,21.69
Kenya,4/1/2017,2017,4,79438.82,43682.78,27.31
Kenya,5/1/2017,2017,5,81430.5,41524.79,21.38
Kenya,6/1/2017,2017,6,81367.59,43247.01,24.34
Kenya,7/1/2017,2017,7,76774,42640.98,18.47
Kenya,8/1/2017,2017,8,73496.02,40354.15,17.04
Kenya,9/1/2017,2017,9,72080.68,39381.22,11.48
Kenya,10/1/2017,2017,10,70555.84,38284.65,7.2
Kenya,11/1/2017,2017,11,68794.15,36138.5,0.78
Kenya,12/1/2017,2017,12,68060.11,36171.85,-0.55
Kenya,1/1/2017,2017,1,68548.15,32658.29,24.87
Kenya,2/1/2017,2017,2,68046.39,31880.51,26.93
Kenya,3/1/2017,2017,3,75200.94,36456.59,36.93
Kenya,4/1/2017,2017,4,77349.38,38942.6,47.62
Kenya,5/1/2017,2017,5,79507.52,40050.97,43.63
Kenya,6/1/2017,2017,6,78487.03,38180.5,34.14
Kenya,7/1/2017,2017,7,73264.79,37731.01,25.05
Kenya,8/1/2017,2017,8,73942.65,34845.23,16.66
Kenya,9/1/2017,2017,9,72584.44,33011.96,19.54
Kenya,10/1/2017,2017,10,71463.78,31363.57,20.16
Kenya,11/1/2017,2017,11,68918.38,28179.97,6.06
Kenya,12/1/2017,2017,12,68239.89,27239.23,2.95
Kenya,1/1/2017,2017,1,68166.13,32620.38,25.52
Kenya,2/1/2017,2017,2,68420.07,31832.91,22.85
Kenya,3/1/2017,2017,3,75905.69,35325.73,35.12
Kenya,4/1/2017,2017,4,78112.77,39939.13,47.2
Kenya,5/1/2017,2017,5,78847,39262.47,42.19
Kenya,6/1/2017,2017,6,77205.97,39328.83,38.65
Kenya,7/1/2017,2017,7,75660.66,37231.5,26.38
Kenya,8/1/2017,2017,8,70761.69,33382.62,14.05
Kenya,9/1/2017,2017,9,68020.23,30557.16,8.25
Kenya,10/1/2017,2017,10,65599.46,28650.98,3.78
Kenya,11/1/2017,2017,11,65322.94,28154.65,4.29
Kenya,12/1/2017,2017,12,62824.16,25707.59,-4.37
Kenya,1/1/2017,2017,1,65873.62,34893.13,5.84
Kenya,2/1/2017,2017,2,69472.1,39130.2,18.14
Kenya,3/1/2017,2017,3,71403.6,39320.44,21.03
Kenya,4/1/2017,2017,4,71729.62,38980.75,19.77
Kenya,5/1/2017,2017,5,73953.45,40368.51,21.03
Kenya,6/1/2017,2017,6,75143.77,40440.52,21.93
Kenya,7/1/2017,2017,7,73969.85,39884.76,19.94
Kenya,8/1/2017,2017,8,69887.5,39125.8,16.71
Kenya,9/1/2017,2017,9,68515.61,38367.69,13.95
Kenya,10/1/2017,2017,10,66794.38,36844.19,5.52
Kenya,11/1/2017,2017,11,67601.31,37294.35,7.41
Kenya,12/1/2017,2017,12,67711.91,37301.24,10.5
Kenya,1/1/2017,2017,1,61829.67,31702.49,21.14
Kenya,2/1/2017,2017,2,61861.23,32496.83,21.44
Kenya,3/1/2017,2017,3,65364.41,39669.3,41.72
Kenya,4/1/2017,2017,4,67149.12,41181.88,44.5
Kenya,5/1/2017,2017,5,68639.04,42446.24,42.37
Kenya,6/1/2017,2017,6,67043.63,40561.7,36.06
Kenya,7/1/2017,2017,7,65891.32,37478.05,28.57
Kenya,8/1/2017,2017,8,63830.9,34124.7,12.32
Kenya,9/1/2017,2017,9,60580.79,28423.81,6.65
Kenya,10/1/2017,2017,10,59815.7,27715.78,6.82
Kenya,11/1/2017,2017,11,56932.61,25277.43,-1.36
Kenya,12/1/2017,2017,12,55827.97,23667.78,-8.56
Kenya,1/1/2017,2017,1,67577.79,33410.45,20.49
Kenya,2/1/2017,2017,2,69211.36,35607.39,28.58
Kenya,3/1/2017,2017,3,72897.04,39186.22,37.33
Kenya,4/1/2017,2017,4,74959.93,41237.17,37.17
Kenya,5/1/2017,2017,5,77554.15,40227.05,35.69
Kenya,6/1/2017,2017,6,78526.05,40254.85,28.7
Kenya,7/1/2017,2017,7,74086.33,38046.54,16.04
Kenya,8/1/2017,2017,8,72640.6,36643.72,17.6
Kenya,9/1/2017,2017,9,71437.69,36362.59,17.92
Kenya,10/1/2017,2017,10,67962.05,32855.68,7.09
Kenya,11/1/2017,2017,11,65334.55,31617.38,0.3
Kenya,12/1/2017,2017,12,61633.63,30466.42,-1.79
Kenya,1/1/2017,2017,1,64861.71,33738.11,25.98
Kenya,2/1/2017,2017,2,65401.44,34952.41,28.44
Kenya,3/1/2017,2017,3,69883.86,39845.2,47.76
Kenya,4/1/2017,2017,4,71320.45,40231.85,42.15
Kenya,5/1/2017,2017,5,72039.48,40541.95,41.77
Kenya,6/1/2017,2017,6,72410.61,40019.07,38.73
Kenya,7/1/2017,2017,7,69867.2,36932.5,24.26
Kenya,8/1/2017,2017,8,66206.64,34419.78,17.85
Kenya,9/1/2017,2017,9,64026.76,31843,4.36
Kenya,10/1/2017,2017,10,62260.66,30778.97,6.8
Kenya,11/1/2017,2017,11,60097.72,28141.9,2.68
Kenya,12/1/2017,2017,12,56157.15,23881.83,-9.77
Kenya,1/1/2017,2017,1,79445.43,40862.22,4.15
Kenya,2/1/2017,2017,2,78077.59,39887.68,0.65
Kenya,3/1/2017,2017,3,81450.06,41793.17,8.22
Kenya,4/1/2017,2017,4,81872.08,41428.34,4.65
Kenya,5/1/2017,2017,5,81985.86,42633.97,3.97
Kenya,6/1/2017,2017,6,81965.47,42589.05,4.83
Kenya,7/1/2017,2017,7,79882.95,41221.89,1.63
Kenya,8/1/2017,2017,8,80198.31,39921.82,1.81
Kenya,9/1/2017,2017,9,79841.62,39723.48,-0.59
Kenya,10/1/2017,2017,10,78704.26,40331.8,-0.45
Kenya,11/1/2017,2017,11,78883.39,39138.4,-2.16
Kenya,12/1/2017,2017,12,78505.08,39448.4,-2.56
Kenya,1/1/2017,2017,1,66531.47,36353.34,5.02
Kenya,2/1/2017,2017,2,70320.98,39766.14,13.69
Kenya,3/1/2017,2017,3,73729.47,42339.15,19.13
Kenya,4/1/2017,2017,4,74382.84,42681.45,20.64
Kenya,5/1/2017,2017,5,77397.7,42640.27,24.09
Kenya,6/1/2017,2017,6,77548.17,42175.07,21.99
Kenya,7/1/2017,2017,7,76005.06,42236.94,16.01
Kenya,8/1/2017,2017,8,72651.17,41532.5,16.01
Kenya,9/1/2017,2017,9,68623.71,39113.57,9.31
Kenya,10/1/2017,2017,10,67242.63,37232,3.13
Kenya,11/1/2017,2017,11,67551.96,37540.89,3.2
Kenya,12/1/2017,2017,12,68118.94,37880.42,4.58
Kenya,1/1/2017,2017,1,67231.83,34592.57,10.52
Kenya,2/1/2017,2017,2,69137.24,37078.39,18.64
Kenya,3/1/2017,2017,3,71985.84,40441.77,25.42
Kenya,4/1/2017,2017,4,74956.01,44270.04,35.84
Kenya,5/1/2017,2017,5,76904.13,42600.06,33.97
Kenya,6/1/2017,2017,6,79968.82,38974.81,21.64
Kenya,7/1/2017,2017,7,74526.09,39675.95,17.86
Kenya,8/1/2017,2017,8,74040.56,38598.08,24.35
Kenya,9/1/2017,2017,9,72725.33,36872.57,18.15
Kenya,10/1/2017,2017,10,68239.67,31824.24,9.1
Kenya,11/1/2017,2017,11,65279.87,30316.25,1.7
Kenya,12/1/2017,2017,12,61967.09,31593.15,-0.49
Kenya,1/1/2017,2017,1,61734.02,32677.77,14.65
Kenya,2/1/2017,2017,2,65397.24,35338.35,17.81
Kenya,3/1/2017,2017,3,66231.28,36600.81,25.61
Kenya,4/1/2017,2017,4,68487.98,37889.15,32.32
Kenya,5/1/2017,2017,5,72161.55,38438.56,33.79
Kenya,6/1/2017,2017,6,73848.87,40266.21,36.39
Kenya,7/1/2017,2017,7,70254.92,38758.41,29.67
Kenya,8/1/2017,2017,8,65349.48,36785.69,20.85
Kenya,9/1/2017,2017,9,63316.24,34971.66,19.34
Kenya,10/1/2017,2017,10,62314.18,33014.63,4.47
Kenya,11/1/2017,2017,11,61686.59,34286.96,4.74
Kenya,12/1/2017,2017,12,63200.24,34027.5,13.19
Kenya,1/1/2017,2017,1,59749.68,26627.9,13.17
Kenya,2/1/2017,2017,2,59584.51,25830.38,13.46
Kenya,3/1/2017,2017,3,60486.56,27059.91,16.56
Kenya,4/1/2017,2017,4,64312.69,30743.45,26.67
Kenya,5/1/2017,2017,5,63466.39,31096.15,25.76
Kenya,6/1/2017,2017,6,62358.81,29987.09,23.39
Kenya,7/1/2017,2017,7,61043.67,29650.2,17.87
Kenya,8/1/2017,2017,8,59736.63,25718.11,5.84
Kenya,9/1/2017,2017,9,58523.05,23073.34,1.05
Kenya,10/1/2017,2017,10,58075.99,23279.2,4.07
Kenya,11/1/2017,2017,11,57095.41,22269.34,-0.28
Kenya,12/1/2017,2017,12,56693.77,21670.6,-4.03
Kenya,1/1/2017,2017,1,82434.71,48479.6,6.53
Kenya,2/1/2017,2017,2,85561.35,47969.13,8.08
Kenya,3/1/2017,2017,3,93070.36,45530.12,20.38
Kenya,4/1/2017,2017,4,91556.4,46096.88,11.86
Kenya,5/1/2017,2017,5,92253.3,44730.52,6.02
Kenya,6/1/2017,2017,6,91328.3,46300.38,6.61
Kenya,7/1/2017,2017,7,90192.79,46093.84,6.46
Kenya,8/1/2017,2017,8,87588.12,45663.14,5.64
Kenya,9/1/2017,2017,9,87721.52,44798.15,4.54
Kenya,10/1/2017,2017,10,82537.62,47793.32,2.42
Kenya,11/1/2017,2017,11,81130.01,48581.55,2.5
Kenya,12/1/2017,2017,12,78407.92,47724.33,-0.39
Kenya,1/1/2017,2017,1,70493.79,39627.16,3.88
Kenya,2/1/2017,2017,2,74562.54,43806.06,12.73
Kenya,3/1/2017,2017,3,76081.35,46570.79,19.24
Kenya,4/1/2017,2017,4,76850.23,47909.47,22.08
Kenya,5/1/2017,2017,5,77042.46,47006.06,19.21
Kenya,6/1/2017,2017,6,78011.86,48368,23.47
Kenya,7/1/2017,2017,7,77922.99,47696.76,21.48
Kenya,8/1/2017,2017,8,75192,44858.96,16.52
Kenya,9/1/2017,2017,9,73884.23,43054.33,11.86
Kenya,10/1/2017,2017,10,72098.2,40614.95,6.36
Kenya,11/1/2017,2017,11,72606.8,41924.54,8.21
Kenya,12/1/2017,2017,12,73241.54,41225.67,5.92
Kenya,1/1/2017,2017,1,66625.69,35948.26,14.61
Kenya,2/1/2017,2017,2,68551.17,38450.84,19.79
Kenya,3/1/2017,2017,3,70855.42,41660.89,25.32
Kenya,4/1/2017,2017,4,75817.25,43653.23,30.83
Kenya,5/1/2017,2017,5,77266.23,44453.86,29.27
Kenya,6/1/2017,2017,6,79418.68,44431.06,29.66
Kenya,7/1/2017,2017,7,72306.63,40463.41,16.54
Kenya,8/1/2017,2017,8,70559.29,39368.61,15.62
Kenya,9/1/2017,2017,9,69516.42,37837.32,12.85
Kenya,10/1/2017,2017,10,67250.24,35758.67,6.19
Kenya,11/1/2017,2017,11,65742.05,33995.25,1.34
Kenya,12/1/2017,2017,12,62618.9,32578.67,-2.76
Kenya,1/1/2017,2017,1,72726.12,37104.83,13.7
Kenya,2/1/2017,2017,2,74672.84,39136.75,19.3
Kenya,3/1/2017,2017,3,77442.95,40738.22,24.38
Kenya,4/1/2017,2017,4,79604.41,40035.18,22.72
Kenya,5/1/2017,2017,5,83018.21,39895.36,22.46
Kenya,6/1/2017,2017,6,82633.34,39678.16,22.01
Kenya,7/1/2017,2017,7,77496.46,39419.86,17.44
Kenya,8/1/2017,2017,8,76742.07,38802.48,16.23
Kenya,9/1/2017,2017,9,74847.22,38256.42,13.84
Kenya,10/1/2017,2017,10,73481.05,37496.05,11.88
Kenya,11/1/2017,2017,11,71721.25,36157.08,4.71
Kenya,12/1/2017,2017,12,69834.24,34706.85,3.12
Kenya,1/1/2017,2017,1,57874.74,30063.88,12.14
Kenya,2/1/2017,2017,2,60012.74,33369.88,19.76
Kenya,3/1/2017,2017,3,62442.31,36169.62,32.7
Kenya,4/1/2017,2017,4,65126.56,38335.14,32.05
Kenya,5/1/2017,2017,5,67672.44,42283.55,41.71
Kenya,6/1/2017,2017,6,67125.61,41651.89,35.78
Kenya,7/1/2017,2017,7,64050.42,36347.98,21.22
Kenya,8/1/2017,2017,8,62158.63,34099.47,19.21
Kenya,9/1/2017,2017,9,60867.31,33664.31,16.62
Kenya,10/1/2017,2017,10,59247.9,29782.88,7.27
Kenya,11/1/2017,2017,11,57311.83,27741.99,2.82
Kenya,12/1/2017,2017,12,55386.75,26836.05,-2.7
Kenya,1/1/2017,2017,1,68736.31,33672.85,8.41
Kenya,2/1/2017,2017,2,72047.47,35593.04,18.16
Kenya,3/1/2017,2017,3,76174.42,38091.38,26.08
Kenya,4/1/2017,2017,4,76025.01,38098.52,23.67
Kenya,5/1/2017,2017,5,76086.25,40174.07,27.15
Kenya,6/1/2017,2017,6,74840.51,39664.59,23.42
Kenya,7/1/2017,2017,7,73619.39,38904.17,19.61
Kenya,8/1/2017,2017,8,69825.92,34721.65,7.36
Kenya,9/1/2017,2017,9,68420.75,32261.51,4.69
Kenya,10/1/2017,2017,10,67934.31,31626.84,2.66
Kenya,11/1/2017,2017,11,67505.94,30943.02,1.15
Kenya,12/1/2017,2017,12,67509.17,30599.26,-0.51
Kenya,1/1/2017,2017,1,60876.15,27169.81,14.07
Kenya,2/1/2017,2017,2,60905.99,27594.76,15.23
Kenya,3/1/2017,2017,3,62139.77,27941.55,15.3
Kenya,4/1/2017,2017,4,65895.2,28723.47,21.1
Kenya,5/1/2017,2017,5,66522.6,29276.95,20.93
Kenya,6/1/2017,2017,6,64784.33,29601.44,18.79
Kenya,7/1/2017,2017,7,62469.68,29320.32,15.27
Kenya,8/1/2017,2017,8,60761.73,26675.5,8.06
Kenya,9/1/2017,2017,9,59937.65,24152.73,2.51
Kenya,10/1/2017,2017,10,59722.41,24687.13,3.09
Kenya,11/1/2017,2017,11,58669.68,23194.37,1.04
Kenya,12/1/2017,2017,12,57607.09,22237.43,-5.81
Kenya,1/1/2017,2017,1,65544.09,35542.1,20.34
Kenya,2/1/2017,2017,2,65903.2,35318.75,17.95
Kenya,3/1/2017,2017,3,70056.28,40383.32,28.33
Kenya,4/1/2017,2017,4,74126.93,44495.36,40.73
Kenya,5/1/2017,2017,5,75619.84,44528.69,37.92
Kenya,6/1/2017,2017,6,74851,43934.21,35.15
Kenya,7/1/2017,2017,7,72235.96,40014.85,24.33
Kenya,8/1/2017,2017,8,65928.12,34112.24,10.36
Kenya,9/1/2017,2017,9,62065.38,30105.93,0.59
Kenya,10/1/2017,2017,10,61615.27,30349.7,1.05
Kenya,11/1/2017,2017,11,60468.43,29213.87,-1.12
Kenya,12/1/2017,2017,12,59665.89,27639.23,-5.53
Kenya,1/1/2017,2017,1,65334.4,32129.48,11.58
Kenya,2/1/2017,2017,2,67349.26,34321.81,17.18
Kenya,3/1/2017,2017,3,72935.51,36393.35,27.14
Kenya,4/1/2017,2017,4,73022.62,39813.96,31.17
Kenya,5/1/2017,2017,5,72635.42,40318.93,32.44
Kenya,6/1/2017,2017,6,73038.16,39755.28,29.21
Kenya,7/1/2017,2017,7,70274.08,36757.75,21.38
Kenya,8/1/2017,2017,8,66404.46,32909.76,9.02
Kenya,9/1/2017,2017,9,63518.74,30025.06,3.45
Kenya,10/1/2017,2017,10,62690.27,29482.37,1.36
Kenya,11/1/2017,2017,11,63437.48,28713.78,-0.19
Kenya,12/1/2017,2017,12,62696.85,28134.34,-3.5
Kenya,1/1/2017,2017,1,64091.55,31665.33,11.57
Kenya,2/1/2017,2017,2,65717.52,33614.11,15.16
Kenya,3/1/2017,2017,3,71027.66,36607.88,28.17
Kenya,4/1/2017,2017,4,72048.16,37834.24,27.05
Kenya,5/1/2017,2017,5,71463.24,38855.16,30.04
Kenya,6/1/2017,2017,6,70999.77,37019.93,22.84
Kenya,7/1/2017,2017,7,68656.24,34954.67,16.63
Kenya,8/1/2017,2017,8,64831.78,32152.36,4.73
Kenya,9/1/2017,2017,9,62169.44,29649.7,0.24
Kenya,10/1/2017,2017,10,63187.37,28849.44,0.69
Kenya,11/1/2017,2017,11,63234.68,29534.99,1.23
Kenya,12/1/2017,2017,12,61993.93,28432.16,-0.11
Kenya,1/1/2017,2017,1,60725.76,25920.67,9.26
Kenya,2/1/2017,2017,2,60709.12,26347.54,11.95
Kenya,3/1/2017,2017,3,61660.61,27055.24,15.69
Kenya,4/1/2017,2017,4,65549.17,28479.32,20.68
Kenya,5/1/2017,2017,5,65371.75,28139.13,19.71
Kenya,6/1/2017,2017,6,65951.82,28493.81,21.13
Kenya,7/1/2017,2017,7,62113.65,28126,12.86
Kenya,8/1/2017,2017,8,61233.39,26296.69,5.56
Kenya,9/1/2017,2017,9,61980.61,25708,6.47
Kenya,10/1/2017,2017,10,60214.72,24124.57,4.08
Kenya,11/1/2017,2017,11,60685.12,25248.58,4.84
Kenya,12/1/2017,2017,12,57753.98,21874.69,-6.6
Kenya,1/1/2017,2017,1,58837.05,23725.74,6.76
Kenya,2/1/2017,2017,2,58921.78,23479.61,7.85
Kenya,3/1/2017,2017,3,60381.95,25156.15,12.25
Kenya,4/1/2017,2017,4,64825,26161.9,15.91
Kenya,5/1/2017,2017,5,63416.63,26846.87,16.89
Kenya,6/1/2017,2017,6,62006.78,25786.98,12.09
Kenya,7/1/2017,2017,7,61458.96,24931.82,8.31
Kenya,8/1/2017,2017,8,59177.48,23618.65,1.5
Kenya,9/1/2017,2017,9,58153.17,22446.17,0.81
Kenya,10/1/2017,2017,10,58770,22716.79,4.17
Kenya,11/1/2017,2017,11,57722.35,21832.87,0.59
Kenya,12/1/2017,2017,12,56842.97,20889.53,-4.42
Kenya,1/1/2017,2017,1,72398.9,39611.02,3.47
Kenya,2/1/2017,2017,2,75746.7,44132.12,12.17
Kenya,3/1/2017,2017,3,77350.3,48404.65,20.08
Kenya,4/1/2017,2017,4,77188.28,48617.65,20.46
Kenya,5/1/2017,2017,5,78002.79,50273.62,23.41
Kenya,6/1/2017,2017,6,79166.26,51808.27,26.64
Kenya,7/1/2017,2017,7,78725.04,50880.5,25.56
Kenya,8/1/2017,2017,8,76575.69,46301.34,18.03
Kenya,9/1/2017,2017,9,75796.17,44394.71,15.87
Kenya,10/1/2017,2017,10,73558.57,40565.02,5.92
Kenya,11/1/2017,2017,11,74989.3,41978.25,8.35
Kenya,12/1/2017,2017,12,78053.61,40718.56,8.97
Kenya,1/1/2017,2017,1,59979.21,26756.41,12.25
Kenya,2/1/2017,2017,2,59273.84,26170.68,11.01
Kenya,3/1/2017,2017,3,60495.18,27952.12,17.26
Kenya,4/1/2017,2017,4,64233.05,30994.63,26.58
Kenya,5/1/2017,2017,5,64971.35,30608.02,26.37
Kenya,6/1/2017,2017,6,62823.62,29902.06,20.91
Kenya,7/1/2017,2017,7,61692.05,29198.2,15.31
Kenya,8/1/2017,2017,8,59641.69,27071.86,9.77
Kenya,9/1/2017,2017,9,58674.02,23382.53,2.07
Kenya,10/1/2017,2017,10,58371.52,23300.22,2.49
Kenya,11/1/2017,2017,11,57348.36,22901.98,0.75
Kenya,12/1/2017,2017,12,56606.13,21669.09,-2.09
Kenya,1/1/2017,2017,1,59680.28,26394.88,13.05
Kenya,2/1/2017,2017,2,59759.79,25800.71,12.51
Kenya,3/1/2017,2017,3,60392.15,27865.14,18.22
Kenya,4/1/2017,2017,4,63790.55,30273.84,23.91
Kenya,5/1/2017,2017,5,63662.37,30885.16,26.1
Kenya,6/1/2017,2017,6,63138.51,30092.53,21.08
Kenya,7/1/2017,2017,7,61810.32,29465.87,17.72
Kenya,8/1/2017,2017,8,59718.73,26059.49,7.72
Kenya,9/1/2017,2017,9,58852.53,22821.2,1.5
Kenya,10/1/2017,2017,10,57663.17,22598.77,1.58
Kenya,11/1/2017,2017,11,57404.33,22634.62,1.26
Kenya,12/1/2017,2017,12,56510.95,21800.9,-4.16
Kenya,1/1/2017,2017,1,59959.77,26477.16,12.47
Kenya,2/1/2017,2017,2,59743.81,26424.7,13.39
Kenya,3/1/2017,2017,3,60005.38,27898.24,17.03
Kenya,4/1/2017,2017,4,63845.48,30852.17,25.67
Kenya,5/1/2017,2017,5,64233.19,31221.59,26.31
Kenya,6/1/2017,2017,6,63196.95,30711.16,23.25
Kenya,7/1/2017,2017,7,61703.59,29458.18,15.51
Kenya,8/1/2017,2017,8,59980.79,26996.86,8.44
Kenya,9/1/2017,2017,9,58821.36,23369.53,3.19
Kenya,10/1/2017,2017,10,58089.61,22988.16,1.31
Kenya,11/1/2017,2017,11,57148.45,22615.71,-0.69
Kenya,12/1/2017,2017,12,56794.33,21961,-3.3
Kenya,1/1/2017,2017,1,59154.46,25774.99,12.09
Kenya,2/1/2017,2017,2,59224.82,25489.29,12.29
Kenya,3/1/2017,2017,3,60422.75,26582.94,16.1
Kenya,4/1/2017,2017,4,63196.11,29691.12,23.32
Kenya,5/1/2017,2017,5,62958.81,30830.64,24.92
Kenya,6/1/2017,2017,6,62411.26,29518.06,21.98
Kenya,7/1/2017,2017,7,61844.25,28448.58,17.23
Kenya,8/1/2017,2017,8,59926.71,25109.82,6.49
Kenya,9/1/2017,2017,9,59084.68,23902.09,5.97
Kenya,10/1/2017,2017,10,58377.02,22951.42,3.08
Kenya,11/1/2017,2017,11,57404.77,23153.62,2.73
Kenya,12/1/2017,2017,12,56839.46,22017.65,-2.73
Kenya,1/1/2017,2017,1,66718.01,33555.68,7.18
Kenya,2/1/2017,2017,2,70776.94,35832.26,16.65
Kenya,3/1/2017,2017,3,74852.04,37700.82,25.38
Kenya,4/1/2017,2017,4,75157.23,38355.48,25.84
Kenya,5/1/2017,2017,5,75452.79,39449.39,26.88
Kenya,6/1/2017,2017,6,74271.18,39238.12,26.97
Kenya,7/1/2017,2017,7,73519.35,38644.29,20.44
Kenya,8/1/2017,2017,8,68536.71,34245.38,7.97
Kenya,9/1/2017,2017,9,66838.2,31715.15,2.53
Kenya,10/1/2017,2017,10,66270.6,31097.85,1.78
Kenya,11/1/2017,2017,11,66197.64,31563.63,1.91
Kenya,12/1/2017,2017,12,66087.82,30118.33,1.48
Kenya,1/1/2018,2018,1,60225.81,25957.39,-14.45
Kenya,2/1/2018,2018,2,61309.52,26943.24,-10.75
Kenya,3/1/2018,2018,3,61100.65,27076.27,-20.2
Kenya,4/1/2018,2018,4,58364.14,23522.75,-29.58
Kenya,5/1/2018,2018,5,57872.84,23350.02,-31.55
Kenya,6/1/2018,2018,6,56976.9,23153.56,-32.03
Kenya,7/1/2018,2018,7,57393.17,22904.83,-32.44
Kenya,8/1/2018,2018,8,55195.64,22661.88,-25.93
Kenya,9/1/2018,2018,9,53959.02,21251.38,-23.59
Kenya,10/1/2018,2018,10,53553.21,24843.46,-14.62
Kenya,11/1/2018,2018,11,54731.48,22224.24,-16.06
Kenya,12/1/2018,2018,12,55731.67,22385.81,-7.51
Kenya,1/1/2018,2018,1,60203.67,29385.4,-2.29
Kenya,2/1/2018,2018,2,59019.71,28133.83,-14.02
Kenya,3/1/2018,2018,3,58989.61,29199.92,-20.05
Kenya,4/1/2018,2018,4,58090.46,28161.75,-27.29
Kenya,5/1/2018,2018,5,58021.74,28640.39,-29.48
Kenya,6/1/2018,2018,6,54840.96,24840.09,-38.74
Kenya,7/1/2018,2018,7,54757.05,24870.05,-29.44
Kenya,8/1/2018,2018,8,51734.4,22810.35,-32.56
Kenya,9/1/2018,2018,9,51928.39,22581.98,-28.98
Kenya,10/1/2018,2018,10,51552.25,22797.25,-20.12
Kenya,11/1/2018,2018,11,51666.6,22969.95,-17.43
Kenya,12/1/2018,2018,12,52317.03,23519.11,-13.34
Kenya,1/1/2018,2018,1,57655.33,22739.1,-10.16
Kenya,2/1/2018,2018,2,58021.23,22223.87,-10.21
Kenya,3/1/2018,2018,3,57219.78,22200.72,-14.15
Kenya,4/1/2018,2018,4,55641.58,21372.82,-22.74
Kenya,5/1/2018,2018,5,55369.29,21364.17,-23.04
Kenya,6/1/2018,2018,6,55934.84,21610.62,-20.11
Kenya,7/1/2018,2018,7,55791.57,21028.65,-20.2
Kenya,8/1/2018,2018,8,52409.91,20596.16,-19.17
Kenya,9/1/2018,2018,9,51142.52,18842.21,-18.37
Kenya,10/1/2018,2018,10,49775.56,18281.92,-17.1
Kenya,11/1/2018,2018,11,51936.27,20317.6,-11.27
Kenya,12/1/2018,2018,12,52150.65,20072.19,-8
Kenya,1/1/2018,2018,1,58045.97,29151.39,-3.77
Kenya,2/1/2018,2018,2,57845.23,30243.76,-10.18
Kenya,3/1/2018,2018,3,57622.95,30235.73,-13.86
Kenya,4/1/2018,2018,4,56516.28,29399.85,-22.75
Kenya,5/1/2018,2018,5,56119.58,29084.09,-31.9
Kenya,6/1/2018,2018,6,53501.36,26013.79,-30.29
Kenya,7/1/2018,2018,7,53046.89,25452.66,-26.68
Kenya,8/1/2018,2018,8,49567.69,21908.2,-28.61
Kenya,9/1/2018,2018,9,49003.64,22672.77,-27.45
Kenya,10/1/2018,2018,10,48688.68,22689.3,-21.13
Kenya,11/1/2018,2018,11,48946.35,23395.58,-19.75
Kenya,12/1/2018,2018,12,50356.09,23659.64,-14.13
Kenya,1/1/2018,2018,1,59711.81,29128.84,-11.56
Kenya,2/1/2018,2018,2,59136.6,28866.87,-13.8
Kenya,3/1/2018,2018,3,59025.2,28550.21,-15.38
Kenya,4/1/2018,2018,4,58352.41,27781.79,-20.07
Kenya,5/1/2018,2018,5,57131.51,26936.78,-25.18
Kenya,6/1/2018,2018,6,57418.25,26378.89,-29.37
Kenya,7/1/2018,2018,7,56478.78,25977.85,-25.66
Kenya,8/1/2018,2018,8,54020.74,23796.91,-23.28
Kenya,9/1/2018,2018,9,52449.01,21924.73,-24.4
Kenya,10/1/2018,2018,10,49860.2,20717.16,-27.87
Kenya,11/1/2018,2018,11,51989.97,22404.95,-19.76
Kenya,12/1/2018,2018,12,53377.09,23392.95,-12.48
Kenya,1/1/2018,2018,1,71017.62,35095.63,-6.01
Kenya,2/1/2018,2018,2,70540.42,34834.48,-11.75
Kenya,3/1/2018,2018,3,71537.28,36624.99,-13.29
Kenya,4/1/2018,2018,4,69894.26,35727.05,-19.92
Kenya,5/1/2018,2018,5,69748.94,35776.55,-20.34
Kenya,6/1/2018,2018,6,68190,32625.16,-25.39
Kenya,7/1/2018,2018,7,66450.42,29613.19,-25.16
Kenya,8/1/2018,2018,8,62469.07,25982.04,-27.84
Kenya,9/1/2018,2018,9,60753.44,26013.98,-28.92
Kenya,10/1/2018,2018,10,60765.95,24063.25,-26.78
Kenya,11/1/2018,2018,11,59569.98,26674.54,-21.2
Kenya,12/1/2018,2018,12,62181.54,27651.66,-14.73
Kenya,1/1/2018,2018,1,54508.25,21842.92,-11.03
Kenya,2/1/2018,2018,2,54601.44,22318,-10.71
Kenya,3/1/2018,2018,3,54207.05,22256.59,-14.01
Kenya,4/1/2018,2018,4,53574.74,21531.29,-24.5
Kenya,5/1/2018,2018,5,52946.1,21282.93,-25.56
Kenya,6/1/2018,2018,6,53636.45,21392.08,-23.93
Kenya,7/1/2018,2018,7,52875.92,20845.59,-22.96
Kenya,8/1/2018,2018,8,50285.57,19807.58,-18.87
Kenya,9/1/2018,2018,9,48747.13,18696.92,-18.9
Kenya,10/1/2018,2018,10,48009.19,17737.62,-19.98
Kenya,11/1/2018,2018,11,48767.89,19238.07,-13.07
Kenya,12/1/2018,2018,12,48873.06,19544.3,-9.84
Kenya,1/1/2018,2018,1,70070.37,38762.2,-2.74
Kenya,2/1/2018,2018,2,69483.34,38582.69,-8.28
Kenya,3/1/2018,2018,3,69445.76,38516.91,-11.14
Kenya,4/1/2018,2018,4,68920.71,38822.55,-15.65
Kenya,5/1/2018,2018,5,68168.45,37549.53,-17.34
Kenya,6/1/2018,2018,6,65419.66,36463.99,-19.72
Kenya,7/1/2018,2018,7,64811.31,35832.43,-18.7
Kenya,8/1/2018,2018,8,59883.11,32543.22,-23.93
Kenya,9/1/2018,2018,9,58348.07,27802.86,-28.08
Kenya,10/1/2018,2018,10,58891.13,29008,-22.05
Kenya,11/1/2018,2018,11,57788.44,30191.78,-20.06
Kenya,12/1/2018,2018,12,61895.87,31476.71,-14.6
Kenya,1/1/2018,2018,1,58001.09,26577.91,-16.7
Kenya,2/1/2018,2018,2,58352.43,27948.63,-13.01
Kenya,3/1/2018,2018,3,57554.07,27729.56,-16.99
Kenya,4/1/2018,2018,4,57281.93,26292.05,-27.05
Kenya,5/1/2018,2018,5,57085.7,26322.96,-34.75
Kenya,6/1/2018,2018,6,56947.44,25726.2,-28.34
Kenya,7/1/2018,2018,7,55782.72,25003.54,-25.19
Kenya,8/1/2018,2018,8,53339.43,23116.71,-25.81
Kenya,9/1/2018,2018,9,52430.11,22614.57,-20.46
Kenya,10/1/2018,2018,10,50666.86,21087.17,-22.78
Kenya,11/1/2018,2018,11,51605.39,22882.67,-14.93
Kenya,12/1/2018,2018,12,52574.8,23386.29,-9.07
Kenya,1/1/2018,2018,1,66291.85,30408.28,-5.02
Kenya,2/1/2018,2018,2,67667.76,30608.04,-5.01
Kenya,3/1/2018,2018,3,67910.2,30833.42,-10.06
Kenya,4/1/2018,2018,4,65198.32,29563.04,-15
Kenya,5/1/2018,2018,5,62807.68,28114.96,-19.86
Kenya,6/1/2018,2018,6,62656.51,27628.59,-19.71
Kenya,7/1/2018,2018,7,62809,27617.94,-20.53
Kenya,8/1/2018,2018,8,61515.74,25700.08,-20.19
Kenya,9/1/2018,2018,9,58703.36,22033.83,-25.55
Kenya,10/1/2018,2018,10,58997.47,22075.03,-23.73
Kenya,11/1/2018,2018,11,60762.02,23727.84,-14.62
Kenya,12/1/2018,2018,12,61226.4,25212.49,-10.39
Kenya,1/1/2018,2018,1,68424.37,31545.16,-3.37
Kenya,2/1/2018,2018,2,67664.21,31446.71,-7.11
Kenya,3/1/2018,2018,3,67915.13,30702.81,-14.25
Kenya,4/1/2018,2018,4,65281.34,28646.74,-20.02
Kenya,5/1/2018,2018,5,65881.21,29582,-18.21
Kenya,6/1/2018,2018,6,64156.42,27885.36,-21.32
Kenya,7/1/2018,2018,7,64188.16,27671.76,-19.94
Kenya,8/1/2018,2018,8,61223.05,23886.89,-22.76
Kenya,9/1/2018,2018,9,61036.83,23841.27,-18.93
Kenya,10/1/2018,2018,10,60041.91,23731.3,-17.11
Kenya,11/1/2018,2018,11,61543.13,23985.54,-15.75
Kenya,12/1/2018,2018,12,62574.59,25720.23,-11.34
Kenya,1/1/2018,2018,1,57502.05,25588.1,-12.64
Kenya,2/1/2018,2018,2,57242.84,25578.18,-12.73
Kenya,3/1/2018,2018,3,56787.74,24262.99,-25.07
Kenya,4/1/2018,2018,4,55910.82,23788.17,-35.44
Kenya,5/1/2018,2018,5,55822.27,23863.48,-27.64
Kenya,6/1/2018,2018,6,55802.01,23216.31,-29.3
Kenya,7/1/2018,2018,7,55797.54,23580.17,-32.35
Kenya,8/1/2018,2018,8,53828.08,21411.35,-26.3
Kenya,9/1/2018,2018,9,51293.75,20567.58,-20.7
Kenya,10/1/2018,2018,10,49615.84,20173.55,-20.33
Kenya,11/1/2018,2018,11,51885.39,21255.8,-14.43
Kenya,12/1/2018,2018,12,53239.92,21455.87,-9.71
Kenya,1/1/2018,2018,1,61839.57,30362.18,-12.4
Kenya,2/1/2018,2018,2,61039.42,29958.37,-13.07
Kenya,3/1/2018,2018,3,61262.87,28571.69,-23.39
Kenya,4/1/2018,2018,4,60267.16,27648.74,-27.7
Kenya,5/1/2018,2018,5,59988.15,27126.42,-28.87
Kenya,6/1/2018,2018,6,60215.76,27501.28,-28.64
Kenya,7/1/2018,2018,7,59517.69,26474.53,-25.71
Kenya,8/1/2018,2018,8,56741.81,23675.45,-25.98
Kenya,9/1/2018,2018,9,53448.04,20598.55,-26.48
Kenya,10/1/2018,2018,10,52869.93,19550.68,-28.14
Kenya,11/1/2018,2018,11,54854.18,21933.12,-19.2
Kenya,12/1/2018,2018,12,54341.47,21257.02,-17.22
Kenya,1/1/2018,2018,1,66795.2,35809.62,-1.68
Kenya,2/1/2018,2018,2,67109.29,36426.81,-5.36
Kenya,3/1/2018,2018,3,66196.7,36185.11,-10.48
Kenya,4/1/2018,2018,4,64505.29,35434.4,-13.28
Kenya,5/1/2018,2018,5,63534.78,35389.35,-15.91
Kenya,6/1/2018,2018,6,62159.79,31698.84,-22.5
Kenya,7/1/2018,2018,7,61069.13,31101.86,-21.91
Kenya,8/1/2018,2018,8,56512.4,24975.97,-29.5
Kenya,9/1/2018,2018,9,56151.69,25754.65,-27.18
Kenya,10/1/2018,2018,10,56773.99,25447.34,-24.88
Kenya,11/1/2018,2018,11,56154.75,26288.69,-21.84
Kenya,12/1/2018,2018,12,58249.22,28041.87,-14.56
Kenya,1/1/2018,2018,1,70160.32,38057.98,-0.39
Kenya,2/1/2018,2018,2,68378.14,36170.78,-6.1
Kenya,3/1/2018,2018,3,69726.63,37251.15,-6.52
Kenya,4/1/2018,2018,4,68110.5,34961.69,-12.95
Kenya,5/1/2018,2018,5,66746.53,35176.2,-14.98
Kenya,6/1/2018,2018,6,64348.62,32116.65,-21.13
Kenya,7/1/2018,2018,7,65653.59,32137.08,-17.31
Kenya,8/1/2018,2018,8,63202.45,29578.03,-18.94
Kenya,9/1/2018,2018,9,60831.93,26365.61,-24.52
Kenya,10/1/2018,2018,10,61146.41,26663.66,-22.41
Kenya,11/1/2018,2018,11,59229.92,24763.59,-25.33
Kenya,12/1/2018,2018,12,62145.89,29356.71,-14.33
Kenya,1/1/2018,2018,1,60811.27,25842.18,-4.42
Kenya,2/1/2018,2018,2,59725.29,25503.34,-11.9
Kenya,3/1/2018,2018,3,58866.75,25451.76,-22.36
Kenya,4/1/2018,2018,4,56905.96,24321.05,-26.95
Kenya,5/1/2018,2018,5,55637.49,23051.26,-32.29
Kenya,6/1/2018,2018,6,56322.14,22860.52,-32.64
Kenya,7/1/2018,2018,7,55802.16,22176.12,-30.89
Kenya,8/1/2018,2018,8,54521.44,20323.4,-27.15
Kenya,9/1/2018,2018,9,53332.44,18700.36,-24.07
Kenya,10/1/2018,2018,10,53209.11,20460.64,-17.7
Kenya,11/1/2018,2018,11,52732.45,19769.5,-19.26
Kenya,12/1/2018,2018,12,53164.2,20285.26,-12.97
Kenya,1/1/2018,2018,1,66428.65,33465.06,-4.13
Kenya,2/1/2018,2018,2,65763.61,33674.47,-9.82
Kenya,3/1/2018,2018,3,66809.24,34679.93,-11.85
Kenya,4/1/2018,2018,4,64771.87,33910.5,-19.96
Kenya,5/1/2018,2018,5,65899.49,33790.31,-18.96
Kenya,6/1/2018,2018,6,62222.57,28829.44,-28.84
Kenya,7/1/2018,2018,7,61265.25,26355.13,-28.5
Kenya,8/1/2018,2018,8,57013.28,24127.08,-30.32
Kenya,9/1/2018,2018,9,55575.4,23356.73,-31.39
Kenya,10/1/2018,2018,10,54793.04,22945.66,-28.94
Kenya,11/1/2018,2018,11,55438.66,24402.81,-22.21
Kenya,12/1/2018,2018,12,57275.77,26495.13,-14.16
Kenya,1/1/2018,2018,1,68006.36,35537.15,-4.29
Kenya,2/1/2018,2018,2,68004.39,35675.92,-7.45
Kenya,3/1/2018,2018,3,68470.67,35872.68,-11.44
Kenya,4/1/2018,2018,4,66330.24,35036.81,-18.69
Kenya,5/1/2018,2018,5,67182.85,35192.1,-18.05
Kenya,6/1/2018,2018,6,63350.5,34621.11,-19.36
Kenya,7/1/2018,2018,7,61319.66,32917.92,-23.63
Kenya,8/1/2018,2018,8,57320.52,29047.32,-24.3
Kenya,9/1/2018,2018,9,56032.6,25291.08,-29.02
Kenya,10/1/2018,2018,10,56012.73,22599.88,-30.52
Kenya,11/1/2018,2018,11,56315.51,23639.24,-26.91
Kenya,12/1/2018,2018,12,57143.32,25078.99,-22.53
Kenya,1/1/2018,2018,1,59959.28,25980.15,-10.42
Kenya,2/1/2018,2018,2,59053.78,25438.34,-14.53
Kenya,3/1/2018,2018,3,60003.49,27114.53,-16.62
Kenya,4/1/2018,2018,4,58000.24,24079.16,-29.06
Kenya,5/1/2018,2018,5,57950.05,23925.25,-30.55
Kenya,6/1/2018,2018,6,56892.07,23663.8,-31.13
Kenya,7/1/2018,2018,7,56746.75,23230.26,-27.55
Kenya,8/1/2018,2018,8,54622.71,22160.5,-22.16
Kenya,9/1/2018,2018,9,53674.05,20774.14,-21.79
Kenya,10/1/2018,2018,10,53583.09,19718.04,-21.25
Kenya,11/1/2018,2018,11,54189.82,21655.4,-11.36
Kenya,12/1/2018,2018,12,54524.46,21825.77,-8.92
Kenya,1/1/2018,2018,1,65832.9,33500.41,-3.81
Kenya,2/1/2018,2018,2,65826.28,33662.68,-8.51
Kenya,3/1/2018,2018,3,67030.26,35660.96,-11.67
Kenya,4/1/2018,2018,4,65421.1,34583.28,-17.59
Kenya,5/1/2018,2018,5,65654.13,34163.05,-19.38
Kenya,6/1/2018,2018,6,62437.78,29445.84,-27.52
Kenya,7/1/2018,2018,7,60528.35,26634.03,-27.03
Kenya,8/1/2018,2018,8,57082.27,23793.67,-29.45
Kenya,9/1/2018,2018,9,55046.1,23197.74,-31.41
Kenya,10/1/2018,2018,10,54837.4,22869.98,-28.3
Kenya,11/1/2018,2018,11,55563.31,24703.24,-21.69
Kenya,12/1/2018,2018,12,57416.76,27636.03,-12.79
Kenya,1/1/2018,2018,1,59796.01,26663.83,-12.24
Kenya,2/1/2018,2018,2,59542.12,26778.77,-12.88
Kenya,3/1/2018,2018,3,58315.97,26184.25,-19
Kenya,4/1/2018,2018,4,57634.94,25415.52,-26.55
Kenya,5/1/2018,2018,5,56624.21,24637.26,-29.09
Kenya,6/1/2018,2018,6,57302.44,24663.71,-27.04
Kenya,7/1/2018,2018,7,56171.77,23864.39,-24.26
Kenya,8/1/2018,2018,8,54303.37,22387.8,-23.8
Kenya,9/1/2018,2018,9,53088.97,21469.22,-17.85
Kenya,10/1/2018,2018,10,50787.91,20981.57,-19.61
Kenya,11/1/2018,2018,11,51654.56,21313.15,-15.17
Kenya,12/1/2018,2018,12,52790.45,21526.36,-11.89
Kenya,1/1/2018,2018,1,62084,27491.1,5.23
Kenya,2/1/2018,2018,2,59165.9,24775.16,-10.27
Kenya,3/1/2018,2018,3,57927.86,23963.56,-20.58
Kenya,4/1/2018,2018,4,59201.49,26066.46,-19.72
Kenya,5/1/2018,2018,5,57368.78,22969.66,-31.52
Kenya,6/1/2018,2018,6,57340.47,23512.46,-32.59
Kenya,7/1/2018,2018,7,55502.61,22485.99,-31.9
Kenya,8/1/2018,2018,8,54489.28,22466.74,-22.6
Kenya,9/1/2018,2018,9,53283.89,22158.48,-19.5
Kenya,10/1/2018,2018,10,52315.78,20427.13,-15.88
Kenya,11/1/2018,2018,11,51856.85,21375.62,-17.93
Kenya,12/1/2018,2018,12,53724.95,20484.24,-15.71
Kenya,1/1/2018,2018,1,57710.43,25528.34,-12.4
Kenya,2/1/2018,2018,2,58123.78,25948.01,-12.04
Kenya,3/1/2018,2018,3,57342.27,25748.91,-14.2
Kenya,4/1/2018,2018,4,56513.36,24133.99,-27.19
Kenya,5/1/2018,2018,5,55729.59,23939.03,-29.01
Kenya,6/1/2018,2018,6,55882.25,24193.19,-24.23
Kenya,7/1/2018,2018,7,55259.9,23828.86,-23.81
Kenya,8/1/2018,2018,8,53377.97,22577.97,-20.95
Kenya,9/1/2018,2018,9,50993.75,21406.29,-17.31
Kenya,10/1/2018,2018,10,49405.78,20968.76,-18.61
Kenya,11/1/2018,2018,11,51694.78,21791.53,-10.64
Kenya,12/1/2018,2018,12,52368.52,22308.13,-9.01
Kenya,1/1/2018,2018,1,69572.78,32854.74,-4.38
Kenya,2/1/2018,2018,2,69832.92,32998.72,-5.03
Kenya,3/1/2018,2018,3,69126.02,32039.18,-10.72
Kenya,4/1/2018,2018,4,67095.79,29927.32,-17.04
Kenya,5/1/2018,2018,5,67216.08,29910.91,-16.95
Kenya,6/1/2018,2018,6,65550.54,28561.43,-20.16
Kenya,7/1/2018,2018,7,66301.59,28400.02,-18.46
Kenya,8/1/2018,2018,8,63246.28,25702.05,-20.95
Kenya,9/1/2018,2018,9,61669.59,22873.97,-22.27
Kenya,10/1/2018,2018,10,61087.03,22514.31,-22.92
Kenya,11/1/2018,2018,11,62207.78,24690.05,-17.89
Kenya,12/1/2018,2018,12,63499.91,26432.17,-12.46
Kenya,1/1/2018,2018,1,68913.1,32639.91,-6.02
Kenya,2/1/2018,2018,2,67758.75,31844.99,-13.15
Kenya,3/1/2018,2018,3,68083.95,31645.19,-13.8
Kenya,4/1/2018,2018,4,67463.26,32501.69,-14.34
Kenya,5/1/2018,2018,5,66644.12,32583.72,-18.21
Kenya,6/1/2018,2018,6,65667.72,27391.63,-26.25
Kenya,7/1/2018,2018,7,65177.65,26539.62,-21.9
Kenya,8/1/2018,2018,8,61719.82,24669.9,-26.38
Kenya,9/1/2018,2018,9,61046.47,21164.78,-28.94
Kenya,10/1/2018,2018,10,60194.71,21373.6,-26.2
Kenya,11/1/2018,2018,11,60392.77,21179.26,-23.76
Kenya,12/1/2018,2018,12,61683.53,23373.3,-16.43
Kenya,1/1/2018,2018,1,87128.33,50719.03,-1.48
Kenya,2/1/2018,2018,2,84790.93,49173.11,-4.57
Kenya,3/1/2018,2018,3,85256.06,49043.41,-1.14
Kenya,4/1/2018,2018,4,81268.24,47330.88,-5.62
Kenya,5/1/2018,2018,5,81023.21,47174.38,-4.36
Kenya,6/1/2018,2018,6,77716.49,48723.05,-5.96
Kenya,7/1/2018,2018,7,75233.97,46456.33,-12.08
Kenya,8/1/2018,2018,8,73518.25,43218.62,-13.78
Kenya,9/1/2018,2018,9,70348.2,40282.38,-18.03
Kenya,10/1/2018,2018,10,68996.02,37376.65,-25.55
Kenya,11/1/2018,2018,11,69950.31,39273.52,-20.61
Kenya,12/1/2018,2018,12,70824.87,40435.24,-16.58
Kenya,1/1/2018,2018,1,74089.17,43155.23,-5.04
Kenya,2/1/2018,2018,2,74186.87,42704.39,-7.09
Kenya,3/1/2018,2018,3,74556.48,43227.29,-2.14
Kenya,4/1/2018,2018,4,73850.49,43008.77,-5.87
Kenya,5/1/2018,2018,5,72301.6,42566.03,-11.73
Kenya,6/1/2018,2018,6,68838.85,38347.16,-17.7
Kenya,7/1/2018,2018,7,65833.27,35771.71,-17.53
Kenya,8/1/2018,2018,8,63035.5,31680.93,-24.91
Kenya,9/1/2018,2018,9,63206.44,31676.61,-23.48
Kenya,10/1/2018,2018,10,62829.9,32441.83,-24.19
Kenya,11/1/2018,2018,11,63042.06,32665.49,-21.84
Kenya,12/1/2018,2018,12,64026.19,33624.83,-16.93
Kenya,1/1/2018,2018,1,82015.58,48099.98,-3.31
Kenya,2/1/2018,2018,2,80115.69,49360.39,-3.49
Kenya,3/1/2018,2018,3,80593.95,48314.88,-3.08
Kenya,4/1/2018,2018,4,77105.98,48399.24,-6.45
Kenya,5/1/2018,2018,5,76548.78,47943.44,-8.32
Kenya,6/1/2018,2018,6,73166.66,46179.96,-11.94
Kenya,7/1/2018,2018,7,70437.38,44781.62,-15.46
Kenya,8/1/2018,2018,8,65966.23,38548.07,-22.02
Kenya,9/1/2018,2018,9,65141.9,37452.38,-25.81
Kenya,10/1/2018,2018,10,64458.89,37191.15,-23.8
Kenya,11/1/2018,2018,11,64239.79,35068.02,-25.54
Kenya,12/1/2018,2018,12,66480.75,39885.32,-15.93
Kenya,1/1/2018,2018,1,57775.25,27468.3,-10.77
Kenya,2/1/2018,2018,2,57038.96,27425.67,-10.86
Kenya,3/1/2018,2018,3,55745.08,26247.31,-14.88
Kenya,4/1/2018,2018,4,54485.32,24630.88,-27.43
Kenya,5/1/2018,2018,5,54584.06,25333.02,-27.58
Kenya,6/1/2018,2018,6,54327.65,24960.86,-26
Kenya,7/1/2018,2018,7,54115.43,24416.47,-24.84
Kenya,8/1/2018,2018,8,50634.81,22779.24,-22.25
Kenya,9/1/2018,2018,9,49392.4,20951.02,-20.35
Kenya,10/1/2018,2018,10,48313.15,21551.7,-20.4
Kenya,11/1/2018,2018,11,49844.56,22014.22,-13
Kenya,12/1/2018,2018,12,50566.39,22746.18,-9.33
Kenya,1/1/2018,2018,1,64919.35,39172.97,11.69
Kenya,2/1/2018,2018,2,62310.85,36314.33,-7.37
Kenya,3/1/2018,2018,3,61409.63,34208.2,-14.47
Kenya,4/1/2018,2018,4,61520.96,35043.91,-16.58
Kenya,5/1/2018,2018,5,60941.54,34750.39,-19.4
Kenya,6/1/2018,2018,6,61039.97,34217.93,-25.22
Kenya,7/1/2018,2018,7,59541,31433.83,-29.51
Kenya,8/1/2018,2018,8,56624.66,29602.76,-23.27
Kenya,9/1/2018,2018,9,54551.25,28252.35,-22.67
Kenya,10/1/2018,2018,10,54379.42,24246.99,-23.6
Kenya,11/1/2018,2018,11,54162.12,26671.95,-23.49
Kenya,12/1/2018,2018,12,54348.37,26310.25,-25.03
Kenya,1/1/2018,2018,1,68570.23,35509.4,-3.56
Kenya,2/1/2018,2018,2,69400.58,35312.31,-9.07
Kenya,3/1/2018,2018,3,68412.82,34485.12,-10.4
Kenya,4/1/2018,2018,4,68489.22,34672.38,-13.82
Kenya,5/1/2018,2018,5,67817.1,34087.65,-14.1
Kenya,6/1/2018,2018,6,64470.03,31150.89,-18.87
Kenya,7/1/2018,2018,7,62422.29,29127.23,-23.16
Kenya,8/1/2018,2018,8,60532.02,27397.74,-24.93
Kenya,9/1/2018,2018,9,59122.72,26661.34,-24.03
Kenya,10/1/2018,2018,10,59223.5,26328.75,-20.27
Kenya,11/1/2018,2018,11,59186.13,27533.3,-18.19
Kenya,12/1/2018,2018,12,60624.63,28195.3,-14.83
Kenya,1/1/2018,2018,1,57179.71,26286.87,-12.25
Kenya,2/1/2018,2018,2,56576.7,25771.7,-12.35
Kenya,3/1/2018,2018,3,55321.03,24215.73,-27.25
Kenya,4/1/2018,2018,4,55406.49,23747.6,-30.7
Kenya,5/1/2018,2018,5,54460.49,23980.01,-32.79
Kenya,6/1/2018,2018,6,54468.32,23848.78,-28.27
Kenya,7/1/2018,2018,7,53611.21,23553.22,-27.52
Kenya,8/1/2018,2018,8,51327.03,21153.38,-26.51
Kenya,9/1/2018,2018,9,49577.41,20394.2,-21.58
Kenya,10/1/2018,2018,10,48887.05,20598.67,-19.75
Kenya,11/1/2018,2018,11,50241.17,20864.15,-13.98
Kenya,12/1/2018,2018,12,50741.16,21392.01,-8.87
Kenya,1/1/2018,2018,1,56624.22,26014.77,-12.68
Kenya,2/1/2018,2018,2,56675.7,26263.1,-11.19
Kenya,3/1/2018,2018,3,56504.4,26000.44,-20.2
Kenya,4/1/2018,2018,4,55119.38,23912.94,-29.22
Kenya,5/1/2018,2018,5,54676.87,24058.52,-31.38
Kenya,6/1/2018,2018,6,53738.42,23346.62,-29.92
Kenya,7/1/2018,2018,7,53405.44,23967.55,-27.26
Kenya,8/1/2018,2018,8,51420.45,21386.7,-26.06
Kenya,9/1/2018,2018,9,49785.76,20970.57,-18.12
Kenya,10/1/2018,2018,10,49182.32,21088.06,-18.62
Kenya,11/1/2018,2018,11,50668.82,20792.35,-15.85
Kenya,12/1/2018,2018,12,50504.97,21282.36,-11.82
Kenya,1/1/2018,2018,1,65790.32,31820.47,-2.98
Kenya,2/1/2018,2018,2,64285.85,30494.99,-7.21
Kenya,3/1/2018,2018,3,63596.95,30518.24,-15.02
Kenya,4/1/2018,2018,4,62097.74,28960.94,-18.5
Kenya,5/1/2018,2018,5,62022.05,29599.95,-17.67
Kenya,6/1/2018,2018,6,61718.88,28440.64,-19
Kenya,7/1/2018,2018,7,60615.9,27593.05,-19.05
Kenya,8/1/2018,2018,8,58412.42,23811.86,-20.87
Kenya,9/1/2018,2018,9,57844.32,22844.82,-17.71
Kenya,10/1/2018,2018,10,56363.07,22494.46,-20.78
Kenya,11/1/2018,2018,11,56790.25,22861.99,-18.41
Kenya,12/1/2018,2018,12,58067.11,23965.6,-13.28
Kenya,1/1/2018,2018,1,60152.65,28527.1,-12.71
Kenya,2/1/2018,2018,2,60082.59,28727.57,-13.1
Kenya,3/1/2018,2018,3,59010.35,27109.24,-22.32
Kenya,4/1/2018,2018,4,58203.32,26272.22,-34.7
Kenya,5/1/2018,2018,5,58207.91,26168.3,-36.91
Kenya,6/1/2018,2018,6,57888.48,26132.19,-34.94
Kenya,7/1/2018,2018,7,57685.97,25668.86,-25.8
Kenya,8/1/2018,2018,8,55086.82,23279.5,-25.99
Kenya,9/1/2018,2018,9,52557.26,21920.21,-22.28
Kenya,10/1/2018,2018,10,50806.11,20897.99,-26.05
Kenya,11/1/2018,2018,11,52748.94,22379.32,-17.22
Kenya,12/1/2018,2018,12,53319.62,22970.27,-14.51
Kenya,1/1/2018,2018,1,59216.91,27214.77,-11.9
Kenya,2/1/2018,2018,2,57512.7,25699.56,-11.41
Kenya,3/1/2018,2018,3,56163.31,25264.54,-24.3
Kenya,4/1/2018,2018,4,55983.79,24276.13,-29.31
Kenya,5/1/2018,2018,5,55139.49,24935.74,-29.72
Kenya,6/1/2018,2018,6,54963.33,24856.97,-28.6
Kenya,7/1/2018,2018,7,54939.78,23401.86,-23.36
Kenya,8/1/2018,2018,8,51966.05,21715.7,-25.4
Kenya,9/1/2018,2018,9,49543.3,21081.73,-22.86
Kenya,10/1/2018,2018,10,49196.06,21716.59,-19.44
Kenya,11/1/2018,2018,11,50370.29,21199.01,-16.02
Kenya,12/1/2018,2018,12,51267.28,21312.49,-11.51
Kenya,1/1/2018,2018,1,93162.3,28084,3.57
Kenya,2/1/2018,2018,2,84609,29075,-10.4
Kenya,3/1/2018,2018,3,78243,29497,-16.64
Kenya,4/1/2018,2018,4,73698,29101,-28.84
Kenya,5/1/2018,2018,5,73826.74,28997,-27.43
Kenya,6/1/2018,2018,6,66063,22315,-35.63
Kenya,7/1/2018,2018,7,63196,21224,-31.53
Kenya,8/1/2018,2018,8,57396,16840,-42.33
Kenya,9/1/2018,2018,9,55272,15276,-45.52
Kenya,10/1/2018,2018,10,58017,15131,-39.22
Kenya,11/1/2018,2018,11,56692,15500,-38.77
Kenya,12/1/2018,2018,12,56405,18968,-35.57
Kenya,1/1/2018,2018,1,60954.22,28399.08,-8.59
Kenya,2/1/2018,2018,2,60886.42,28043.58,-8.7
Kenya,3/1/2018,2018,3,61443.43,28400.36,-15.64
Kenya,4/1/2018,2018,4,60420.43,26566.42,-18.93
Kenya,5/1/2018,2018,5,58959.95,25241.1,-22.94
Kenya,6/1/2018,2018,6,57590.82,24933.46,-23.22
Kenya,7/1/2018,2018,7,57441.89,24459.31,-20.31
Kenya,8/1/2018,2018,8,54706.84,21701.71,-23.1
Kenya,9/1/2018,2018,9,52342.68,18825.65,-27.05
Kenya,10/1/2018,2018,10,51103.25,18416.71,-27.87
Kenya,11/1/2018,2018,11,52913.22,20063.35,-19.39
Kenya,12/1/2018,2018,12,53616.55,20921.59,-14.49
Kenya,1/1/2018,2018,1,60305.87,26619.57,-10.64
Kenya,2/1/2018,2018,2,60418.54,26665.76,-8.07
Kenya,3/1/2018,2018,3,60450.73,26513.56,-10.38
Kenya,4/1/2018,2018,4,59495.9,24619.44,-19.66
Kenya,5/1/2018,2018,5,58692.1,24029.33,-21.41
Kenya,6/1/2018,2018,6,59268.08,23974.15,-18.62
Kenya,7/1/2018,2018,7,58213.72,24172.71,-18.43
Kenya,8/1/2018,2018,8,56055.2,23043.59,-19.46
Kenya,9/1/2018,2018,9,54396.95,21009.71,-18.49
Kenya,10/1/2018,2018,10,51183.61,19152.95,-24.38
Kenya,11/1/2018,2018,11,54199.45,21623.31,-16.09
Kenya,12/1/2018,2018,12,53805.76,21957.16,-13.08
Kenya,1/1/2018,2018,1,72039.24,39279.13,5.67
Kenya,2/1/2018,2018,2,69729.45,37117.11,-5.24
Kenya,3/1/2018,2018,3,69090.43,36260.06,-10.25
Kenya,4/1/2018,2018,4,66855.97,36543.74,-11.1
Kenya,5/1/2018,2018,5,66507.3,36023.02,-14
Kenya,6/1/2018,2018,6,65859.56,35894.04,-15.93
Kenya,7/1/2018,2018,7,64679.34,35216.65,-17.17
Kenya,8/1/2018,2018,8,63369.86,33836.05,-14.46
Kenya,9/1/2018,2018,9,62444.23,31837.24,-14.38
Kenya,10/1/2018,2018,10,63186.06,30353.34,-14.02
Kenya,11/1/2018,2018,11,63703.92,32291.68,-13.48
Kenya,12/1/2018,2018,12,63997.79,32839.22,-12.65
Kenya,1/1/2018,2018,1,57287.52,22116.92,-10.39
Kenya,2/1/2018,2018,2,57312.27,21660.75,-11.06
Kenya,3/1/2018,2018,3,56952.47,21975.61,-14
Kenya,4/1/2018,2018,4,56090.53,20813.98,-21.84
Kenya,5/1/2018,2018,5,55449.36,20630.52,-23.06
Kenya,6/1/2018,2018,6,56104.99,20904.35,-18.86
Kenya,7/1/2018,2018,7,55461.99,20721.75,-18.59
Kenya,8/1/2018,2018,8,52265.6,19664.13,-18.65
Kenya,9/1/2018,2018,9,50079.84,18208.01,-16.73
Kenya,10/1/2018,2018,10,49779.3,18268.68,-17.15
Kenya,11/1/2018,2018,11,51559.48,19824.85,-11.08
Kenya,12/1/2018,2018,12,51294.86,19659.01,-9.16
Kenya,1/1/2018,2018,1,69770.84,36829.5,0.08
Kenya,2/1/2018,2018,2,68469.42,35639.71,-7.29
Kenya,3/1/2018,2018,3,68973.48,36293.25,-9.44
Kenya,4/1/2018,2018,4,66560.41,34968.12,-18.17
Kenya,5/1/2018,2018,5,66780.92,34889.12,-16.98
Kenya,6/1/2018,2018,6,63015.54,31954.43,-24.39
Kenya,7/1/2018,2018,7,61818.41,31614.16,-22.84
Kenya,8/1/2018,2018,8,59241.1,28294.21,-24.89
Kenya,9/1/2018,2018,9,58181.44,26005.36,-26.95
Kenya,10/1/2018,2018,10,59116.41,27706.35,-22.16
Kenya,11/1/2018,2018,11,58579.34,26672.93,-20.66
Kenya,12/1/2018,2018,12,59913.86,28929.43,-16.12
Kenya,1/1/2018,2018,1,69418.65,28407.37,-5.69
Kenya,2/1/2018,2018,2,68726,27454.31,-6.19
Kenya,3/1/2018,2018,3,70213.67,29054.65,-13.35
Kenya,4/1/2018,2018,4,66440.31,25380.98,-24.49
Kenya,5/1/2018,2018,5,63794.35,22942.62,-31.28
Kenya,6/1/2018,2018,6,63263.51,22337.22,-30.29
Kenya,7/1/2018,2018,7,62774.65,21762.44,-28.52
Kenya,8/1/2018,2018,8,60568.45,19681.1,-30.42
Kenya,9/1/2018,2018,9,59900.54,19040.74,-29.3
Kenya,10/1/2018,2018,10,59696.4,18851.74,-27.41
Kenya,11/1/2018,2018,11,60491.67,19790.65,-20.11
Kenya,12/1/2018,2018,12,61027.66,20180.94,-17.38
Kenya,1/1/2018,2018,1,63177.23,25924.09,-13.77
Kenya,2/1/2018,2018,2,64422.03,27375.09,-9.78
Kenya,3/1/2018,2018,3,63494.32,27008.77,-19.82
Kenya,4/1/2018,2018,4,62031.31,25745.91,-28.15
Kenya,5/1/2018,2018,5,60938.9,24453.78,-30.2
Kenya,6/1/2018,2018,6,60658.54,23719.46,-30.64
Kenya,7/1/2018,2018,7,58987.28,23017.87,-30.04
Kenya,8/1/2018,2018,8,56189.89,19506.14,-30.77
Kenya,9/1/2018,2018,9,55401.56,19378.7,-27.08
Kenya,10/1/2018,2018,10,56327.21,19792.66,-21.96
Kenya,11/1/2018,2018,11,55508.1,20640.6,-20.42
Kenya,12/1/2018,2018,12,57098.8,21091.71,-13.09
Kenya,1/1/2018,2018,1,68546.92,38437.9,7.2
Kenya,2/1/2018,2018,2,65471.85,34119.26,-9.49
Kenya,3/1/2018,2018,3,65450.2,33519.71,-11.7
Kenya,4/1/2018,2018,4,64022.53,34223.33,-11.51
Kenya,5/1/2018,2018,5,63728.31,33422.8,-15.59
Kenya,6/1/2018,2018,6,63783.81,33167.57,-16.61
Kenya,7/1/2018,2018,7,62495.47,29870.84,-20.49
Kenya,8/1/2018,2018,8,60603.65,27956.16,-21.35
Kenya,9/1/2018,2018,9,60178.68,27348.91,-20.91
Kenya,10/1/2018,2018,10,60782.58,26565.02,-18.91
Kenya,11/1/2018,2018,11,59991.92,26835.96,-20.06
Kenya,12/1/2018,2018,12,59933.05,27750.87,-18.89
Kenya,1/1/2018,2018,1,59291,26768,-9.9
Kenya,2/1/2018,2018,2,58630.93,26299.16,-12.31
Kenya,3/1/2018,2018,3,58039.38,25904.11,-24.08
Kenya,4/1/2018,2018,4,57540.71,24386.82,-28.88
Kenya,5/1/2018,2018,5,55948.95,24402.03,-31.76
Kenya,6/1/2018,2018,6,55968.89,23695.15,-30.23
Kenya,7/1/2018,2018,7,55111.31,23504.05,-27.49
Kenya,8/1/2018,2018,8,52491.22,21477.71,-27.73
Kenya,9/1/2018,2018,9,50190.65,21142.84,-21.25
Kenya,10/1/2018,2018,10,49955.85,20887.58,-20.41
Kenya,11/1/2018,2018,11,51163.2,20782.89,-13.73
Kenya,12/1/2018,2018,12,51537.37,21287.92,-8.77
Kenya,1/1/2018,2018,1,64721.17,30527.91,-6.41
Kenya,2/1/2018,2018,2,65199.22,30835.16,-9.65
Kenya,3/1/2018,2018,3,65909.16,31970.92,-14.16
Kenya,4/1/2018,2018,4,63356.32,31495.06,-19.75
Kenya,5/1/2018,2018,5,63919.88,30888.4,-20.45
Kenya,6/1/2018,2018,6,60190.91,26818.9,-28.43
Kenya,7/1/2018,2018,7,60079.36,26056.9,-25.29
Kenya,8/1/2018,2018,8,55383.93,20314.4,-34.2
Kenya,9/1/2018,2018,9,53925.36,22868.66,-30.87
Kenya,10/1/2018,2018,10,54726.37,22281.58,-25.72
Kenya,11/1/2018,2018,11,54059.9,22446.05,-23.04
Kenya,12/1/2018,2018,12,55324.72,23229.23,-16.95
Kenya,1/1/2018,2018,1,60363.76,28453.52,-11.38
Kenya,2/1/2018,2018,2,59133.31,26734.7,-16.78
Kenya,3/1/2018,2018,3,58936.66,26896.29,-24.63
Kenya,4/1/2018,2018,4,58498.57,25052.39,-28.45
Kenya,5/1/2018,2018,5,57478.13,23606.82,-31.62
Kenya,6/1/2018,2018,6,57244.02,23167.94,-32.05
Kenya,7/1/2018,2018,7,56552.81,23595.19,-27.82
Kenya,8/1/2018,2018,8,54971.04,21230.37,-27.85
Kenya,9/1/2018,2018,9,52234.67,21122.13,-26.02
Kenya,10/1/2018,2018,10,51477.26,20915.61,-24.64
Kenya,11/1/2018,2018,11,52933.24,20788.87,-18.79
Kenya,12/1/2018,2018,12,53247.15,21203.03,-7.95
Kenya,1/1/2018,2018,1,80688.19,41298.9,1.31
Kenya,2/1/2018,2018,2,79146.13,40404.21,1.33
Kenya,3/1/2018,2018,3,79559.54,40515.31,-2.69
Kenya,4/1/2018,2018,4,79620.57,40393.55,-2.62
Kenya,5/1/2018,2018,5,79706.79,40425.22,-4
Kenya,6/1/2018,2018,6,75720.77,38391.85,-8.76
Kenya,7/1/2018,2018,7,76011.54,40680.86,-3.05
Kenya,8/1/2018,2018,8,73595.82,38718.15,-5.63
Kenya,9/1/2018,2018,9,71846.68,36804.09,-8.69
Kenya,10/1/2018,2018,10,73838.95,38408.3,-5.47
Kenya,11/1/2018,2018,11,71718.75,34541.74,-10.41
Kenya,12/1/2018,2018,12,75126.06,38160.98,-3.78
Kenya,1/1/2018,2018,1,68645.58,37940.35,3.8
Kenya,2/1/2018,2018,2,67800.7,37453.93,-4.77
Kenya,3/1/2018,2018,3,66251.44,36912.42,-11.57
Kenya,4/1/2018,2018,4,65296.07,36958.33,-12.86
Kenya,5/1/2018,2018,5,63734.17,36216.05,-16.3
Kenya,6/1/2018,2018,6,63524.3,35204.67,-17.28
Kenya,7/1/2018,2018,7,62160.71,34285.99,-18.54
Kenya,8/1/2018,2018,8,60195.04,31048.86,-21.47
Kenya,9/1/2018,2018,9,59477.63,30142.38,-18.45
Kenya,10/1/2018,2018,10,58494.99,27974.26,-19.24
Kenya,11/1/2018,2018,11,58692.97,29112.3,-18.03
Kenya,12/1/2018,2018,12,58748.67,29501.99,-18.16
Kenya,1/1/2018,2018,1,64446.73,28815.05,-10.51
Kenya,2/1/2018,2018,2,64759.07,28981.65,-14.35
Kenya,3/1/2018,2018,3,66194.4,29327.91,-18.32
Kenya,4/1/2018,2018,4,65116.02,32673.1,-20.2
Kenya,5/1/2018,2018,5,65177.01,30110.05,-22.64
Kenya,6/1/2018,2018,6,61882.22,23519.89,-31.03
Kenya,7/1/2018,2018,7,61633.4,24082.69,-28.64
Kenya,8/1/2018,2018,8,57154.08,21469.99,-33.81
Kenya,9/1/2018,2018,9,55383.7,23423.1,-30.21
Kenya,10/1/2018,2018,10,54991.74,22233.92,-24.59
Kenya,11/1/2018,2018,11,55450.77,24134.98,-17.63
Kenya,12/1/2018,2018,12,56754.44,26745.22,-11.91
Kenya,1/1/2018,2018,1,62169.34,33971.28,2.38
Kenya,2/1/2018,2018,2,62467.48,33403.3,-5
Kenya,3/1/2018,2018,3,59017.23,32439.06,-11.15
Kenya,4/1/2018,2018,4,58087.54,32328.71,-14.92
Kenya,5/1/2018,2018,5,57153.78,28323.06,-23.65
Kenya,6/1/2018,2018,6,56209.96,27316.68,-28.21
Kenya,7/1/2018,2018,7,56210.25,27196.82,-25.16
Kenya,8/1/2018,2018,8,53440.18,26573.45,-23.28
Kenya,9/1/2018,2018,9,52912.34,26732.86,-20.17
Kenya,10/1/2018,2018,10,53269.55,27579.15,-15.52
Kenya,11/1/2018,2018,11,51535.02,26768.01,-19.34
Kenya,12/1/2018,2018,12,52970.89,27043.11,-18.44
Kenya,1/1/2018,2018,1,57624.05,22023.45,-10.02
Kenya,2/1/2018,2018,2,56712.45,22207.61,-9.09
Kenya,3/1/2018,2018,3,56486.23,22086.58,-12.17
Kenya,4/1/2018,2018,4,56009.74,21073.59,-21.97
Kenya,5/1/2018,2018,5,54931.95,20960.82,-22.92
Kenya,6/1/2018,2018,6,55939.46,20940.84,-20.03
Kenya,7/1/2018,2018,7,55073.26,20643.08,-19.92
Kenya,8/1/2018,2018,8,52971.23,19651.26,-17
Kenya,9/1/2018,2018,9,49921.28,18178.56,-17.58
Kenya,10/1/2018,2018,10,50287.23,18285.13,-16.99
Kenya,11/1/2018,2018,11,50682.42,19006.96,-12.73
Kenya,12/1/2018,2018,12,51098.88,19482.31,-9.98
Kenya,1/1/2018,2018,1,81713.31,45546.47,-3.67
Kenya,2/1/2018,2018,2,80730.04,48063.94,-2.56
Kenya,3/1/2018,2018,3,81408.5,47668.64,-4.02
Kenya,4/1/2018,2018,4,77445.74,47817.78,-5.82
Kenya,5/1/2018,2018,5,77347.92,48102.29,-4.5
Kenya,6/1/2018,2018,6,70361.99,44359.43,-13.52
Kenya,7/1/2018,2018,7,71307.19,44172.8,-12.47
Kenya,8/1/2018,2018,8,65974.93,37989.98,-20.67
Kenya,9/1/2018,2018,9,65136.23,37475.1,-21.01
Kenya,10/1/2018,2018,10,65632.95,37060.81,-21.55
Kenya,11/1/2018,2018,11,65111.73,37884.57,-20.99
Kenya,12/1/2018,2018,12,66521.93,38775.47,-17.13
Kenya,1/1/2018,2018,1,74254.16,42745.49,6.68
Kenya,2/1/2018,2018,2,72717.29,40192.01,-5.59
Kenya,3/1/2018,2018,3,70958.5,38521.54,-12.54
Kenya,4/1/2018,2018,4,69165.39,37947.14,-15.99
Kenya,5/1/2018,2018,5,67304.61,37109.86,-17.26
Kenya,6/1/2018,2018,6,67934.99,37661.03,-18.02
Kenya,7/1/2018,2018,7,66994.58,36798,-18.88
Kenya,8/1/2018,2018,8,65207.64,35570.63,-17.32
Kenya,9/1/2018,2018,9,64217.17,35560.48,-15.41
Kenya,10/1/2018,2018,10,65157.79,34851.28,-12.05
Kenya,11/1/2018,2018,11,65102.07,36152.17,-12.18
Kenya,12/1/2018,2018,12,65764.46,36104.98,-11.38
Kenya,1/1/2018,2018,1,65907.44,33696.82,-3.77
Kenya,2/1/2018,2018,2,65212.4,34284.32,-8.02
Kenya,3/1/2018,2018,3,66333.17,34104.14,-12.73
Kenya,4/1/2018,2018,4,64881.31,34329.91,-18.14
Kenya,5/1/2018,2018,5,64710.61,33804.01,-20.38
Kenya,6/1/2018,2018,6,61530.55,30209.63,-27.53
Kenya,7/1/2018,2018,7,59725.11,27942.61,-24.55
Kenya,8/1/2018,2018,8,55659.67,23583.84,-31.12
Kenya,9/1/2018,2018,9,55625.1,24331.61,-28.17
Kenya,10/1/2018,2018,10,55304.43,23727.36,-25.95
Kenya,11/1/2018,2018,11,55022.56,24864.68,-21.67
Kenya,12/1/2018,2018,12,56599.34,26427.19,-14.34
Kenya,1/1/2018,2018,1,71336.07,35352.83,-3.33
Kenya,2/1/2018,2018,2,70258.82,34729.16,-8.65
Kenya,3/1/2018,2018,3,70903.04,35022.95,-11.31
Kenya,4/1/2018,2018,4,68394.54,33611.07,-15.07
Kenya,5/1/2018,2018,5,68774.4,34179.38,-15.78
Kenya,6/1/2018,2018,6,65612.73,31037.47,-21.18
Kenya,7/1/2018,2018,7,65943.22,31289.84,-17.79
Kenya,8/1/2018,2018,8,61594.16,29425.25,-21.97
Kenya,9/1/2018,2018,9,60285.96,28487.62,-22.53
Kenya,10/1/2018,2018,10,61274.48,28457.09,-20.4
Kenya,11/1/2018,2018,11,59703.6,29041.13,-18.23
Kenya,12/1/2018,2018,12,62257.81,31102.51,-10.62
Kenya,1/1/2018,2018,1,57768.35,28253.28,-3.15
Kenya,2/1/2018,2018,2,56900.17,28164.8,-10.67
Kenya,3/1/2018,2018,3,56412.21,28287.07,-16.17
Kenya,4/1/2018,2018,4,56489.67,28441.74,-20.04
Kenya,5/1/2018,2018,5,54902.11,27683.72,-27.57
Kenya,6/1/2018,2018,6,53127.54,24810.89,-31.69
Kenya,7/1/2018,2018,7,52043.17,24061.35,-26.75
Kenya,8/1/2018,2018,8,50308.3,22649.67,-26.66
Kenya,9/1/2018,2018,9,49526.89,22455.17,-26.33
Kenya,10/1/2018,2018,10,49598.5,22489.2,-20.4
Kenya,11/1/2018,2018,11,49858.87,22797.63,-15.38
Kenya,12/1/2018,2018,12,50962.26,23935.62,-9.38
Kenya,1/1/2018,2018,1,68861.43,31387.27,-3.26
Kenya,2/1/2018,2018,2,67620.5,32035.62,-8.06
Kenya,3/1/2018,2018,3,67353.45,30294.8,-16.02
Kenya,4/1/2018,2018,4,66288.5,29875.57,-17.2
Kenya,5/1/2018,2018,5,64996.31,28459.04,-22.07
Kenya,6/1/2018,2018,6,64630.79,30005.11,-19.15
Kenya,7/1/2018,2018,7,63581.97,27827.29,-21.26
Kenya,8/1/2018,2018,8,60867.17,23933.82,-21.92
Kenya,9/1/2018,2018,9,61160.22,23714.03,-18.32
Kenya,10/1/2018,2018,10,60286.79,23369.94,-18.42
Kenya,11/1/2018,2018,11,61511.14,24196.63,-15.06
Kenya,12/1/2018,2018,12,61988.67,24393.49,-13.93
Kenya,1/1/2018,2018,1,58123.82,22957.65,-9.69
Kenya,2/1/2018,2018,2,58358.43,23738.34,-8.83
Kenya,3/1/2018,2018,3,57761.6,22858.96,-12.32
Kenya,4/1/2018,2018,4,56540.17,22498.09,-17.68
Kenya,5/1/2018,2018,5,56199.73,22650.12,-18.85
Kenya,6/1/2018,2018,6,56911.91,22215.11,-18.26
Kenya,7/1/2018,2018,7,56052.12,22227.57,-17.01
Kenya,8/1/2018,2018,8,53944.92,20979.55,-15.96
Kenya,9/1/2018,2018,9,53093.58,20195.87,-13.64
Kenya,10/1/2018,2018,10,50953.11,19061.99,-18.35
Kenya,11/1/2018,2018,11,52456,20760.28,-10.56
Kenya,12/1/2018,2018,12,53103.78,20840.8,-7.16
Kenya,1/1/2018,2018,1,61652.37,28724.37,-12.82
Kenya,2/1/2018,2018,2,60731.48,29717.57,-11.99
Kenya,3/1/2018,2018,3,61144.31,29605.01,-20.2
Kenya,4/1/2018,2018,4,59263.83,28335.68,-28.92
Kenya,5/1/2018,2018,5,58217.02,25327.93,-33.88
Kenya,6/1/2018,2018,6,58329.12,27139.38,-30.8
Kenya,7/1/2018,2018,7,57538.53,25753.71,-28.38
Kenya,8/1/2018,2018,8,53964.42,22374.74,-26.41
Kenya,9/1/2018,2018,9,53113.39,21194,-21.89
Kenya,10/1/2018,2018,10,53022.1,21257.87,-21.89
Kenya,11/1/2018,2018,11,53291.04,23067.83,-16.37
Kenya,12/1/2018,2018,12,54185,23567.01,-11.85
Kenya,1/1/2018,2018,1,63817.23,29770.02,-4.81
Kenya,2/1/2018,2018,2,62658.52,27667.7,-13.23
Kenya,3/1/2018,2018,3,63020.07,27965.34,-18.37
Kenya,4/1/2018,2018,4,61334.12,27129.86,-24.27
Kenya,5/1/2018,2018,5,62244.6,27723.91,-23.21
Kenya,6/1/2018,2018,6,61766.44,27584.72,-23.34
Kenya,7/1/2018,2018,7,60215.8,26920.96,-20.68
Kenya,8/1/2018,2018,8,57858.21,23082.76,-21.32
Kenya,9/1/2018,2018,9,57359.45,23015.77,-16.33
Kenya,10/1/2018,2018,10,56156.33,22160.07,-17.41
Kenya,11/1/2018,2018,11,58408.79,24612.97,-10.95
Kenya,12/1/2018,2018,12,58185.41,23945.18,-10.83
Kenya,1/1/2018,2018,1,63954.69,29417.6,-3.63
Kenya,2/1/2018,2018,2,63412.12,29610.53,-7.76
Kenya,3/1/2018,2018,3,61185.73,27624.01,-19.28
Kenya,4/1/2018,2018,4,60643.93,28040.44,-20.98
Kenya,5/1/2018,2018,5,60426.3,28034.04,-21.91
Kenya,6/1/2018,2018,6,60412.91,27857.55,-19.93
Kenya,7/1/2018,2018,7,60238.48,26807.11,-17.83
Kenya,8/1/2018,2018,8,56595.06,22921.79,-20.67
Kenya,9/1/2018,2018,9,56281.29,22883.89,-15.99
Kenya,10/1/2018,2018,10,55711.8,21822.1,-17.81
Kenya,11/1/2018,2018,11,56218.56,22477.63,-17.28
Kenya,12/1/2018,2018,12,57554.16,24098.67,-11.03
Kenya,1/1/2018,2018,1,58883.39,22473.14,-7.76
Kenya,2/1/2018,2018,2,57984.39,21846.03,-10.33
Kenya,3/1/2018,2018,3,58241.95,23087.93,-9.8
Kenya,4/1/2018,2018,4,57653.48,21537.27,-17.77
Kenya,5/1/2018,2018,5,57235.57,21583.81,-17.46
Kenya,6/1/2018,2018,6,58154.58,21742.3,-17.32
Kenya,7/1/2018,2018,7,57165.08,21150.2,-15.96
Kenya,8/1/2018,2018,8,54567.27,19896.56,-17.1
Kenya,9/1/2018,2018,9,53264.53,18899.32,-19.69
Kenya,10/1/2018,2018,10,51850.56,18260.4,-18.53
Kenya,11/1/2018,2018,11,52700.62,19286.46,-17.91
Kenya,12/1/2018,2018,12,52661.07,19769.35,-9.17
Kenya,1/1/2018,2018,1,57001.36,21239.72,-6.4
Kenya,2/1/2018,2018,2,57978.12,22331.34,-3.06
Kenya,3/1/2018,2018,3,57419.63,21750.5,-8.83
Kenya,4/1/2018,2018,4,56096.41,20627.75,-16.89
Kenya,5/1/2018,2018,5,55182.22,21316.24,-16.48
Kenya,6/1/2018,2018,6,56168.78,20684.16,-14.12
Kenya,7/1/2018,2018,7,54828.29,21173.63,-12.71
Kenya,8/1/2018,2018,8,52714.08,19851.02,-13.16
Kenya,9/1/2018,2018,9,52150.32,19135.1,-12.26
Kenya,10/1/2018,2018,10,50190.82,19181.96,-15.03
Kenya,11/1/2018,2018,11,51306.18,19861.43,-10.23
Kenya,12/1/2018,2018,12,51541.04,19772.21,-7.65
Kenya,1/1/2018,2018,1,77799.98,43032.58,8.08
Kenya,2/1/2018,2018,2,74328.98,38560.75,-7.65
Kenya,3/1/2018,2018,3,74455.25,37872.16,-13.75
Kenya,4/1/2018,2018,4,72189.26,38844.77,-14.07
Kenya,5/1/2018,2018,5,69782.91,37894.31,-18.47
Kenya,6/1/2018,2018,6,69633.22,37616.78,-20.74
Kenya,7/1/2018,2018,7,68401.74,37249.22,-20.82
Kenya,8/1/2018,2018,8,66344.21,36330.77,-17.84
Kenya,9/1/2018,2018,9,66011.8,36078.87,-16.05
Kenya,10/1/2018,2018,10,67614.58,33764.81,-12.63
Kenya,11/1/2018,2018,11,68437.76,35481.34,-12.3
Kenya,12/1/2018,2018,12,68393.81,36268.59,-11.64
Kenya,1/1/2018,2018,1,57185.06,22648.38,-9.7
Kenya,2/1/2018,2018,2,57054.99,22575.62,-8.43
Kenya,3/1/2018,2018,3,57011.71,22640.07,-12.11
Kenya,4/1/2018,2018,4,56324.65,21368.52,-21.51
Kenya,5/1/2018,2018,5,56183.69,20948.94,-22.27
Kenya,6/1/2018,2018,6,56017.85,20878.57,-20.26
Kenya,7/1/2018,2018,7,56280.08,20799.19,-18.49
Kenya,8/1/2018,2018,8,52582.01,19683.2,-19.18
Kenya,9/1/2018,2018,9,50848.2,18654.14,-16.39
Kenya,10/1/2018,2018,10,49997.87,18449.35,-17.22
Kenya,11/1/2018,2018,11,51477.28,19482.59,-12.32
Kenya,12/1/2018,2018,12,51824.76,20149.36,-7.83
Kenya,1/1/2018,2018,1,58126.86,22686.03,-7.97
Kenya,2/1/2018,2018,2,56957.32,22124.94,-9.11
Kenya,3/1/2018,2018,3,57203.69,22441.47,-12.08
Kenya,4/1/2018,2018,4,55565.79,20569.9,-22.22
Kenya,5/1/2018,2018,5,55353.64,20830.51,-22.65
Kenya,6/1/2018,2018,6,56389.09,21238.4,-19.82
Kenya,7/1/2018,2018,7,55396.84,20534.37,-20.1
Kenya,8/1/2018,2018,8,53045.46,19500.15,-17.69
Kenya,9/1/2018,2018,9,50506.8,18241.83,-16.76
Kenya,10/1/2018,2018,10,50318.31,18435.23,-15.24
Kenya,11/1/2018,2018,11,51472.52,19420.29,-12.04
Kenya,12/1/2018,2018,12,51385.54,19531.2,-9.66
Kenya,1/1/2018,2018,1,57002.85,22896.36,-8.96
Kenya,2/1/2018,2018,2,57354.77,22456.51,-9.17
Kenya,3/1/2018,2018,3,56776.52,21866.9,-13.2
Kenya,4/1/2018,2018,4,55173.4,21108.59,-22.42
Kenya,5/1/2018,2018,5,55215.59,20860.46,-23.47
Kenya,6/1/2018,2018,6,56600.64,21517.2,-20.04
Kenya,7/1/2018,2018,7,55248.85,21037.96,-19.31
Kenya,8/1/2018,2018,8,52856.82,20007.6,-18.51
Kenya,9/1/2018,2018,9,50484.23,18620.59,-16.9
Kenya,10/1/2018,2018,10,49996.26,18205.37,-16.97
Kenya,11/1/2018,2018,11,51317.94,20013.57,-10.78
Kenya,12/1/2018,2018,12,51581.72,19882.37,-9.31
Kenya,1/1/2018,2018,1,57553.87,22365.62,-7.6
Kenya,2/1/2018,2018,2,57383.04,22025.05,-7.95
Kenya,3/1/2018,2018,3,56964.03,21372.78,-12.21
Kenya,4/1/2018,2018,4,56199.16,21199.06,-19.56
Kenya,5/1/2018,2018,5,54851.95,20684.74,-22.78
Kenya,6/1/2018,2018,6,55549.52,20888.1,-19.85
Kenya,7/1/2018,2018,7,55424.63,20849.27,-18.2
Kenya,8/1/2018,2018,8,52604.92,19705.81,-16.46
Kenya,9/1/2018,2018,9,50917.43,18630.6,-17.51
Kenya,10/1/2018,2018,10,49736.86,18057.15,-17.68
Kenya,11/1/2018,2018,11,51049.25,19594.88,-13
Kenya,12/1/2018,2018,12,51059.92,19534.48,-10.66
Kenya,1/1/2018,2018,1,67713.62,31893.2,-1.74
Kenya,2/1/2018,2018,2,66163.03,30672.02,-10.48
Kenya,3/1/2018,2018,3,66493.17,30529.42,-15.11
Kenya,4/1/2018,2018,4,64706.68,28791.74,-19.48
Kenya,5/1/2018,2018,5,64057.23,28651.19,-21.37
Kenya,6/1/2018,2018,6,63448.48,28871.43,-20.66
Kenya,7/1/2018,2018,7,63091.09,27773.01,-21.33
Kenya,8/1/2018,2018,8,60399.57,24285.69,-20.47
Kenya,9/1/2018,2018,9,59978.35,23551.83,-17.8
Kenya,10/1/2018,2018,10,59076.22,22683.56,-18.7
Kenya,11/1/2018,2018,11,60921.63,23479.72,-16.58
Kenya,12/1/2018,2018,12,61621.92,25866.19,-10.27
Kenya,1/1/2019,2019,1,56304.56,22665.83,-9.37
Kenya,2/1/2019,2019,2,56184.46,21804.17,-13.37
Kenya,3/1/2019,2019,3,56708.73,22420.6,-11.89
Kenya,4/1/2019,2019,4,61380.23,27079.37,9.61
Kenya,5/1/2019,2019,5,64246.74,30740.65,20.23
Kenya,6/1/2019,2019,6,68251.62,33928.05,31.78
Kenya,7/1/2019,2019,7,69243.13,35953.07,36.76
Kenya,8/1/2019,2019,8,71854.59,36911.92,44.93
Kenya,9/1/2019,2019,9,65679.26,31743,33.9
Kenya,10/1/2019,2019,10,64936.26,31707.55,24.33
Kenya,11/1/2019,2019,11,64706.43,31366.11,28.49
Kenya,12/1/2019,2019,12,64096.89,30648.75,24.76
Kenya,1/1/2019,2019,1,53926.19,24464.94,-13.55
Kenya,2/1/2019,2019,2,53280.03,22933.28,-14
Kenya,3/1/2019,2019,3,53573.54,23517.1,-14.29
Kenya,4/1/2019,2019,4,57742.36,27433.94,-1.58
Kenya,5/1/2019,2019,5,61819.43,32834.22,10.57
Kenya,6/1/2019,2019,6,64154.17,39145.54,36.27
Kenya,7/1/2019,2019,7,64173.55,38138.09,34.39
Kenya,8/1/2019,2019,8,64432.33,38028.22,44.3
Kenya,9/1/2019,2019,9,63411.81,35900.41,39.25
Kenya,10/1/2019,2019,10,63186.79,32671.48,32.31
Kenya,11/1/2019,2019,11,63273.3,33492.71,33.45
Kenya,12/1/2019,2019,12,60737.45,28557.77,18.62
Kenya,1/1/2019,2019,1,52961.25,20283.64,-9.32
Kenya,2/1/2019,2019,2,52612.66,19810.54,-9.99
Kenya,3/1/2019,2019,3,53967.81,20409.12,-6.73
Kenya,4/1/2019,2019,4,57065.58,22735.68,4.22
Kenya,5/1/2019,2019,5,58691.38,25714.48,12.25
Kenya,6/1/2019,2019,6,59779.12,27380.61,15.51
Kenya,7/1/2019,2019,7,60461.89,28396.7,19.82
Kenya,8/1/2019,2019,8,62169.95,28524.16,27.36
Kenya,9/1/2019,2019,9,59810.22,27194,28.56
Kenya,10/1/2019,2019,10,60047.03,25212.07,27.95
Kenya,11/1/2019,2019,11,59451.44,24859.15,17.93
Kenya,12/1/2019,2019,12,58502.52,23738.47,14.83
Kenya,1/1/2019,2019,1,51660.44,24351.73,-13.74
Kenya,2/1/2019,2019,2,50772.1,23386.21,-17.57
Kenya,3/1/2019,2019,3,52255.36,24324.16,-14.55
Kenya,4/1/2019,2019,4,55558.09,27943.11,-3.36
Kenya,5/1/2019,2019,5,59846.02,34436.87,12.62
Kenya,6/1/2019,2019,6,62056.54,37251.14,29.4
Kenya,7/1/2019,2019,7,62006.97,35394.65,27.74
Kenya,8/1/2019,2019,8,62432.77,36106.51,44.18
Kenya,9/1/2019,2019,9,60742.36,33685.66,35.79
Kenya,10/1/2019,2019,10,59996.67,30687.01,29.03
Kenya,11/1/2019,2019,11,60872.69,33916.86,34.44
Kenya,12/1/2019,2019,12,58432.01,27829.98,16.82
Kenya,1/1/2019,2019,1,54223.33,23554.05,-14.1
Kenya,2/1/2019,2019,2,54377.64,23864.53,-12.63
Kenya,3/1/2019,2019,3,55820.61,25191.87,-8.54
Kenya,4/1/2019,2019,4,58229.02,27869.55,0.05
Kenya,5/1/2019,2019,5,61777.85,34382.91,17.59
Kenya,6/1/2019,2019,6,63099.09,36521.05,23.55
Kenya,7/1/2019,2019,7,62946.84,35862.36,24.19
Kenya,8/1/2019,2019,8,66704.97,40058.87,44.48
Kenya,9/1/2019,2019,9,62858.3,34103.29,36.09
Kenya,10/1/2019,2019,10,62508.75,33189.04,41.17
Kenya,11/1/2019,2019,11,61806.63,32691.97,31.39
Kenya,12/1/2019,2019,12,61871.85,32641.33,26.94
Kenya,1/1/2019,2019,1,66829.53,31601.2,-7.92
Kenya,2/1/2019,2019,2,63223.11,28365.55,-14.45
Kenya,3/1/2019,2019,3,65805.29,31386.18,-11.19
Kenya,4/1/2019,2019,4,70787.34,36070.8,1.12
Kenya,5/1/2019,2019,5,73001.32,40565.35,9.08
Kenya,6/1/2019,2019,6,74497.68,42908.4,20.13
Kenya,7/1/2019,2019,7,75218.34,43827.39,29.59
Kenya,8/1/2019,2019,8,74924.41,41386.48,37.8
Kenya,9/1/2019,2019,9,73865,40494.22,37.3
Kenya,10/1/2019,2019,10,74111.25,38957.16,39.6
Kenya,11/1/2019,2019,11,74572.45,40073.89,37.02
Kenya,12/1/2019,2019,12,71802.09,35080.95,20.84
Kenya,1/1/2019,2019,1,49911.94,19556.43,-9.34
Kenya,2/1/2019,2019,2,50109.48,19480.68,-10.25
Kenya,3/1/2019,2019,3,50228.02,20406.03,-7.78
Kenya,4/1/2019,2019,4,53907.85,22166.99,1.66
Kenya,5/1/2019,2019,5,57368.05,24745.29,11.88
Kenya,6/1/2019,2019,6,58052.03,26544.66,15.26
Kenya,7/1/2019,2019,7,58476.54,28413.63,21.92
Kenya,8/1/2019,2019,8,60620.63,30792.11,35.92
Kenya,9/1/2019,2019,9,58583.93,26404.19,29.31
Kenya,10/1/2019,2019,10,58086.92,25216.14,29.99
Kenya,11/1/2019,2019,11,57446.04,24523.07,22.07
Kenya,12/1/2019,2019,12,56145.37,23691.42,17.7
Kenya,1/1/2019,2019,1,64064.88,33268.42,-11.52
Kenya,2/1/2019,2019,2,61727.03,32882.71,-13.06
Kenya,3/1/2019,2019,3,64308.22,33492.25,-10.37
Kenya,4/1/2019,2019,4,68883.44,37977.61,-1.18
Kenya,5/1/2019,2019,5,73141.11,40026.78,6.93
Kenya,6/1/2019,2019,6,74994.69,42500.09,15.65
Kenya,7/1/2019,2019,7,75902.62,43876.44,19.92
Kenya,8/1/2019,2019,8,75650.44,43686.52,30.46
Kenya,9/1/2019,2019,9,74152.2,42374.85,39.45
Kenya,10/1/2019,2019,10,73771.84,41671.24,34.4
Kenya,11/1/2019,2019,11,75000.77,42167.72,34.84
Kenya,12/1/2019,2019,12,70788.3,39201.68,19.5
Kenya,1/1/2019,2019,1,53140.26,23535.83,-9.85
Kenya,2/1/2019,2019,2,53659.12,23353.14,-12.15
Kenya,3/1/2019,2019,3,54132.58,24394.54,-8.93
Kenya,4/1/2019,2019,4,57847.43,27526.45,2.76
Kenya,5/1/2019,2019,5,60612.8,32479.12,14.43
Kenya,6/1/2019,2019,6,61787.6,35864.9,23.16
Kenya,7/1/2019,2019,7,62347,36540.2,28
Kenya,8/1/2019,2019,8,64714.11,38161.58,41.63
Kenya,9/1/2019,2019,9,62237.54,34880.18,35.15
Kenya,10/1/2019,2019,10,61794.35,33245.4,38.17
Kenya,11/1/2019,2019,11,61734.09,31293.74,27.68
Kenya,12/1/2019,2019,12,60145.04,29819.35,20.57
Kenya,1/1/2019,2019,1,60544.78,24392.37,-13.99
Kenya,2/1/2019,2019,2,61017.6,25055.71,-13.78
Kenya,3/1/2019,2019,3,62096.96,26742.32,-10.8
Kenya,4/1/2019,2019,4,67087.48,30176.35,2.51
Kenya,5/1/2019,2019,5,69663.7,32998.3,13.97
Kenya,6/1/2019,2019,6,70666.2,34191,17.92
Kenya,7/1/2019,2019,7,72045.48,35382.89,20.98
Kenya,8/1/2019,2019,8,71950.23,35998.29,27.48
Kenya,9/1/2019,2019,9,70109.87,34508.45,35.37
Kenya,10/1/2019,2019,10,69944.52,33825.82,33.39
Kenya,11/1/2019,2019,11,69961.92,32979.58,25.6
Kenya,12/1/2019,2019,12,69182.18,32078.74,19.42
Kenya,1/1/2019,2019,1,62628.34,25302.83,-13.9
Kenya,2/1/2019,2019,2,61300.59,23581.5,-16.92
Kenya,3/1/2019,2019,3,63340.11,26675.68,-9.77
Kenya,4/1/2019,2019,4,66860,30773.01,4.76
Kenya,5/1/2019,2019,5,69396.44,32773.7,7.92
Kenya,6/1/2019,2019,6,70550.11,35212.38,17.55
Kenya,7/1/2019,2019,7,72794.82,36470.39,21.92
Kenya,8/1/2019,2019,8,73061.39,36601.37,34.19
Kenya,9/1/2019,2019,9,71747.48,35459.93,31.22
Kenya,10/1/2019,2019,10,69923.09,33852.42,28.02
Kenya,11/1/2019,2019,11,69521.42,33832.37,25.26
Kenya,12/1/2019,2019,12,68204.17,32152.31,16.22
Kenya,1/1/2019,2019,1,54117.21,21207.92,-11.17
Kenya,2/1/2019,2019,2,53679.1,21127.99,-11.49
Kenya,3/1/2019,2019,3,55603.49,22932.73,-3.65
Kenya,4/1/2019,2019,4,57827.31,25641.57,5.43
Kenya,5/1/2019,2019,5,61455.65,31342.44,19.88
Kenya,6/1/2019,2019,6,62153.23,33727.29,26.76
Kenya,7/1/2019,2019,7,62532.17,30919.12,20.79
Kenya,8/1/2019,2019,8,61977.9,30965.5,28.19
Kenya,9/1/2019,2019,9,62036.44,30318.47,32.72
Kenya,10/1/2019,2019,10,61829.68,29308.64,33.89
Kenya,11/1/2019,2019,11,62430.12,29665.25,28.99
Kenya,12/1/2019,2019,12,61133.13,27459.95,20.7
Kenya,1/1/2019,2019,1,55646.33,22268.69,-18.25
Kenya,2/1/2019,2019,2,55905.61,22649.19,-16.32
Kenya,3/1/2019,2019,3,58729.01,26090.47,-6.33
Kenya,4/1/2019,2019,4,60721.05,29220.98,3.11
Kenya,5/1/2019,2019,5,64220.52,35387.02,18.16
Kenya,6/1/2019,2019,6,67021.59,38156,24.39
Kenya,7/1/2019,2019,7,66510.49,38394.74,27.41
Kenya,8/1/2019,2019,8,67572.64,40402.71,42.53
Kenya,9/1/2019,2019,9,64105.56,35586.87,42.92
Kenya,10/1/2019,2019,10,62668.47,34009.27,42.07
Kenya,11/1/2019,2019,11,63482.14,34989.15,35.17
Kenya,12/1/2019,2019,12,62622.75,32280.85,31.3
Kenya,1/1/2019,2019,1,60847.15,30925.55,-11.36
Kenya,2/1/2019,2019,2,57587.67,25901.57,-21.84
Kenya,3/1/2019,2019,3,59979.7,27324.71,-17.27
Kenya,4/1/2019,2019,4,64768.46,32915.74,-3.53
Kenya,5/1/2019,2019,5,68540,37417.64,6.75
Kenya,6/1/2019,2019,6,72056.08,39792.23,20.78
Kenya,7/1/2019,2019,7,72203.28,38843.94,21.6
Kenya,8/1/2019,2019,8,72276.1,39177.4,41.49
Kenya,9/1/2019,2019,9,70755.36,38002.82,36.32
Kenya,10/1/2019,2019,10,69188.61,37384.39,33.7
Kenya,11/1/2019,2019,11,70513.8,38110.21,34.95
Kenya,12/1/2019,2019,12,68165.07,35870.48,22.37
Kenya,1/1/2019,2019,1,63729.86,30909.46,-14.17
Kenya,2/1/2019,2019,2,62530.3,29295.48,-13.93
Kenya,3/1/2019,2019,3,63866.27,30614.08,-13.27
Kenya,4/1/2019,2019,4,67561.65,34566.2,-0.97
Kenya,5/1/2019,2019,5,72001.67,37619.51,7.4
Kenya,6/1/2019,2019,6,74147.9,38716.86,17.89
Kenya,7/1/2019,2019,7,74598.62,38653.99,16.92
Kenya,8/1/2019,2019,8,74779.01,38043.39,23.3
Kenya,9/1/2019,2019,9,73058.45,38579.59,32.28
Kenya,10/1/2019,2019,10,72003.65,38062.31,29.4
Kenya,11/1/2019,2019,11,73607.97,37793.12,37.18
Kenya,12/1/2019,2019,12,70667.48,36878.5,19.5
Kenya,1/1/2019,2019,1,54494.26,18985.55,-17.8
Kenya,2/1/2019,2019,2,54137.91,20576.33,-13.94
Kenya,3/1/2019,2019,3,54803.07,19114.15,-15.24
Kenya,4/1/2019,2019,4,57265.84,25047.25,1.72
Kenya,5/1/2019,2019,5,61981.28,28889.41,17.71
Kenya,6/1/2019,2019,6,64248.48,31548.68,24.79
Kenya,7/1/2019,2019,7,67736.28,33196.99,33.92
Kenya,8/1/2019,2019,8,68772.82,34238.58,44.21
Kenya,9/1/2019,2019,9,64042.51,29897.69,36.47
Kenya,10/1/2019,2019,10,64844.5,29708.6,32.01
Kenya,11/1/2019,2019,11,64151.74,29802.24,34.12
Kenya,12/1/2019,2019,12,62115.27,27394.12,24.71
Kenya,1/1/2019,2019,1,58752.82,27766.26,-14.3
Kenya,2/1/2019,2019,2,56617.16,24510.01,-20.64
Kenya,3/1/2019,2019,3,59418.42,24288.22,-20.68
Kenya,4/1/2019,2019,4,65107.01,30840.85,-4.37
Kenya,5/1/2019,2019,5,68803.73,37320.93,7.47
Kenya,6/1/2019,2019,6,70821.91,40400.85,26.47
Kenya,7/1/2019,2019,7,70719.18,39685.43,31.68
Kenya,8/1/2019,2019,8,70653.48,39400.08,41.97
Kenya,9/1/2019,2019,9,68710.01,37850.12,41.17
Kenya,10/1/2019,2019,10,68032.26,36422,39.91
Kenya,11/1/2019,2019,11,70262.45,37454.91,39.26
Kenya,12/1/2019,2019,12,66302.51,30960.26,16.29
Kenya,1/1/2019,2019,1,61444.7,26626.66,-17.53
Kenya,2/1/2019,2019,2,58507.16,26292.5,-20.28
Kenya,3/1/2019,2019,3,60291.69,29007.62,-15.63
Kenya,4/1/2019,2019,4,65784.15,34046.74,-1.85
Kenya,5/1/2019,2019,5,69682.91,37320.5,4.91
Kenya,6/1/2019,2019,6,73247.66,39671.43,15.09
Kenya,7/1/2019,2019,7,72355.32,39461.08,18.98
Kenya,8/1/2019,2019,8,75059.09,41136.65,36.32
Kenya,9/1/2019,2019,9,70850.52,37935.66,37.62
Kenya,10/1/2019,2019,10,71094.55,37846.44,45.03
Kenya,11/1/2019,2019,11,72267.49,38936.29,44.93
Kenya,12/1/2019,2019,12,68539.75,35102.98,29.31
Kenya,1/1/2019,2019,1,55658.06,21838.2,-11.24
Kenya,2/1/2019,2019,2,54782.15,20977.82,-12
Kenya,3/1/2019,2019,3,55995.94,21919.91,-12.6
Kenya,4/1/2019,2019,4,58924.77,24788.37,2.21
Kenya,5/1/2019,2019,5,63545.62,29649.08,16.11
Kenya,6/1/2019,2019,6,68205.38,33735.9,30.18
Kenya,7/1/2019,2019,7,69947.87,34303.55,34.25
Kenya,8/1/2019,2019,8,70365.3,35711.93,43.3
Kenya,9/1/2019,2019,9,66287.41,30994.95,34.71
Kenya,10/1/2019,2019,10,63985.98,28587.85,30.25
Kenya,11/1/2019,2019,11,64528.23,29757.69,27.22
Kenya,12/1/2019,2019,12,62608.34,27058.45,18.9
Kenya,1/1/2019,2019,1,59600.55,29360.59,-10.93
Kenya,2/1/2019,2019,2,57445.53,25701.07,-18.25
Kenya,3/1/2019,2019,3,58584.02,26631.93,-19.16
Kenya,4/1/2019,2019,4,65271.65,31842.52,-4.18
Kenya,5/1/2019,2019,5,68321.94,36949.09,6.15
Kenya,6/1/2019,2019,6,71217.3,40598.97,25.62
Kenya,7/1/2019,2019,7,70944.63,41142.04,34.64
Kenya,8/1/2019,2019,8,69236.36,39067.44,40.79
Kenya,9/1/2019,2019,9,68034.24,36822.79,39.66
Kenya,10/1/2019,2019,10,67862.88,35997.78,39.05
Kenya,11/1/2019,2019,11,69090.44,36694.75,35.73
Kenya,12/1/2019,2019,12,65975.42,33260.75,17.58
Kenya,1/1/2019,2019,1,54322.85,22284.23,-12.58
Kenya,2/1/2019,2019,2,53847.19,21782.42,-13.87
Kenya,3/1/2019,2019,3,54502.13,22754.84,-9.64
Kenya,4/1/2019,2019,4,57873.82,26429.77,2.09
Kenya,5/1/2019,2019,5,60503.11,30124.37,14.02
Kenya,6/1/2019,2019,6,62401.02,32866.46,20.16
Kenya,7/1/2019,2019,7,63297.36,33343.09,25.09
Kenya,8/1/2019,2019,8,65459.18,37086.54,40.92
Kenya,9/1/2019,2019,9,63750.14,32157.3,33.36
Kenya,10/1/2019,2019,10,62118.61,28716.5,28.9
Kenya,11/1/2019,2019,11,61699.19,28971.46,26.9
Kenya,12/1/2019,2019,12,61091.16,27093.42,20.28
Kenya,1/1/2019,2019,1,54527.16,22936.93,-14.24
Kenya,2/1/2019,2019,2,53452.27,22673.62,-9.12
Kenya,3/1/2019,2019,3,53691.57,22751.93,-6.29
Kenya,4/1/2019,2019,4,57419.03,23856.92,-5.57
Kenya,5/1/2019,2019,5,59445.38,25898.99,7.68
Kenya,6/1/2019,2019,6,64984.3,30477.78,20.67
Kenya,7/1/2019,2019,7,65688.82,31480.78,28.04
Kenya,8/1/2019,2019,8,64877.78,29022.16,23.64
Kenya,9/1/2019,2019,9,63057.88,28095.1,22.18
Kenya,10/1/2019,2019,10,64677.83,28940.12,31.54
Kenya,11/1/2019,2019,11,63524.17,27870.66,26.07
Kenya,12/1/2019,2019,12,63089.4,27695.02,25.12
Kenya,1/1/2019,2019,1,53738.68,22750.27,-8.76
Kenya,2/1/2019,2019,2,52755,22058.41,-11.95
Kenya,3/1/2019,2019,3,54151.63,23154.38,-7.7
Kenya,4/1/2019,2019,4,56553.41,25181.16,2.03
Kenya,5/1/2019,2019,5,59847.81,30275.19,16.2
Kenya,6/1/2019,2019,6,61885.51,32719.56,22.1
Kenya,7/1/2019,2019,7,61286.84,31819.3,21.38
Kenya,8/1/2019,2019,8,64182.61,34156.2,34.46
Kenya,9/1/2019,2019,9,62050.19,30611.99,31.41
Kenya,10/1/2019,2019,10,60722.04,27549.26,26.81
Kenya,11/1/2019,2019,11,60466.4,27433.14,21.05
Kenya,12/1/2019,2019,12,59803.11,28161.52,19.74
Kenya,1/1/2019,2019,1,63011.39,24425.91,-17.31
Kenya,2/1/2019,2019,2,63277.66,24861.09,-16.81
Kenya,3/1/2019,2019,3,65067.35,26881.81,-10.79
Kenya,4/1/2019,2019,4,68754.7,31774.82,4.22
Kenya,5/1/2019,2019,5,70894.61,34809.07,10.61
Kenya,6/1/2019,2019,6,73237.17,36286.8,18.86
Kenya,7/1/2019,2019,7,75116.02,36273.04,19.95
Kenya,8/1/2019,2019,8,76013.64,36707.64,30.34
Kenya,9/1/2019,2019,9,73736.55,36577.62,36.74
Kenya,10/1/2019,2019,10,71949.23,35285.19,34.3
Kenya,11/1/2019,2019,11,71627.09,34593.04,26.19
Kenya,12/1/2019,2019,12,71454.23,34166.25,20.13
Kenya,1/1/2019,2019,1,63728.01,25774.29,-14.09
Kenya,2/1/2019,2019,2,62740.03,23849.24,-15.98
Kenya,3/1/2019,2019,3,64603.52,25538.64,-11.94
Kenya,4/1/2019,2019,4,65830.49,30033.66,-4.96
Kenya,5/1/2019,2019,5,68884.64,35778.68,6.55
Kenya,6/1/2019,2019,6,72913.4,39848.64,26.69
Kenya,7/1/2019,2019,7,72603.27,38942.71,27.24
Kenya,8/1/2019,2019,8,72988.36,38262.64,34.61
Kenya,9/1/2019,2019,9,72575.99,36877.08,41.53
Kenya,10/1/2019,2019,10,72213.6,35672.93,39.44
Kenya,11/1/2019,2019,11,73182.33,35980.72,41.24
Kenya,12/1/2019,2019,12,67891.69,31073.2,19.92
Kenya,1/1/2019,2019,1,75073.25,43484.62,-14.07
Kenya,2/1/2019,2019,2,70861.98,38385.07,-19.39
Kenya,3/1/2019,2019,3,74712.81,41202.47,-14.31
Kenya,4/1/2019,2019,4,80536.78,47603.51,-0.11
Kenya,5/1/2019,2019,5,86167.25,49855.8,5.99
Kenya,6/1/2019,2019,6,88343.11,47813.51,5.03
Kenya,7/1/2019,2019,7,89355.45,47718.25,9.91
Kenya,8/1/2019,2019,8,91012.25,48797.71,17.92
Kenya,9/1/2019,2019,9,88022.13,50945.46,25.85
Kenya,10/1/2019,2019,10,89532.97,49055.16,30.54
Kenya,11/1/2019,2019,11,88194.82,48175.02,24.28
Kenya,12/1/2019,2019,12,86064.38,49937.93,22.58
Kenya,1/1/2019,2019,1,65049.65,35187.14,-15.57
Kenya,2/1/2019,2019,2,64928.09,34056.03,-16.64
Kenya,3/1/2019,2019,3,66179.07,35830.03,-14.39
Kenya,4/1/2019,2019,4,73279.26,39115.38,-5.23
Kenya,5/1/2019,2019,5,77617.59,42430.71,3.21
Kenya,6/1/2019,2019,6,80389.04,44301.86,16.13
Kenya,7/1/2019,2019,7,80555.36,43224.92,21.58
Kenya,8/1/2019,2019,8,79763.49,43734.76,32.31
Kenya,9/1/2019,2019,9,78444.82,45669.5,34.16
Kenya,10/1/2019,2019,10,78315.79,45347.78,32.34
Kenya,11/1/2019,2019,11,78393.94,45086.23,31.31
Kenya,12/1/2019,2019,12,75528.68,42525.47,22.33
Kenya,1/1/2019,2019,1,68812,40855.62,-15.54
Kenya,2/1/2019,2019,2,67880.32,39319.1,-18.07
Kenya,3/1/2019,2019,3,71180.93,41290.11,-13.24
Kenya,4/1/2019,2019,4,78376.38,44895.56,-3.3
Kenya,5/1/2019,2019,5,85236.41,48242.37,5.39
Kenya,6/1/2019,2019,6,88839.54,50640.28,14.87
Kenya,7/1/2019,2019,7,88085.78,49127.46,16.47
Kenya,8/1/2019,2019,8,90113.52,48848.86,31.29
Kenya,9/1/2019,2019,9,86396.29,49539.03,32.45
Kenya,10/1/2019,2019,10,84240.8,50182.02,32.97
Kenya,11/1/2019,2019,11,84406.85,47316.61,33.25
Kenya,12/1/2019,2019,12,82205.72,47817.27,21.61
Kenya,1/1/2019,2019,1,51676.99,23322.94,-12.77
Kenya,2/1/2019,2019,2,52094.46,23252.73,-11.88
Kenya,3/1/2019,2019,3,52952.2,24342.61,-6.1
Kenya,4/1/2019,2019,4,55996.18,27472,6.93
Kenya,5/1/2019,2019,5,57796.69,29310.03,10.61
Kenya,6/1/2019,2019,6,60077.39,32287.47,19.57
Kenya,7/1/2019,2019,7,60384.56,32563.86,21.91
Kenya,8/1/2019,2019,8,63532.68,35982.54,40.86
Kenya,9/1/2019,2019,9,59600.6,31186.95,33.6
Kenya,10/1/2019,2019,10,59325.28,30568.11,31.77
Kenya,11/1/2019,2019,11,59462.25,29971.78,27.2
Kenya,12/1/2019,2019,12,59478.2,30327.23,25.06
Kenya,1/1/2019,2019,1,55759.04,28896.36,-20.74
Kenya,2/1/2019,2019,2,54520.25,28389.31,-17.52
Kenya,3/1/2019,2019,3,55730.21,28187.61,-13.65
Kenya,4/1/2019,2019,4,61459.45,33056.23,-3.07
Kenya,5/1/2019,2019,5,62403.49,36057.44,3.13
Kenya,6/1/2019,2019,6,64313.69,37839.13,8.12
Kenya,7/1/2019,2019,7,68177.33,42041.8,24.39
Kenya,8/1/2019,2019,8,64679.66,37292.99,20.23
Kenya,9/1/2019,2019,9,65933.06,37583.06,27.05
Kenya,10/1/2019,2019,10,67407.24,40340.24,43.94
Kenya,11/1/2019,2019,11,65275.22,38935.92,33.15
Kenya,12/1/2019,2019,12,64461.61,37307.2,30.01
Kenya,1/1/2019,2019,1,63381.21,30619.73,-10.72
Kenya,2/1/2019,2019,2,61228.35,27675.03,-16.74
Kenya,3/1/2019,2019,3,63232.32,28606.38,-12.33
Kenya,4/1/2019,2019,4,65589.72,31355.74,-6.92
Kenya,5/1/2019,2019,5,70531.06,35301.46,3.78
Kenya,6/1/2019,2019,6,73789.73,39016.4,19.76
Kenya,7/1/2019,2019,7,73302.1,40090.11,27.19
Kenya,8/1/2019,2019,8,74276.7,40542.48,34.71
Kenya,9/1/2019,2019,9,72389.34,37058.92,30.3
Kenya,10/1/2019,2019,10,71918.39,37735.81,31.74
Kenya,11/1/2019,2019,11,72483.07,37192.21,28.55
Kenya,12/1/2019,2019,12,69956.62,34687.78,19.07
Kenya,1/1/2019,2019,1,50875.58,20648.31,-16.02
Kenya,2/1/2019,2019,2,51226.72,20561.91,-14.58
Kenya,3/1/2019,2019,3,52738.96,21972.21,-6.81
Kenya,4/1/2019,2019,4,56060.7,25713.31,4.45
Kenya,5/1/2019,2019,5,59223.62,31597.42,19.52
Kenya,6/1/2019,2019,6,60623.33,33260.1,24.44
Kenya,7/1/2019,2019,7,60430.03,33549.71,26.61
Kenya,8/1/2019,2019,8,63248.77,36060.64,44.56
Kenya,9/1/2019,2019,9,58876.42,30593.36,32.86
Kenya,10/1/2019,2019,10,58765.89,29701.39,31.17
Kenya,11/1/2019,2019,11,57872.86,28263,24.38
Kenya,12/1/2019,2019,12,57464.89,27560.37,20.38
Kenya,1/1/2019,2019,1,50993.42,21236.53,-13.98
Kenya,2/1/2019,2019,2,51352.23,21213.54,-14.12
Kenya,3/1/2019,2019,3,52980.35,22594.43,-9.52
Kenya,4/1/2019,2019,4,56531.14,26274.36,5.96
Kenya,5/1/2019,2019,5,58437.38,29728.45,14.68
Kenya,6/1/2019,2019,6,60030.87,33343.73,26.16
Kenya,7/1/2019,2019,7,60483.53,33226.79,25.25
Kenya,8/1/2019,2019,8,63535.51,31645.11,34.63
Kenya,9/1/2019,2019,9,58484.91,30477.9,30.21
Kenya,10/1/2019,2019,10,58797.66,29013.12,27.87
Kenya,11/1/2019,2019,11,58962,28546.48,25.79
Kenya,12/1/2019,2019,12,57305.44,27598.58,20.88
Kenya,1/1/2019,2019,1,60049.18,25721.43,-13.86
Kenya,2/1/2019,2019,2,58978.38,24157.51,-14.35
Kenya,3/1/2019,2019,3,60324.91,27371.47,-7.68
Kenya,4/1/2019,2019,4,62588.78,29829.8,1.86
Kenya,5/1/2019,2019,5,65976.66,32418.95,7.91
Kenya,6/1/2019,2019,6,67346.23,33867.82,13.9
Kenya,7/1/2019,2019,7,67651.97,35534.02,19.79
Kenya,8/1/2019,2019,8,68175.26,36140.83,32.46
Kenya,9/1/2019,2019,9,66823.31,34752.85,31.67
Kenya,10/1/2019,2019,10,66694.82,34252.35,33.39
Kenya,11/1/2019,2019,11,65485.46,33424.97,29.08
Kenya,12/1/2019,2019,12,65055.53,31783.01,21.34
Kenya,1/1/2019,2019,1,54521,23469.78,-13.43
Kenya,2/1/2019,2019,2,54508.5,22687.43,-15.02
Kenya,3/1/2019,2019,3,56326.7,24724.77,-6.58
Kenya,4/1/2019,2019,4,59414.24,28653.86,5.39
Kenya,5/1/2019,2019,5,62772.11,34080.93,18.43
Kenya,6/1/2019,2019,6,63384.85,35163.33,21.38
Kenya,7/1/2019,2019,7,63838.23,36059.08,24.69
Kenya,8/1/2019,2019,8,66096.8,39779.79,43.28
Kenya,9/1/2019,2019,9,64582.3,35057.15,39.72
Kenya,10/1/2019,2019,10,63210.03,33905.74,41.48
Kenya,11/1/2019,2019,11,63124.03,32927.2,32.27
Kenya,12/1/2019,2019,12,61985.12,32074.75,27.07
Kenya,1/1/2019,2019,1,51929.31,21222.79,-16.96
Kenya,2/1/2019,2019,2,51878.53,21175.78,-13.48
Kenya,3/1/2019,2019,3,53536.01,22409.31,-7.81
Kenya,4/1/2019,2019,4,56981.99,26837.69,5.85
Kenya,5/1/2019,2019,5,59320.75,30041.41,13.7
Kenya,6/1/2019,2019,6,61544.89,32092.43,20.11
Kenya,7/1/2019,2019,7,61927.67,33250.18,26.22
Kenya,8/1/2019,2019,8,64492.15,36418.56,43.94
Kenya,9/1/2019,2019,9,60868.04,31267.36,34.56
Kenya,10/1/2019,2019,10,60579.32,29325.28,28.72
Kenya,11/1/2019,2019,11,60674.06,29830.09,29.71
Kenya,12/1/2019,2019,12,59612.48,28755.26,24.74
Kenya,1/1/2019,2019,1,61330,20743,-31.15
Kenya,2/1/2019,2019,2,60432,19051,-30.98
Kenya,3/1/2019,2019,3,60734,19797,-26.9
Kenya,4/1/2019,2019,4,66908,25506,-10.6
Kenya,5/1/2019,2019,5,70968,33231,4.25
Kenya,6/1/2019,2019,6,78297,39270,41.67
Kenya,7/1/2019,2019,7,77367.62,34247.24,38.06
Kenya,8/1/2019,2019,8,76935.02,36505,64.63
Kenya,9/1/2019,2019,9,76788.58,33984,68.66
Kenya,10/1/2019,2019,10,75244.89,31303,56.15
Kenya,11/1/2019,2019,11,76414.4,34736,66.35
Kenya,12/1/2019,2019,12,72915.55,27129.31,34.81
Kenya,1/1/2019,2019,1,55121.82,21125.46,-17.3
Kenya,2/1/2019,2019,2,54832.96,21258.89,-16.77
Kenya,3/1/2019,2019,3,56997.7,23906.54,-11.36
Kenya,4/1/2019,2019,4,60647.46,28021.23,2.76
Kenya,5/1/2019,2019,5,61523.28,30542.16,12.02
Kenya,6/1/2019,2019,6,64353.86,32548.83,20.46
Kenya,7/1/2019,2019,7,64509.69,32107.35,21.02
Kenya,8/1/2019,2019,8,65642.53,32173.15,32.49
Kenya,9/1/2019,2019,9,62247.64,31207.77,38.51
Kenya,10/1/2019,2019,10,61260.04,30015.45,37.92
Kenya,11/1/2019,2019,11,62559.17,30794.79,33.43
Kenya,12/1/2019,2019,12,60688.28,29328.02,25.01
Kenya,1/1/2019,2019,1,55744.11,22964.52,-10.46
Kenya,2/1/2019,2019,2,54910.89,21765.3,-13.46
Kenya,3/1/2019,2019,3,56753.82,23579.67,-8.43
Kenya,4/1/2019,2019,4,59910.45,27141.18,5.01
Kenya,5/1/2019,2019,5,61961.22,29575.32,13.44
Kenya,6/1/2019,2019,6,63247.85,30960.14,16.73
Kenya,7/1/2019,2019,7,63717.11,30647.53,17.31
Kenya,8/1/2019,2019,8,65574.24,31360.87,25.6
Kenya,9/1/2019,2019,9,63141.95,30324.8,28.38
Kenya,10/1/2019,2019,10,62786.63,28985.37,34.94
Kenya,11/1/2019,2019,11,62543,28289.91,22.24
Kenya,12/1/2019,2019,12,60772.15,28790.74,21.11
Kenya,1/1/2019,2019,1,64295.22,34157.96,-11.95
Kenya,2/1/2019,2019,2,64197.53,33777.26,-8.48
Kenya,3/1/2019,2019,3,65335.97,33533.45,-6.5
Kenya,4/1/2019,2019,4,68327.77,37064.11,1.8
Kenya,5/1/2019,2019,5,69316.79,36589.22,2.85
Kenya,6/1/2019,2019,6,71391.37,38713.13,8.12
Kenya,7/1/2019,2019,7,73551.6,41325.52,15.61
Kenya,8/1/2019,2019,8,72259.7,39574.64,15.55
Kenya,9/1/2019,2019,9,70128.21,37822.09,15.59
Kenya,10/1/2019,2019,10,71165.38,39211.89,20.74
Kenya,11/1/2019,2019,11,70262.06,37985.07,13.99
Kenya,12/1/2019,2019,12,69454.08,37249.02,11.01
Kenya,1/1/2019,2019,1,51924.38,19746.86,-9.96
Kenya,2/1/2019,2019,2,51754.16,19338.6,-10.14
Kenya,3/1/2019,2019,3,53275.11,20017.37,-7.53
Kenya,4/1/2019,2019,4,56523.94,21780.71,2.42
Kenya,5/1/2019,2019,5,58667.78,24509.05,11.34
Kenya,6/1/2019,2019,6,58850.09,26937.57,15.11
Kenya,7/1/2019,2019,7,59877.94,26982.21,17.47
Kenya,8/1/2019,2019,8,61116.83,28364.17,28.65
Kenya,9/1/2019,2019,9,59704.92,25479.25,27.94
Kenya,10/1/2019,2019,10,59452.76,24135.37,24.81
Kenya,11/1/2019,2019,11,59178.99,24164.56,17.87
Kenya,12/1/2019,2019,12,58013.05,22826.32,14.41
Kenya,1/1/2019,2019,1,61996.03,30929.48,-13.65
Kenya,2/1/2019,2019,2,60302.62,29865.16,-14.11
Kenya,3/1/2019,2019,3,62695.91,29828.07,-13.57
Kenya,4/1/2019,2019,4,66987.1,34255.67,-0.73
Kenya,5/1/2019,2019,5,71053.13,36939.48,6.13
Kenya,6/1/2019,2019,6,72834.33,39352.24,19.4
Kenya,7/1/2019,2019,7,74045.52,40613.22,24.18
Kenya,8/1/2019,2019,8,73274.63,40457.37,33.12
Kenya,9/1/2019,2019,9,70949.13,38785.47,34.78
Kenya,10/1/2019,2019,10,70713.62,38302.1,28.63
Kenya,11/1/2019,2019,11,72108.76,39511.69,35.03
Kenya,12/1/2019,2019,12,70103.95,36367.49,21.29
Kenya,1/1/2019,2019,1,63060.83,21428.22,-16.09
Kenya,2/1/2019,2019,2,63472.57,20834.81,-14.95
Kenya,3/1/2019,2019,3,64898.02,23277.8,-13.14
Kenya,4/1/2019,2019,4,69979.53,28268.29,7.94
Kenya,5/1/2019,2019,5,73106.86,33146.76,27.09
Kenya,6/1/2019,2019,6,74874.82,35230.69,34.63
Kenya,7/1/2019,2019,7,75876.64,35995.16,39.09
Kenya,8/1/2019,2019,8,76016.19,36466.38,49.03
Kenya,9/1/2019,2019,9,74904.79,34784.9,47.43
Kenya,10/1/2019,2019,10,72866.78,32367.66,41.26
Kenya,11/1/2019,2019,11,73752.53,33083.72,39.8
Kenya,12/1/2019,2019,12,72449.48,30470.17,31.55
Kenya,1/1/2019,2019,1,57228.87,20531.51,-14.54
Kenya,2/1/2019,2019,2,55965.37,19181.84,-20.84
Kenya,3/1/2019,2019,3,57302.87,21169.81,-15.2
Kenya,4/1/2019,2019,4,62911.03,26262.42,1.69
Kenya,5/1/2019,2019,5,67269.1,30367.12,16.53
Kenya,6/1/2019,2019,6,70712.23,34591.05,29.41
Kenya,7/1/2019,2019,7,72063.68,36509.03,38.14
Kenya,8/1/2019,2019,8,73682.62,36851.95,54.8
Kenya,9/1/2019,2019,9,70555.09,33554.66,46.19
Kenya,10/1/2019,2019,10,68509.12,30362.56,34.74
Kenya,11/1/2019,2019,11,68529.08,30726.22,34.29
Kenya,12/1/2019,2019,12,67481.21,30005.78,28.41
Kenya,1/1/2019,2019,1,61848.62,29457.55,-16.96
Kenya,2/1/2019,2019,2,61071.03,28093.11,-12.3
Kenya,3/1/2019,2019,3,61629.25,28350.69,-10.69
Kenya,4/1/2019,2019,4,63903.72,31619.28,-4.02
Kenya,5/1/2019,2019,5,67060.91,37005.04,8.04
Kenya,6/1/2019,2019,6,68370.76,38319.05,11.44
Kenya,7/1/2019,2019,7,70457.07,39482.57,22.24
Kenya,8/1/2019,2019,8,69754.24,38764.34,26.4
Kenya,9/1/2019,2019,9,67472.07,37516.26,24.05
Kenya,10/1/2019,2019,10,69372.67,38660.59,28.77
Kenya,11/1/2019,2019,11,68134.74,38140.9,27.05
Kenya,12/1/2019,2019,12,67521.01,36969.09,22.54
Kenya,1/1/2019,2019,1,52495.45,21155.99,-15.97
Kenya,2/1/2019,2019,2,52524.52,21131.68,-14.78
Kenya,3/1/2019,2019,3,54199.11,21772.29,-11.02
Kenya,4/1/2019,2019,4,57261.15,25668.99,2.14
Kenya,5/1/2019,2019,5,60386.97,30970.94,16.77
Kenya,6/1/2019,2019,6,62433.52,34264.71,26.69
Kenya,7/1/2019,2019,7,63404.75,33847.63,28.37
Kenya,8/1/2019,2019,8,65926.03,38945.01,50.66
Kenya,9/1/2019,2019,9,61531.63,31329.42,34.29
Kenya,10/1/2019,2019,10,60787.52,29857.25,31.36
Kenya,11/1/2019,2019,11,60410.4,29264.9,28.26
Kenya,12/1/2019,2019,12,59651.59,28398.01,23.73
Kenya,1/1/2019,2019,1,57340.2,25183.84,-14.37
Kenya,2/1/2019,2019,2,55782.22,22022.47,-21.31
Kenya,3/1/2019,2019,3,57953.55,23788.97,-18.73
Kenya,4/1/2019,2019,4,62488.45,27998.31,-6.22
Kenya,5/1/2019,2019,5,68671.91,34607.09,9.7
Kenya,6/1/2019,2019,6,72207.47,37914.94,30.05
Kenya,7/1/2019,2019,7,71499.95,37086.78,29.84
Kenya,8/1/2019,2019,8,71062.61,36597.68,50.24
Kenya,9/1/2019,2019,9,69001.26,34197.87,37.86
Kenya,10/1/2019,2019,10,68873.78,33293.52,36.43
Kenya,11/1/2019,2019,11,70728.75,35462.04,43.16
Kenya,12/1/2019,2019,12,65203.32,28566.88,20.2
Kenya,1/1/2019,2019,1,54977.36,21721.35,-16.07
Kenya,2/1/2019,2019,2,54480.11,21009.32,-14.3
Kenya,3/1/2019,2019,3,56378.16,23630.76,-8.06
Kenya,4/1/2019,2019,4,59429.64,28605.78,7.39
Kenya,5/1/2019,2019,5,63715.81,33366.15,24.59
Kenya,6/1/2019,2019,6,65980.28,35517.97,32.27
Kenya,7/1/2019,2019,7,67041.56,36162.89,34.33
Kenya,8/1/2019,2019,8,68073.23,37400.24,46.62
Kenya,9/1/2019,2019,9,64397.54,33254.84,38.55
Kenya,10/1/2019,2019,10,63121.47,31511.99,35.19
Kenya,11/1/2019,2019,11,63576.54,32649.61,36.35
Kenya,12/1/2019,2019,12,63576.89,32131.42,33.64
Kenya,1/1/2019,2019,1,75972.43,39037.95,-5.66
Kenya,2/1/2019,2019,2,76467.48,38469.49,-4.09
Kenya,3/1/2019,2019,3,76482.7,38524.67,-4.39
Kenya,4/1/2019,2019,4,79449.37,40195.96,-0.35
Kenya,5/1/2019,2019,5,79221.86,40282.32,-0.48
Kenya,6/1/2019,2019,6,80059.92,40692.06,5.86
Kenya,7/1/2019,2019,7,79933.84,39884.58,1.48
Kenya,8/1/2019,2019,8,80144.51,40043.95,6.09
Kenya,9/1/2019,2019,9,79793,40122.02,10.03
Kenya,10/1/2019,2019,10,79677.4,39773.02,5.69
Kenya,11/1/2019,2019,11,80771.43,41391.99,16.16
Kenya,12/1/2019,2019,12,80296.92,41007.88,7.17
Kenya,1/1/2019,2019,1,61625.14,32105.85,-12.93
Kenya,2/1/2019,2019,2,60036.68,30655.3,-14.97
Kenya,3/1/2019,2019,3,60500.68,30950.33,-12.62
Kenya,4/1/2019,2019,4,64901.31,36434.23,-1.04
Kenya,5/1/2019,2019,5,66713.96,37546.49,4.14
Kenya,6/1/2019,2019,6,71124.4,39853.52,12.62
Kenya,7/1/2019,2019,7,73735.61,41450.25,19.82
Kenya,8/1/2019,2019,8,70246.18,40054.45,22.95
Kenya,9/1/2019,2019,9,68795.36,38006.9,20.92
Kenya,10/1/2019,2019,10,70122.21,39859.3,30.93
Kenya,11/1/2019,2019,11,69352.55,39539.7,26.95
Kenya,12/1/2019,2019,12,67451.46,37762.95,21.42
Kenya,1/1/2019,2019,1,58932.39,27086.47,-7.35
Kenya,2/1/2019,2019,2,57185.05,24754.78,-13.06
Kenya,3/1/2019,2019,3,59249.15,21752.11,-17.69
Kenya,4/1/2019,2019,4,63536.3,26800.31,-10.21
Kenya,5/1/2019,2019,5,68979.26,34818.37,10.54
Kenya,6/1/2019,2019,6,72003.87,39441.63,38.51
Kenya,7/1/2019,2019,7,70964.6,39614.86,36.77
Kenya,8/1/2019,2019,8,70353.14,39279.2,48.75
Kenya,9/1/2019,2019,9,67757.67,36287,37.27
Kenya,10/1/2019,2019,10,68382.47,34217.96,37.56
Kenya,11/1/2019,2019,11,71906.06,37145.89,40.96
Kenya,12/1/2019,2019,12,68902.4,28969.89,15.07
Kenya,1/1/2019,2019,1,53482.08,27715.71,-16.29
Kenya,2/1/2019,2019,2,53055.88,26605.13,-17.8
Kenya,3/1/2019,2019,3,53750.01,26612.59,-13.66
Kenya,4/1/2019,2019,4,58640.09,31937.53,-0.19
Kenya,5/1/2019,2019,5,61469.21,34210.59,14.14
Kenya,6/1/2019,2019,6,64752.67,36540.16,24.35
Kenya,7/1/2019,2019,7,66349.6,38101.11,28.88
Kenya,8/1/2019,2019,8,64955.13,36441.63,29.32
Kenya,9/1/2019,2019,9,64331.67,34387.94,25.13
Kenya,10/1/2019,2019,10,64791.95,34925.57,24.18
Kenya,11/1/2019,2019,11,64362.28,35093.33,28.06
Kenya,12/1/2019,2019,12,64582.86,33585.72,23.08
Kenya,1/1/2019,2019,1,51879.22,19526.49,-10.57
Kenya,2/1/2019,2019,2,51982.65,19564.04,-9.91
Kenya,3/1/2019,2019,3,53728.12,20178.34,-6.53
Kenya,4/1/2019,2019,4,56391.09,22084.7,2.45
Kenya,5/1/2019,2019,5,58565.9,24548.8,11.16
Kenya,6/1/2019,2019,6,59438.83,27209.45,16.38
Kenya,7/1/2019,2019,7,60065.01,27492.56,19.39
Kenya,8/1/2019,2019,8,60978.2,28981.1,28.89
Kenya,9/1/2019,2019,9,59784.14,25691.84,28.85
Kenya,10/1/2019,2019,10,59759.56,24345.83,24.87
Kenya,11/1/2019,2019,11,58837.97,24178.49,20.86
Kenya,12/1/2019,2019,12,58988.1,23514.19,17.72
Kenya,1/1/2019,2019,1,68389.96,40405.21,-13.67
Kenya,2/1/2019,2019,2,67135.73,38237.01,-18.8
Kenya,3/1/2019,2019,3,70769.45,40119.22,-14.57
Kenya,4/1/2019,2019,4,77730.98,42551.7,-5.92
Kenya,5/1/2019,2019,5,84564.11,45168.99,0.78
Kenya,6/1/2019,2019,6,88177.67,47168.93,14.74
Kenya,7/1/2019,2019,7,88693.58,44855.67,11.76
Kenya,8/1/2019,2019,8,86291.1,44802.79,23.92
Kenya,9/1/2019,2019,9,86714.76,49782.91,32.99
Kenya,10/1/2019,2019,10,83256.25,49138.58,29.9
Kenya,11/1/2019,2019,11,84318.24,45773.35,24.84
Kenya,12/1/2019,2019,12,82176.56,46346.93,21.38
Kenya,1/1/2019,2019,1,65850.92,36424.04,-13.18
Kenya,2/1/2019,2019,2,65308.06,35925.52,-10.42
Kenya,3/1/2019,2019,3,67695.14,36229.82,-5.3
Kenya,4/1/2019,2019,4,69854.52,38432.3,1.14
Kenya,5/1/2019,2019,5,71905.37,40029.52,7.38
Kenya,6/1/2019,2019,6,74196.25,42707.84,11.42
Kenya,7/1/2019,2019,7,75930.8,46663.78,20.39
Kenya,8/1/2019,2019,8,74533.11,44214.81,19.52
Kenya,9/1/2019,2019,9,73228.2,42559.77,17
Kenya,10/1/2019,2019,10,74098.53,43404,19.32
Kenya,11/1/2019,2019,11,72010.91,40884.8,11.92
Kenya,12/1/2019,2019,12,72473.48,40526.31,11.27
Kenya,1/1/2019,2019,1,57985.57,28409.81,-13.88
Kenya,2/1/2019,2019,2,56806,25588.01,-19.28
Kenya,3/1/2019,2019,3,58894.5,24513.32,-19.78
Kenya,4/1/2019,2019,4,64946.18,32895.98,-2.1
Kenya,5/1/2019,2019,5,67431.88,38111.06,8.57
Kenya,6/1/2019,2019,6,70459.55,40472.4,24.15
Kenya,7/1/2019,2019,7,69819.01,40444.7,30.35
Kenya,8/1/2019,2019,8,69466.52,38573.27,42.58
Kenya,9/1/2019,2019,9,68176.46,36912.51,36.16
Kenya,10/1/2019,2019,10,67522.41,35602.48,35
Kenya,11/1/2019,2019,11,69064.7,36973.44,36.53
Kenya,12/1/2019,2019,12,66044.79,33143.43,20.91
Kenya,1/1/2019,2019,1,64669.27,31006.25,-10.82
Kenya,2/1/2019,2019,2,63544.04,30711.02,-10.56
Kenya,3/1/2019,2019,3,64872.17,30851.66,-10.2
Kenya,4/1/2019,2019,4,67859.92,32563.3,-1.94
Kenya,5/1/2019,2019,5,73404.76,37105.59,7.65
Kenya,6/1/2019,2019,6,76392.03,38899.28,20.76
Kenya,7/1/2019,2019,7,75335.59,39339.98,19.84
Kenya,8/1/2019,2019,8,75572.47,38830.38,27.23
Kenya,9/1/2019,2019,9,74999.93,38675.85,29.93
Kenya,10/1/2019,2019,10,75227.85,39259.56,30.09
Kenya,11/1/2019,2019,11,74802.71,37733.75,27.59
Kenya,12/1/2019,2019,12,72055.42,35935.42,15.64
Kenya,1/1/2019,2019,1,52562.66,24189.16,-11.67
Kenya,2/1/2019,2019,2,51672.42,23358.09,-13.11
Kenya,3/1/2019,2019,3,52630.89,23905.54,-11.1
Kenya,4/1/2019,2019,4,55190.64,26665.42,-4.28
Kenya,5/1/2019,2019,5,59619.31,31966.82,12.05
Kenya,6/1/2019,2019,6,61815.85,35536.1,29.33
Kenya,7/1/2019,2019,7,61744.39,35421.23,32.36
Kenya,8/1/2019,2019,8,62135.33,35270.25,38.77
Kenya,9/1/2019,2019,9,60476.27,33524.17,35.03
Kenya,10/1/2019,2019,10,59679.71,31889.28,30.54
Kenya,11/1/2019,2019,11,61038.3,33183.38,33.47
Kenya,12/1/2019,2019,12,58761.37,28865.75,17.87
Kenya,1/1/2019,2019,1,62632.5,26045.81,-12.85
Kenya,2/1/2019,2019,2,62952.28,25950.59,-12.78
Kenya,3/1/2019,2019,3,63553.79,27392.82,-7.51
Kenya,4/1/2019,2019,4,66951.14,31335.59,2.84
Kenya,5/1/2019,2019,5,68756.17,32798.22,10.2
Kenya,6/1/2019,2019,6,70127.52,35016.15,12.45
Kenya,7/1/2019,2019,7,72938.61,36582.56,22.53
Kenya,8/1/2019,2019,8,72892.76,36485.16,34.14
Kenya,9/1/2019,2019,9,71980.36,35823.52,32.26
Kenya,10/1/2019,2019,10,70501,34222.58,29.82
Kenya,11/1/2019,2019,11,68977.31,33108.71,23.01
Kenya,12/1/2019,2019,12,68260.25,32678.88,20.62
Kenya,1/1/2019,2019,1,54014.41,21141.4,-7.45
Kenya,2/1/2019,2019,2,53698.91,20839.86,-9.88
Kenya,3/1/2019,2019,3,54534.85,21838.65,-5.1
Kenya,4/1/2019,2019,4,57073.03,22943.62,1.4
Kenya,5/1/2019,2019,5,58523.2,26255.02,9.39
Kenya,6/1/2019,2019,6,60503.11,27701.2,14.36
Kenya,7/1/2019,2019,7,59877.94,27064.85,13.43
Kenya,8/1/2019,2019,8,61282.6,29081.73,24.54
Kenya,9/1/2019,2019,9,59951.93,26963.2,21.81
Kenya,10/1/2019,2019,10,60001.02,25121.4,23.77
Kenya,11/1/2019,2019,11,60638.18,25506.94,18.82
Kenya,12/1/2019,2019,12,59831.37,25592.52,17.13
Kenya,1/1/2019,2019,1,54573.24,22861.94,-15.79
Kenya,2/1/2019,2019,2,54323.92,22318.97,-17.64
Kenya,3/1/2019,2019,3,56762.69,22707.07,-15.1
Kenya,4/1/2019,2019,4,60426.59,27597.86,-0.27
Kenya,5/1/2019,2019,5,63542.74,32897.15,18.79
Kenya,6/1/2019,2019,6,67407.73,36355.98,24.43
Kenya,7/1/2019,2019,7,68157.98,38035.5,32.26
Kenya,8/1/2019,2019,8,71025.83,41619.37,56.27
Kenya,9/1/2019,2019,9,65957,35339.36,43.06
Kenya,10/1/2019,2019,10,63437.67,30893.71,31.07
Kenya,11/1/2019,2019,11,63738.15,32094.23,28.66
Kenya,12/1/2019,2019,12,62413.14,30182.23,21.18
Kenya,1/1/2019,2019,1,60439.62,26541.75,-7.97
Kenya,2/1/2019,2019,2,58513.03,23983.99,-9.76
Kenya,3/1/2019,2019,3,59496.71,26361.69,-5.66
Kenya,4/1/2019,2019,4,62812.25,28806.01,4.18
Kenya,5/1/2019,2019,5,66022.31,30968.08,8.72
Kenya,6/1/2019,2019,6,67332.82,33812.78,15.41
Kenya,7/1/2019,2019,7,67809.33,34650.61,20.21
Kenya,8/1/2019,2019,8,67585.77,34438.88,31.18
Kenya,9/1/2019,2019,9,67396.02,34145.05,31.23
Kenya,10/1/2019,2019,10,67314.46,33752.04,34.18
Kenya,11/1/2019,2019,11,65390.7,31915.92,20.05
Kenya,12/1/2019,2019,12,64657.65,30274.85,18.03
Kenya,1/1/2019,2019,1,58603.36,25388.44,-10.92
Kenya,2/1/2019,2019,2,58566.79,25084.3,-11.33
Kenya,3/1/2019,2019,3,58982.54,25594.01,-5.38
Kenya,4/1/2019,2019,4,62768.64,29353.18,4.07
Kenya,5/1/2019,2019,5,64816.17,30945.32,8.77
Kenya,6/1/2019,2019,6,65498.73,32583.47,12.52
Kenya,7/1/2019,2019,7,65988.76,33745.9,17.24
Kenya,8/1/2019,2019,8,67003.73,34744.08,33.24
Kenya,9/1/2019,2019,9,65973,33852.27,30.99
Kenya,10/1/2019,2019,10,65634.85,32863.15,32.21
Kenya,11/1/2019,2019,11,64356.26,32112.42,27.08
Kenya,12/1/2019,2019,12,64594.59,31676.15,20.99
Kenya,1/1/2019,2019,1,54130.99,20113.41,-9.13
Kenya,2/1/2019,2019,2,54226.17,19821.59,-7.68
Kenya,3/1/2019,2019,3,55938.77,20475.79,-7.21
Kenya,4/1/2019,2019,4,58404.18,23040.34,3.73
Kenya,5/1/2019,2019,5,59860.18,25583.89,10.57
Kenya,6/1/2019,2019,6,61525.85,26759.91,13.18
Kenya,7/1/2019,2019,7,60611.15,26353.07,13.92
Kenya,8/1/2019,2019,8,61652.94,27528.48,23.68
Kenya,9/1/2019,2019,9,60734.31,26184.54,24.2
Kenya,10/1/2019,2019,10,61782.53,24823.68,26.1
Kenya,11/1/2019,2019,11,61870.25,25785.84,24.29
Kenya,12/1/2019,2019,12,60760.9,24895.02,19.91
Kenya,1/1/2019,2019,1,53257.85,19967.7,-6.33
Kenya,2/1/2019,2019,2,52591.74,19565.57,-10.64
Kenya,3/1/2019,2019,3,53630.02,20087.07,-7.06
Kenya,4/1/2019,2019,4,56998.51,21716.62,3.16
Kenya,5/1/2019,2019,5,58530.77,24769.3,10.48
Kenya,6/1/2019,2019,6,58377.34,24466.37,10.01
Kenya,7/1/2019,2019,7,58998.01,24154.3,10.43
Kenya,8/1/2019,2019,8,59840.95,25055.15,18.98
Kenya,9/1/2019,2019,9,59037.94,24105.29,18.61
Kenya,10/1/2019,2019,10,58813.72,22528.47,17.31
Kenya,11/1/2019,2019,11,58885.32,23059.08,15.36
Kenya,12/1/2019,2019,12,58099.17,22708.41,13.66
Kenya,1/1/2019,2019,1,68150.48,36974.01,-13.29
Kenya,2/1/2019,2019,2,69334.31,36921.96,-5.47
Kenya,3/1/2019,2019,3,70993.88,36207.22,-4.52
Kenya,4/1/2019,2019,4,73012.05,37696.06,-0.98
Kenya,5/1/2019,2019,5,73904.61,40164.38,5.95
Kenya,6/1/2019,2019,6,75829.93,43639.26,12.59
Kenya,7/1/2019,2019,7,78424.24,47455.89,21.3
Kenya,8/1/2019,2019,8,76280.76,46092.22,21.19
Kenya,9/1/2019,2019,9,73942.23,43200.64,16.05
Kenya,10/1/2019,2019,10,74370.21,43816.86,19.87
Kenya,11/1/2019,2019,11,71250.02,41640.03,10.85
Kenya,12/1/2019,2019,12,71154.89,39851.3,7.04
Kenya,1/1/2019,2019,1,52292.41,19686.62,-10.56
Kenya,2/1/2019,2019,2,51610.99,19561.56,-11.23
Kenya,3/1/2019,2019,3,53887.73,20384.22,-7.46
Kenya,4/1/2019,2019,4,56546.31,21890.24,1.28
Kenya,5/1/2019,2019,5,59143.97,26211.8,13.74
Kenya,6/1/2019,2019,6,59280.67,27738.14,17.35
Kenya,7/1/2019,2019,7,59727.6,26986.1,16.15
Kenya,8/1/2019,2019,8,61017.53,28981.32,29.39
Kenya,9/1/2019,2019,9,59680.77,25941.46,26.55
Kenya,10/1/2019,2019,10,59018.14,23704.76,22.48
Kenya,11/1/2019,2019,11,59800.33,24133.03,19.49
Kenya,12/1/2019,2019,12,59077.13,24179.78,16.63
Kenya,1/1/2019,2019,1,53237.63,19842.81,-10.22
Kenya,2/1/2019,2019,2,52143.45,19294.37,-10.35
Kenya,3/1/2019,2019,3,53897.57,19933.83,-8.15
Kenya,4/1/2019,2019,4,56662.71,21950.97,3.99
Kenya,5/1/2019,2019,5,59127.93,25359.06,13.22
Kenya,6/1/2019,2019,6,59927.47,26817.69,14.85
Kenya,7/1/2019,2019,7,59180.68,26844.06,16.99
Kenya,8/1/2019,2019,8,61487.38,29208.53,30.25
Kenya,9/1/2019,2019,9,59204.74,25688.76,27.12
Kenya,10/1/2019,2019,10,60241,24749.9,25.87
Kenya,11/1/2019,2019,11,58889.13,23557.13,17.38
Kenya,12/1/2019,2019,12,58504.54,22882.79,15.29
Kenya,1/1/2019,2019,1,52378.3,20143.05,-9.86
Kenya,2/1/2019,2019,2,52021.34,19445.37,-11.11
Kenya,3/1/2019,2019,3,53950,20276.21,-5.98
Kenya,4/1/2019,2019,4,56297.97,22202.77,3.4
Kenya,5/1/2019,2019,5,58861.23,25016.41,12.33
Kenya,6/1/2019,2019,6,59651.18,27606.52,15.27
Kenya,7/1/2019,2019,7,60583.96,28292.78,20.38
Kenya,8/1/2019,2019,8,61648.77,29151.3,29.15
Kenya,9/1/2019,2019,9,59569.71,27259.64,30.05
Kenya,10/1/2019,2019,10,59675.68,25225.58,27.45
Kenya,11/1/2019,2019,11,59020.48,23829.32,16.8
Kenya,12/1/2019,2019,12,58857.46,23546.8,15.99
Kenya,1/1/2019,2019,1,52748.02,19799.44,-9.72
Kenya,2/1/2019,2019,2,52326.22,19521.67,-9.93
Kenya,3/1/2019,2019,3,54035.27,20396.2,-4.9
Kenya,4/1/2019,2019,4,56523.38,21747.26,1.44
Kenya,5/1/2019,2019,5,59170.59,24388.3,12.18
Kenya,6/1/2019,2019,6,58399.24,25665.78,12.74
Kenya,7/1/2019,2019,7,59670.37,26922.75,16.87
Kenya,8/1/2019,2019,8,61420.98,28281.88,28.21
Kenya,9/1/2019,2019,9,59767.25,26333.5,27.5
Kenya,10/1/2019,2019,10,58727.61,23530.43,23.23
Kenya,11/1/2019,2019,11,59088.46,23542.21,17.66
Kenya,12/1/2019,2019,12,58190.62,22053.79,13.51
Kenya,1/1/2019,2019,1,62122.33,26565.89,-12.35
Kenya,2/1/2019,2019,2,61839.99,25640.26,-11.28
Kenya,3/1/2019,2019,3,62523.18,26535.69,-9.37
Kenya,4/1/2019,2019,4,65627.39,30889,4.18
Kenya,5/1/2019,2019,5,68142.57,32954.26,10.46
Kenya,6/1/2019,2019,6,70090.68,36457.32,18
Kenya,7/1/2019,2019,7,70716.57,35838.58,20.02
Kenya,8/1/2019,2019,8,72309.75,37022.61,34.3
Kenya,9/1/2019,2019,9,69849.51,35484.29,31.5
Kenya,10/1/2019,2019,10,69529.83,34923.29,33.44
Kenya,11/1/2019,2019,11,67770.22,33910.75,25.68
Kenya,12/1/2019,2019,12,66992.41,32604.94,16.62
Kenya,1/1/2020,2020,1,64260.48,30928.04,24.08
Kenya,2/1/2020,2020,2,63118.52,30114.82,23.6
Kenya,3/1/2020,2020,3,63539.5,30483.86,22.6
Kenya,4/1/2020,2020,4,68052.81,35203.47,19.84
Kenya,5/1/2020,2020,5,66692.88,34300.43,7.61
Kenya,6/1/2020,2020,6,67566.19,34797.73,0.77
Kenya,7/1/2020,2020,7,64291.18,32573.36,-8.3
Kenya,8/1/2020,2020,8,63764.28,33014.3,-10.91
Kenya,9/1/2020,2020,9,63317,31302.9,-2.51
Kenya,10/1/2020,2020,10,62035.9,29761.29,-5.29
Kenya,11/1/2020,2020,11,59486.5,25868.05,-12.72
Kenya,12/1/2020,2020,12,60374,27375.47,-8.19
Kenya,1/1/2020,2020,1,61946.63,33803.43,25.95
Kenya,2/1/2020,2020,2,61058.97,31969.73,26.07
Kenya,3/1/2020,2020,3,59788.88,29761.99,18.59
Kenya,4/1/2020,2020,4,61957.32,35570.53,18.19
Kenya,5/1/2020,2020,5,62135.27,36455.99,5.93
Kenya,6/1/2020,2020,6,61563.99,35962.67,-6.29
Kenya,7/1/2020,2020,7,60550.94,33093.1,-9.76
Kenya,8/1/2020,2020,8,61236.5,34331.94,-7.54
Kenya,9/1/2020,2020,9,57979.74,29967.43,-12.79
Kenya,10/1/2020,2020,10,56104.46,27457.33,-13.63
Kenya,11/1/2020,2020,11,55096.08,27159.42,-16
Kenya,12/1/2020,2020,12,55665.2,27903.99,-5.42
Kenya,1/1/2020,2020,1,59590.86,24442.79,15.98
Kenya,2/1/2020,2020,2,58979.92,23354.86,14.59
Kenya,3/1/2020,2020,3,58662.16,24132.02,12.81
Kenya,4/1/2020,2020,4,59351.62,27406.37,11.33
Kenya,5/1/2020,2020,5,60147.8,28241.13,5.91
Kenya,6/1/2020,2020,6,60338.56,27906.62,1.41
Kenya,7/1/2020,2020,7,59724.41,26393.89,-4.04
Kenya,8/1/2020,2020,8,58869.44,25342.45,-8.1
Kenya,9/1/2020,2020,9,57970.92,24358.27,-6.57
Kenya,10/1/2020,2020,10,58502.66,24055.55,-3.49
Kenya,11/1/2020,2020,11,57234.43,22717.49,-5.95
Kenya,12/1/2020,2020,12,57744.4,24085.11,-0.06
Kenya,1/1/2020,2020,1,59883.61,32816.37,25.06
Kenya,2/1/2020,2020,2,59204.21,31456.41,25.19
Kenya,3/1/2020,2020,3,57981.61,30448.99,17.81
Kenya,4/1/2020,2020,4,59541.41,32801,12.29
Kenya,5/1/2020,2020,5,59380.86,32976.33,-2.63
Kenya,6/1/2020,2020,6,60090.08,35427.96,-4.11
Kenya,7/1/2020,2020,7,58325.46,31783.22,-8.21
Kenya,8/1/2020,2020,8,58169.26,31424.23,-10.12
Kenya,9/1/2020,2020,9,56358.4,29568.07,-9.85
Kenya,10/1/2020,2020,10,53935.76,27410.01,-10.4
Kenya,11/1/2020,2020,11,54063.82,27540.34,-15.2
Kenya,12/1/2020,2020,12,54120.91,27457.31,-4.44
Kenya,1/1/2020,2020,1,61948.13,33555.11,27.35
Kenya,2/1/2020,2020,2,61206.74,32052.56,22.72
Kenya,3/1/2020,2020,3,60531.57,33134.37,19.38
Kenya,4/1/2020,2020,4,63421.39,37673.19,21.75
Kenya,5/1/2020,2020,5,64651.35,37578.99,7.1
Kenya,6/1/2020,2020,6,63894.24,37243.17,1.65
Kenya,7/1/2020,2020,7,62162.74,35043.11,-1.8
Kenya,8/1/2020,2020,8,61480.03,34812.14,-10.7
Kenya,9/1/2020,2020,9,60249.95,31567.27,-5.86
Kenya,10/1/2020,2020,10,60249.58,31511.5,-4.35
Kenya,11/1/2020,2020,11,57769.27,27847.36,-10.79
Kenya,12/1/2020,2020,12,59988.73,31306.89,-3.58
Kenya,1/1/2020,2020,1,72994.7,38229.83,14.94
Kenya,2/1/2020,2020,2,72179.7,37292.75,22.35
Kenya,3/1/2020,2020,3,72000.88,38367.3,15.67
Kenya,4/1/2020,2020,4,72968.11,38341.73,4.7
Kenya,5/1/2020,2020,5,72392.17,39315.13,-2.02
Kenya,6/1/2020,2020,6,73988.75,40060.84,-3.87
Kenya,7/1/2020,2020,7,72641.44,37621.74,-9.2
Kenya,8/1/2020,2020,8,71843.17,36134.16,-8.61
Kenya,9/1/2020,2020,9,69449.84,34476.13,-10.62
Kenya,10/1/2020,2020,10,66729.22,32124.54,-13.84
Kenya,11/1/2020,2020,11,66008.37,31349.35,-16.81
Kenya,12/1/2020,2020,12,65766.08,31660.45,-9.07
Kenya,1/1/2020,2020,1,56727.14,24799.63,19.43
Kenya,2/1/2020,2020,2,56484.38,24025,17.36
Kenya,3/1/2020,2020,3,56630.73,25320.16,17.83
Kenya,4/1/2020,2020,4,58655.58,28342.41,17.4
Kenya,5/1/2020,2020,5,58906.05,28152.18,7.81
Kenya,6/1/2020,2020,6,58591.5,28089.78,3.26
Kenya,7/1/2020,2020,7,57043.73,26033.99,-5.37
Kenya,8/1/2020,2020,8,56693.28,25907.85,-11.2
Kenya,9/1/2020,2020,9,55876.11,23783.08,-7.13
Kenya,10/1/2020,2020,10,55563.85,23561.63,-5.37
Kenya,11/1/2020,2020,11,54726.87,23201.94,-5.04
Kenya,12/1/2020,2020,12,55230.22,24226.51,0.15
Kenya,1/1/2020,2020,1,71967.02,39437.07,15.5
Kenya,2/1/2020,2020,2,70645.24,39000.39,16.6
Kenya,3/1/2020,2020,3,69889.43,39028.19,12.69
Kenya,4/1/2020,2020,4,72443.54,40496.61,5.94
Kenya,5/1/2020,2020,5,71967.55,40694.02,0.1
Kenya,6/1/2020,2020,6,72933.6,41619.51,-2.39
Kenya,7/1/2020,2020,7,69795.96,39077.02,-9.6
Kenya,8/1/2020,2020,8,69703.48,38761.56,-9.69
Kenya,9/1/2020,2020,9,67718.91,37648.48,-10
Kenya,10/1/2020,2020,10,66254.31,37366.87,-10.27
Kenya,11/1/2020,2020,11,64219.99,36377.69,-14.04
Kenya,12/1/2020,2020,12,65282.58,37003.7,-6.64
Kenya,1/1/2020,2020,1,61210.62,33667.52,28.26
Kenya,2/1/2020,2020,2,59433.99,29863.7,18.72
Kenya,3/1/2020,2020,3,58915.46,29507.1,14.58
Kenya,4/1/2020,2020,4,62481.79,37069.53,21
Kenya,5/1/2020,2020,5,63357.64,36904.4,9.23
Kenya,6/1/2020,2020,6,63137.61,37804.98,3.92
Kenya,7/1/2020,2020,7,61023.83,35524.08,-2.48
Kenya,8/1/2020,2020,8,61118.62,35502.39,-6.32
Kenya,9/1/2020,2020,9,58646.1,29158.26,-11.38
Kenya,10/1/2020,2020,10,59110.47,29285.85,-8.26
Kenya,11/1/2020,2020,11,57894.48,27727.89,-8.82
Kenya,12/1/2020,2020,12,58904.29,29595.71,-1.41
Kenya,1/1/2020,2020,1,68747,31590.25,20.67
Kenya,2/1/2020,2020,2,68123.22,31055.63,17.19
Kenya,3/1/2020,2020,3,69080.2,33735.85,18.14
Kenya,4/1/2020,2020,4,71101.35,35755.14,11.9
Kenya,5/1/2020,2020,5,70488.36,34843.27,3.33
Kenya,6/1/2020,2020,6,69573.69,34354.87,-0.55
Kenya,7/1/2020,2020,7,68364.87,32883.35,-6.08
Kenya,8/1/2020,2020,8,67895.66,32729.99,-7.36
Kenya,9/1/2020,2020,9,66434.59,31109.5,-7.53
Kenya,10/1/2020,2020,10,66778.42,30823.35,-6.67
Kenya,11/1/2020,2020,11,63996.49,29798.61,-9.07
Kenya,12/1/2020,2020,12,65014.66,30293.94,-5.8
Kenya,1/1/2020,2020,1,70510.3,33852.54,22.06
Kenya,2/1/2020,2020,2,68423.43,32193.44,22.44
Kenya,3/1/2020,2020,3,67097.39,30690.32,10.1
Kenya,4/1/2020,2020,4,70220.78,34537.2,8.48
Kenya,5/1/2020,2020,5,70200.9,34793.12,3.59
Kenya,6/1/2020,2020,6,69915.86,34522.56,-1.43
Kenya,7/1/2020,2020,7,67412.34,32059.04,-9.75
Kenya,8/1/2020,2020,8,66995.59,32101.22,-10.3
Kenya,9/1/2020,2020,9,65131.83,30740.56,-11.25
Kenya,10/1/2020,2020,10,65831.11,31048.19,-7.05
Kenya,11/1/2020,2020,11,64903.45,29436.55,-9.77
Kenya,12/1/2020,2020,12,64884.62,30220.1,-5.42
Kenya,1/1/2020,2020,1,60632.56,28404.21,21.65
Kenya,2/1/2020,2020,2,60478.07,28019.83,21.45
Kenya,3/1/2020,2020,3,60805.69,29240.8,17.55
Kenya,4/1/2020,2020,4,66442.62,40396.1,34.92
Kenya,5/1/2020,2020,5,67003.55,41778.08,21.27
Kenya,6/1/2020,2020,6,67742.51,41980.28,17.04
Kenya,7/1/2020,2020,7,64099.1,33991.94,6.19
Kenya,8/1/2020,2020,8,62097.94,31749.49,1.36
Kenya,9/1/2020,2020,9,60982.13,28296.6,-4.15
Kenya,10/1/2020,2020,10,59977.49,28237.18,-3.31
Kenya,11/1/2020,2020,11,58660.63,26098.27,-8.95
Kenya,12/1/2020,2020,12,59404.44,26864.92,-2.51
Kenya,1/1/2020,2020,1,62953.82,34478.92,31.65
Kenya,2/1/2020,2020,2,61646.23,32466.33,25.06
Kenya,3/1/2020,2020,3,60984.02,32846.3,14.21
Kenya,4/1/2020,2020,4,65423.47,37617.32,18.03
Kenya,5/1/2020,2020,5,67345.06,39635.34,8.61
Kenya,6/1/2020,2020,6,66649.45,38887.27,0.76
Kenya,7/1/2020,2020,7,63684.1,35986.2,-5.33
Kenya,8/1/2020,2020,8,63662.6,35354.64,-9.44
Kenya,9/1/2020,2020,9,60671.08,31774,-8.18
Kenya,10/1/2020,2020,10,60054.86,30537.79,-7.31
Kenya,11/1/2020,2020,11,60514.29,29767.77,-10.04
Kenya,12/1/2020,2020,12,60233.51,30842.28,-4.14
Kenya,1/1/2020,2020,1,68105.86,36259.98,14.61
Kenya,2/1/2020,2020,2,66891.39,36210.58,27.35
Kenya,3/1/2020,2020,3,67176.65,36375.88,22.07
Kenya,4/1/2020,2020,4,68128.78,37575.35,9.71
Kenya,5/1/2020,2020,5,68152.51,37800.3,0.26
Kenya,6/1/2020,2020,6,69218.94,37829.34,-4.46
Kenya,7/1/2020,2020,7,66955.63,36525.56,-6.6
Kenya,8/1/2020,2020,8,68214.19,37492.38,-4.94
Kenya,9/1/2020,2020,9,64915.88,35258.54,-7.72
Kenya,10/1/2020,2020,10,63933.28,36125.43,-5.4
Kenya,11/1/2020,2020,11,62136.64,33563.53,-11.91
Kenya,12/1/2020,2020,12,62225.65,34675.13,-5.96
Kenya,1/1/2020,2020,1,71447.84,36620.84,15.25
Kenya,2/1/2020,2020,2,70580.74,37739.1,20.59
Kenya,3/1/2020,2020,3,70024.48,37317.89,15.64
Kenya,4/1/2020,2020,4,71461.15,38841.84,9.11
Kenya,5/1/2020,2020,5,71887.98,39040.37,1.85
Kenya,6/1/2020,2020,6,72360.44,39014.05,-0.79
Kenya,7/1/2020,2020,7,70344.17,38265.68,-3.32
Kenya,8/1/2020,2020,8,70218.51,37685.07,-3.5
Kenya,9/1/2020,2020,9,66643.81,35112.1,-8.89
Kenya,10/1/2020,2020,10,67043.36,34152.65,-8.63
Kenya,11/1/2020,2020,11,65609.16,34657.96,-9.57
Kenya,12/1/2020,2020,12,66901.84,34168.25,-6.36
Kenya,1/1/2020,2020,1,62342.44,27885.18,27.72
Kenya,2/1/2020,2020,2,61165.26,25556.74,17.83
Kenya,3/1/2020,2020,3,61781.86,26515.11,23.4
Kenya,4/1/2020,2020,4,65535.95,31314.27,19.38
Kenya,5/1/2020,2020,5,65069.28,30696.72,5.6
Kenya,6/1/2020,2020,6,64901.98,30722.42,-0.78
Kenya,7/1/2020,2020,7,62413.99,29064.81,-10.13
Kenya,8/1/2020,2020,8,61973.34,28043.07,-13.98
Kenya,9/1/2020,2020,9,60626.76,26783.09,-7.79
Kenya,10/1/2020,2020,10,61040.92,27682.2,-6.32
Kenya,11/1/2020,2020,11,59907.11,25778.45,-9.93
Kenya,12/1/2020,2020,12,58979.18,25157.16,-6.51
Kenya,1/1/2020,2020,1,69108.17,37460.68,26.03
Kenya,2/1/2020,2020,2,68584.75,36614.69,34.24
Kenya,3/1/2020,2020,3,65913.01,34152.74,24.27
Kenya,4/1/2020,2020,4,67876.79,37619.73,12.87
Kenya,5/1/2020,2020,5,66389.79,35320.54,-4.47
Kenya,6/1/2020,2020,6,67714.06,36605.98,-7.05
Kenya,7/1/2020,2020,7,66357.19,35220.86,-8.86
Kenya,8/1/2020,2020,8,69055.91,37272.07,-3.92
Kenya,9/1/2020,2020,9,64944.56,33271.15,-8.95
Kenya,10/1/2020,2020,10,62712.41,30954.07,-11.54
Kenya,11/1/2020,2020,11,61097.43,30573.37,-15.8
Kenya,12/1/2020,2020,12,61807.26,31480.58,-2.7
Kenya,1/1/2020,2020,1,69659.84,37026.28,25.3
Kenya,2/1/2020,2020,2,69404.3,37073.43,29.22
Kenya,3/1/2020,2020,3,68847.08,37125.87,20.96
Kenya,4/1/2020,2020,4,70617.9,37892.7,9.36
Kenya,5/1/2020,2020,5,70124.98,37533.27,0.6
Kenya,6/1/2020,2020,6,69956.14,37630.11,-4.83
Kenya,7/1/2020,2020,7,70030.28,37065.46,-4.7
Kenya,8/1/2020,2020,8,67728.84,35852.87,-11.38
Kenya,9/1/2020,2020,9,64535.3,35595.97,-7.5
Kenya,10/1/2020,2020,10,63782.07,34366.65,-9.73
Kenya,11/1/2020,2020,11,61880.9,33440.65,-14.24
Kenya,12/1/2020,2020,12,62463.41,34496.76,-5.26
Kenya,1/1/2020,2020,1,63244.15,30989.29,26.05
Kenya,2/1/2020,2020,2,61489.78,27915.64,21.27
Kenya,3/1/2020,2020,3,61877.77,27770.48,17.61
Kenya,4/1/2020,2020,4,67099.65,32724.41,22.16
Kenya,5/1/2020,2020,5,66131.97,32695.25,7.06
Kenya,6/1/2020,2020,6,65555.37,31557.98,-5.16
Kenya,7/1/2020,2020,7,62525.99,30342.14,-11.08
Kenya,8/1/2020,2020,8,63340.62,29956.09,-13.07
Kenya,9/1/2020,2020,9,61434.68,28509.34,-7.66
Kenya,10/1/2020,2020,10,59615.88,27141.43,-6
Kenya,11/1/2020,2020,11,58990.2,26176.28,-10.24
Kenya,12/1/2020,2020,12,59293.96,26477.06,-3.84
Kenya,1/1/2020,2020,1,69016.91,37575.77,21.85
Kenya,2/1/2020,2020,2,67670.53,36793.58,29.77
Kenya,3/1/2020,2020,3,65376.28,34648.15,20.4
Kenya,4/1/2020,2020,4,66516.32,36461.32,8.12
Kenya,5/1/2020,2020,5,67133.52,36941.33,-0.85
Kenya,6/1/2020,2020,6,68582.5,37732.9,-5.49
Kenya,7/1/2020,2020,7,66981.58,35634.73,-9.77
Kenya,8/1/2020,2020,8,67500.55,35132.07,-6.52
Kenya,9/1/2020,2020,9,64765.99,34910.56,-5.01
Kenya,10/1/2020,2020,10,63818.18,31763.24,-8.95
Kenya,11/1/2020,2020,11,59892.87,30570.18,-15.05
Kenya,12/1/2020,2020,12,60292.8,30903.32,-7.85
Kenya,1/1/2020,2020,1,60732.95,28653.7,19.36
Kenya,2/1/2020,2020,2,59798.06,28163.57,19.2
Kenya,3/1/2020,2020,3,59970.86,29155.34,18.26
Kenya,4/1/2020,2020,4,62826.65,35084.62,20.1
Kenya,5/1/2020,2020,5,63772.14,35043.73,10.85
Kenya,6/1/2020,2020,6,64366.34,35277.67,5.3
Kenya,7/1/2020,2020,7,61569.09,32293.72,-2.94
Kenya,8/1/2020,2020,8,60668.41,31862.14,-10.91
Kenya,9/1/2020,2020,9,60321.67,29089.22,-7.47
Kenya,10/1/2020,2020,10,59341.92,29067.87,-1.74
Kenya,11/1/2020,2020,11,57215.59,25629.81,-9.33
Kenya,12/1/2020,2020,12,58172.87,28182.41,-0.65
Kenya,1/1/2020,2020,1,61862.81,26839.18,15.08
Kenya,2/1/2020,2020,2,60728.35,23306.22,8.65
Kenya,3/1/2020,2020,3,59996.68,24462.14,9.81
Kenya,4/1/2020,2020,4,60791.29,27575.21,10.28
Kenya,5/1/2020,2020,5,61559.63,28655.48,6.86
Kenya,6/1/2020,2020,6,59854.35,25937.07,-11.28
Kenya,7/1/2020,2020,7,58997.8,25783.3,-14.06
Kenya,8/1/2020,2020,8,58652.62,25963.71,-10.04
Kenya,9/1/2020,2020,9,60034.72,27591.42,-3.38
Kenya,10/1/2020,2020,10,59196.76,26319.54,-8.75
Kenya,11/1/2020,2020,11,58373.25,25464.09,-8.36
Kenya,12/1/2020,2020,12,58964.3,25672.73,-6.9
Kenya,1/1/2020,2020,1,59721.96,28917.7,18.45
Kenya,2/1/2020,2020,2,59063.68,28148.3,19.08
Kenya,3/1/2020,2020,3,59112.38,27166.27,12.93
Kenya,4/1/2020,2020,4,61316.92,30515.58,14.43
Kenya,5/1/2020,2020,5,62575.54,34082.02,8.59
Kenya,6/1/2020,2020,6,62796.33,34187.35,3.02
Kenya,7/1/2020,2020,7,60092.71,30105.2,-3.7
Kenya,8/1/2020,2020,8,59991.43,29931.31,-9.54
Kenya,9/1/2020,2020,9,58971.55,28399.76,-6.09
Kenya,10/1/2020,2020,10,58024.87,27918.79,-1.7
Kenya,11/1/2020,2020,11,56852.47,25452.52,-6.57
Kenya,12/1/2020,2020,12,58037.79,27409.66,-2.81
Kenya,1/1/2020,2020,1,70928.92,34437.84,24.97
Kenya,2/1/2020,2020,2,70886.25,34294.55,23.43
Kenya,3/1/2020,2020,3,70653.6,34567.24,17.63
Kenya,4/1/2020,2020,4,73269.17,36959.63,11.25
Kenya,5/1/2020,2020,5,74183.49,37178.32,5.71
Kenya,6/1/2020,2020,6,73794.64,37561.03,2.13
Kenya,7/1/2020,2020,7,69031.22,33210.55,-8.27
Kenya,8/1/2020,2020,8,69434.65,33911.21,-8.15
Kenya,9/1/2020,2020,9,69455.13,33383.06,-7.26
Kenya,10/1/2020,2020,10,69335.46,32719.9,-5.43
Kenya,11/1/2020,2020,11,67775.27,31344.13,-7.35
Kenya,12/1/2020,2020,12,69023.65,33089.86,-3.28
Kenya,1/1/2020,2020,1,71405.37,36248.58,24.82
Kenya,2/1/2020,2020,2,70491.48,35368.19,27.87
Kenya,3/1/2020,2020,3,67986.45,32902.67,15.65
Kenya,4/1/2020,2020,4,69352.88,34652.82,10.13
Kenya,5/1/2020,2020,5,71056.72,36721.28,2.89
Kenya,6/1/2020,2020,6,71729.42,37074.47,-4.41
Kenya,7/1/2020,2020,7,70958.57,35211.37,-6.05
Kenya,8/1/2020,2020,8,70982.75,35284.17,-5.32
Kenya,9/1/2020,2020,9,67636.56,31723.71,-10.42
Kenya,10/1/2020,2020,10,67124.13,29930.25,-11.54
Kenya,11/1/2020,2020,11,65687.6,28522.51,-15.44
Kenya,12/1/2020,2020,12,66956.48,29895.5,-2.53
Kenya,1/1/2020,2020,1,87804.35,49816.62,15.68
Kenya,2/1/2020,2020,2,87960.4,48793.03,25.68
Kenya,3/1/2020,2020,3,86385.25,51186.03,20.14
Kenya,4/1/2020,2020,4,90396.53,49854.41,8.18
Kenya,5/1/2020,2020,5,88639.89,51288.03,2.87
Kenya,6/1/2020,2020,6,89042.99,51036.35,3.88
Kenya,7/1/2020,2020,7,88031.37,52106.73,4.03
Kenya,8/1/2020,2020,8,88750.54,51490.38,1.65
Kenya,9/1/2020,2020,9,84040.84,48789.52,-4.37
Kenya,10/1/2020,2020,10,80557.95,48049.05,-5.86
Kenya,11/1/2020,2020,11,79711.37,47301.82,-5.55
Kenya,12/1/2020,2020,12,80953.44,47416.2,-5.46
Kenya,1/1/2020,2020,1,77962.08,44176.96,22.82
Kenya,2/1/2020,2020,2,76249.75,45266.97,25.36
Kenya,3/1/2020,2020,3,74753.63,44960.22,19.47
Kenya,4/1/2020,2020,4,76566.63,45691.6,10.85
Kenya,5/1/2020,2020,5,76607.41,44978.85,2.51
Kenya,6/1/2020,2020,6,77220.38,45119.1,-0.91
Kenya,7/1/2020,2020,7,74917.05,43412.2,-3.16
Kenya,8/1/2020,2020,8,75145.68,43457.95,-3.1
Kenya,9/1/2020,2020,9,71309.76,41396.96,-9.24
Kenya,10/1/2020,2020,10,67890.59,39110.11,-13.55
Kenya,11/1/2020,2020,11,67150.69,38273.61,-14.76
Kenya,12/1/2020,2020,12,67121.16,37095.55,-12
Kenya,1/1/2020,2020,1,84480.94,49304.78,21.64
Kenya,2/1/2020,2020,2,82714.77,49183.17,23.59
Kenya,3/1/2020,2020,3,82918.21,49707.91,18.59
Kenya,4/1/2020,2020,4,84069.52,50471.61,10.02
Kenya,5/1/2020,2020,5,83616.98,50085.94,1.14
Kenya,6/1/2020,2020,6,84838.2,50541.79,-2.21
Kenya,7/1/2020,2020,7,84636.93,51358,0.54
Kenya,8/1/2020,2020,8,84085.97,49997.85,-1.99
Kenya,9/1/2020,2020,9,81318.06,47878.49,-4.53
Kenya,10/1/2020,2020,10,75286.07,46336.74,-9.02
Kenya,11/1/2020,2020,11,73192.39,44513.98,-9.4
Kenya,12/1/2020,2020,12,76146.76,46413.19,-4.99
Kenya,1/1/2020,2020,1,58729.38,29090.97,18.91
Kenya,2/1/2020,2020,2,57919.14,28785.05,17.13
Kenya,3/1/2020,2020,3,57414.7,29213.22,13.97
Kenya,4/1/2020,2020,4,59788.45,34662.35,16.37
Kenya,5/1/2020,2020,5,60784.16,35549.62,13.28
Kenya,6/1/2020,2020,6,60643.57,34409.82,3.86
Kenya,7/1/2020,2020,7,58151.06,31409.94,-3.62
Kenya,8/1/2020,2020,8,57790.34,30882.9,-11.77
Kenya,9/1/2020,2020,9,57235.21,30309.39,-3.38
Kenya,10/1/2020,2020,10,56673.59,29348.37,-4.23
Kenya,11/1/2020,2020,11,54693.77,26540.9,-9.74
Kenya,12/1/2020,2020,12,55909.91,27900.94,-7.01
Kenya,1/1/2020,2020,1,63959.5,37360.7,22.13
Kenya,2/1/2020,2020,2,62505.84,36149.7,21.12
Kenya,3/1/2020,2020,3,62793.44,33734.26,16.2
Kenya,4/1/2020,2020,4,62914.26,37222.99,7.67
Kenya,5/1/2020,2020,5,63435.07,36006.72,0.69
Kenya,6/1/2020,2020,6,62872.45,35878.16,-3.83
Kenya,7/1/2020,2020,7,62838.71,35135.83,-12.58
Kenya,8/1/2020,2020,8,62555.07,35350.87,-4.31
Kenya,9/1/2020,2020,9,62441.78,35552.23,-5.35
Kenya,10/1/2020,2020,10,62379.52,34371.96,-11.45
Kenya,11/1/2020,2020,11,62394.78,35367.03,-7
Kenya,12/1/2020,2020,12,62306.54,33820.83,-6.56
Kenya,1/1/2020,2020,1,70044.46,35658.57,13.44
Kenya,2/1/2020,2020,2,68166.08,34675.91,17.96
Kenya,3/1/2020,2020,3,69577.38,36521.31,18.41
Kenya,4/1/2020,2020,4,70795.17,36877.48,12.67
Kenya,5/1/2020,2020,5,70268.09,36790.57,1.92
Kenya,6/1/2020,2020,6,70706.88,36810.12,-4.94
Kenya,7/1/2020,2020,7,68535.17,35709.4,-8.81
Kenya,8/1/2020,2020,8,68963.8,35788.98,-9.54
Kenya,9/1/2020,2020,9,65904.43,33732.23,-8.97
Kenya,10/1/2020,2020,10,63799.41,31688.44,-13.72
Kenya,11/1/2020,2020,11,63000.9,30609.48,-15.42
Kenya,12/1/2020,2020,12,63761.43,31740.5,-8.68
Kenya,1/1/2020,2020,1,58465.54,29592.14,27.63
Kenya,2/1/2020,2020,2,57276.25,28320.14,23.34
Kenya,3/1/2020,2020,3,56377.49,27425.18,15.04
Kenya,4/1/2020,2020,4,60331.96,30895.04,13.61
Kenya,5/1/2020,2020,5,60551.21,34428.39,5.71
Kenya,6/1/2020,2020,6,60183.82,33921.78,0.69
Kenya,7/1/2020,2020,7,58728.06,31953.66,-3.84
Kenya,8/1/2020,2020,8,58699.55,32402.82,-8.77
Kenya,9/1/2020,2020,9,56731.46,28938.44,-4.54
Kenya,10/1/2020,2020,10,55375.46,27232.28,-7.05
Kenya,11/1/2020,2020,11,54451.2,25573.05,-7.69
Kenya,12/1/2020,2020,12,55675.36,27452.76,-1.78
Kenya,1/1/2020,2020,1,57619.61,27984.45,21.52
Kenya,2/1/2020,2020,2,56927.58,27703.8,19.78
Kenya,3/1/2020,2020,3,56839.97,28231.71,15.41
Kenya,4/1/2020,2020,4,60402.56,34400.7,18.44
Kenya,5/1/2020,2020,5,60693.61,34861.86,10.62
Kenya,6/1/2020,2020,6,60083.35,33957.02,1.01
Kenya,7/1/2020,2020,7,57750.26,30705.18,-6.13
Kenya,8/1/2020,2020,8,57998.66,31221.19,-5.04
Kenya,9/1/2020,2020,9,55656.12,27916.68,-6.66
Kenya,10/1/2020,2020,10,55977.96,27876.31,-4.36
Kenya,11/1/2020,2020,11,54433.75,25968.35,-8.35
Kenya,12/1/2020,2020,12,56165.05,28273.87,0.19
Kenya,1/1/2020,2020,1,65774.57,32641.59,17.55
Kenya,2/1/2020,2020,2,65440.86,31868.03,20.39
Kenya,3/1/2020,2020,3,64759.01,30497.86,9.29
Kenya,4/1/2020,2020,4,66607.75,34136.48,10.33
Kenya,5/1/2020,2020,5,65573.33,34087.58,2.24
Kenya,6/1/2020,2020,6,65692.14,34010.86,-1.01
Kenya,7/1/2020,2020,7,64631.17,32418.25,-6.67
Kenya,8/1/2020,2020,8,64218.75,32418.41,-8.12
Kenya,9/1/2020,2020,9,61836.16,30947.1,-9.24
Kenya,10/1/2020,2020,10,61897.47,30482.65,-9.13
Kenya,11/1/2020,2020,11,61906.3,29160.81,-9.15
Kenya,12/1/2020,2020,12,61380.65,29150.42,-6.95
Kenya,1/1/2020,2020,1,63069.6,32601.3,26.42
Kenya,2/1/2020,2020,2,61833.11,32165.84,26.3
Kenya,3/1/2020,2020,3,61655.63,33152.56,20.96
Kenya,4/1/2020,2020,4,63988.82,37159.3,18.48
Kenya,5/1/2020,2020,5,65703.15,39584.36,10.64
Kenya,6/1/2020,2020,6,65086.6,36697.65,3.57
Kenya,7/1/2020,2020,7,62948.31,34964.66,-2.26
Kenya,8/1/2020,2020,8,63332.49,34898.63,-8.6
Kenya,9/1/2020,2020,9,61459.02,32137.69,-6.65
Kenya,10/1/2020,2020,10,60405.28,31103.24,-6.42
Kenya,11/1/2020,2020,11,58284.48,27808.8,-11.69
Kenya,12/1/2020,2020,12,59252.03,29060.27,-6.94
Kenya,1/1/2020,2020,1,59492.75,30227.87,27.09
Kenya,2/1/2020,2020,2,58177.35,28072.79,21.32
Kenya,3/1/2020,2020,3,57956.71,28409.14,16.69
Kenya,4/1/2020,2020,4,61355.93,33866.52,16.65
Kenya,5/1/2020,2020,5,62464,35250.54,11.36
Kenya,6/1/2020,2020,6,60885.64,33557.85,1.8
Kenya,7/1/2020,2020,7,60492.19,32374.5,-2.48
Kenya,8/1/2020,2020,8,60004.6,31664.43,-10.19
Kenya,9/1/2020,2020,9,57547.75,28493.79,-7.18
Kenya,10/1/2020,2020,10,56445.79,27446.9,-6.62
Kenya,11/1/2020,2020,11,55298.2,25435.5,-11.77
Kenya,12/1/2020,2020,12,55816.17,26466.53,-7.15
Kenya,1/1/2020,2020,1,76244.3,34523,41.31
Kenya,2/1/2020,2020,2,75869.73,34334,46.68
Kenya,3/1/2020,2020,3,74925.11,31428,37.33
Kenya,4/1/2020,2020,4,73713.09,32646.27,17.88
Kenya,5/1/2020,2020,5,74027.21,32995.27,1.89
Kenya,6/1/2020,2020,6,75952.77,34887,-7.08
Kenya,7/1/2020,2020,7,73640.64,31904,-5.77
Kenya,8/1/2020,2020,8,74564.7,31254,-8.58
Kenya,9/1/2020,2020,9,72479.38,28881,-10.03
Kenya,10/1/2020,2020,10,65486.16,24034.58,-17.62
Kenya,11/1/2020,2020,11,65510.89,24145,-21.99
Kenya,12/1/2020,2020,12,66717.27,25141,-8
Kenya,1/1/2020,2020,1,60716.49,30107.66,24.18
Kenya,2/1/2020,2020,2,59506.07,29967.6,22.68
Kenya,3/1/2020,2020,3,59671.73,30003.88,14.18
Kenya,4/1/2020,2020,4,64730.67,34767.42,15.06
Kenya,5/1/2020,2020,5,64381,35397.5,10.25
Kenya,6/1/2020,2020,6,62536.81,33327.04,-0.21
Kenya,7/1/2020,2020,7,60656.15,30171.46,-6
Kenya,8/1/2020,2020,8,61321.52,30670.85,-5.64
Kenya,9/1/2020,2020,9,59591.4,29141.93,-5.45
Kenya,10/1/2020,2020,10,59539.3,28385.9,-4.11
Kenya,11/1/2020,2020,11,58433.29,27180.81,-9.14
Kenya,12/1/2020,2020,12,59657.94,28956.55,-1.48
Kenya,1/1/2020,2020,1,61722.67,29893.81,19.5
Kenya,2/1/2020,2020,2,60099.4,28418.33,18.78
Kenya,3/1/2020,2020,3,60693.96,28850.48,13.93
Kenya,4/1/2020,2020,4,62277.7,32781.67,11.94
Kenya,5/1/2020,2020,5,63588.89,33457.67,7.75
Kenya,6/1/2020,2020,6,62713.74,32927.71,2.71
Kenya,7/1/2020,2020,7,61398.04,30323.09,-2.38
Kenya,8/1/2020,2020,8,61651.46,31101.42,-3.47
Kenya,9/1/2020,2020,9,61247.08,29757.63,-2.45
Kenya,10/1/2020,2020,10,60645.92,28879.86,-1.95
Kenya,11/1/2020,2020,11,59010.8,27198.76,-4.8
Kenya,12/1/2020,2020,12,59060.3,27281.91,-3.99
Kenya,1/1/2020,2020,1,70076.56,36752.36,8.28
Kenya,2/1/2020,2020,2,70231.39,37511.11,10.25
Kenya,3/1/2020,2020,3,69728.68,37814.62,9.79
Kenya,4/1/2020,2020,4,70453.95,37554.57,2.18
Kenya,5/1/2020,2020,5,69704.55,37394.77,1.4
Kenya,6/1/2020,2020,6,67823.09,36758.91,-5.03
Kenya,7/1/2020,2020,7,68389.03,35795.28,-10.39
Kenya,8/1/2020,2020,8,68326.24,36586.77,-6.55
Kenya,9/1/2020,2020,9,68093.65,35499.6,-4.58
Kenya,10/1/2020,2020,10,68218.03,36333.19,-5.82
Kenya,11/1/2020,2020,11,67748.19,35962.39,-4.49
Kenya,12/1/2020,2020,12,68529.77,35841.72,-2.6
Kenya,1/1/2020,2020,1,58640.75,23737.53,16.08
Kenya,2/1/2020,2020,2,58396.19,22181.47,13.64
Kenya,3/1/2020,2020,3,57895.79,24470.93,14.49
Kenya,4/1/2020,2020,4,58964.95,26068.12,11
Kenya,5/1/2020,2020,5,59900.33,26997.04,5.76
Kenya,6/1/2020,2020,6,59330.11,27948.4,2.22
Kenya,7/1/2020,2020,7,58830.8,25562.95,-3.41
Kenya,8/1/2020,2020,8,57928.03,24790.59,-8.77
Kenya,9/1/2020,2020,9,58134.75,24115.29,-3.88
Kenya,10/1/2020,2020,10,57397.77,23080.98,-3.87
Kenya,11/1/2020,2020,11,56897.95,22531.4,-5.16
Kenya,12/1/2020,2020,12,57190.97,22985.54,-0.49
Kenya,1/1/2020,2020,1,70387.03,37841.52,17.94
Kenya,2/1/2020,2020,2,69723.59,36467.87,18.85
Kenya,3/1/2020,2020,3,69091.1,36545.21,16.21
Kenya,4/1/2020,2020,4,70620.74,37826.93,7.95
Kenya,5/1/2020,2020,5,70616.31,38168.84,1.4
Kenya,6/1/2020,2020,6,70195.57,37778.28,-3.82
Kenya,7/1/2020,2020,7,69175.33,36577.01,-8.34
Kenya,8/1/2020,2020,8,69031.15,36864.86,-7.41
Kenya,9/1/2020,2020,9,66537.22,34117.68,-9.26
Kenya,10/1/2020,2020,10,63973.5,33096.23,-11.64
Kenya,11/1/2020,2020,11,64042.12,33557.75,-13.22
Kenya,12/1/2020,2020,12,64624.67,34168.32,-6.92
Kenya,1/1/2020,2020,1,74333.13,33256.61,32.96
Kenya,2/1/2020,2020,2,73845.74,32619.74,32.27
Kenya,3/1/2020,2020,3,73322.49,32653.91,24.37
Kenya,4/1/2020,2020,4,75383.52,36577.44,17.4
Kenya,5/1/2020,2020,5,75547.21,36858.51,7.07
Kenya,6/1/2020,2020,6,75033.85,35987.28,1.15
Kenya,7/1/2020,2020,7,73887.88,34824.08,-2.93
Kenya,8/1/2020,2020,8,74114.59,35417.23,-2.68
Kenya,9/1/2020,2020,9,73415.43,32887.69,-3.65
Kenya,10/1/2020,2020,10,73385.74,32995.4,1.29
Kenya,11/1/2020,2020,11,70894.8,29785.11,-6.75
Kenya,12/1/2020,2020,12,72643.44,32428.8,3.08
Kenya,1/1/2020,2020,1,68099.47,30355.17,31.04
Kenya,2/1/2020,2020,2,66490.92,29170.23,32.33
Kenya,3/1/2020,2020,3,66141.97,28188.66,22.96
Kenya,4/1/2020,2020,4,69980.58,34242.93,19.95
Kenya,5/1/2020,2020,5,69523.76,33980.5,7.41
Kenya,6/1/2020,2020,6,69397.29,33660.79,-2.27
Kenya,7/1/2020,2020,7,66694.5,30928.8,-11.39
Kenya,8/1/2020,2020,8,66901.09,30771.7,-12.85
Kenya,9/1/2020,2020,9,64841.15,29134.13,-10.57
Kenya,10/1/2020,2020,10,65068.01,28280.66,-5.88
Kenya,11/1/2020,2020,11,62431.53,27172.21,-10.16
Kenya,12/1/2020,2020,12,64343.63,28778.34,-4.39
Kenya,1/1/2020,2020,1,68114.08,37664.47,18.78
Kenya,2/1/2020,2020,2,66996.53,36382.55,19.19
Kenya,3/1/2020,2020,3,66437.7,35175.8,15.6
Kenya,4/1/2020,2020,4,66462.79,34594.14,6.69
Kenya,5/1/2020,2020,5,66900.02,36551.2,-0.76
Kenya,6/1/2020,2020,6,65881.45,34892.98,-6.44
Kenya,7/1/2020,2020,7,65467.19,36113.7,-7.85
Kenya,8/1/2020,2020,8,64082.73,34648.24,-9.44
Kenya,9/1/2020,2020,9,65338.43,36510.18,-2.91
Kenya,10/1/2020,2020,10,65399.23,36291.45,-5.94
Kenya,11/1/2020,2020,11,66044.2,35211.2,-5.5
Kenya,12/1/2020,2020,12,66157.88,35703.94,-2.75
Kenya,1/1/2020,2020,1,59614.92,30038.27,26.23
Kenya,2/1/2020,2020,2,58792.38,28943.16,23.08
Kenya,3/1/2020,2020,3,58635.91,28018.2,17.31
Kenya,4/1/2020,2020,4,61845.25,34405.84,20.3
Kenya,5/1/2020,2020,5,62117.23,35327.72,8.54
Kenya,6/1/2020,2020,6,62380.48,35906.3,2.47
Kenya,7/1/2020,2020,7,60040.25,31505.41,-6.14
Kenya,8/1/2020,2020,8,59486.93,30941.86,-15.6
Kenya,9/1/2020,2020,9,57813.88,29176.56,-6.46
Kenya,10/1/2020,2020,10,57410.22,28011.02,-5.87
Kenya,11/1/2020,2020,11,54599.43,24948.06,-12.14
Kenya,12/1/2020,2020,12,56157.33,27213.93,-5.04
Kenya,1/1/2020,2020,1,70492.62,35136.72,30.7
Kenya,2/1/2020,2020,2,68264.9,33344.06,35.18
Kenya,3/1/2020,2020,3,66842.17,32024.89,24.03
Kenya,4/1/2020,2020,4,68345.21,34744.18,16.33
Kenya,5/1/2020,2020,5,68809.19,35093.92,0.81
Kenya,6/1/2020,2020,6,69134.97,35332.46,-5.56
Kenya,7/1/2020,2020,7,69433.02,35504.05,-3.59
Kenya,8/1/2020,2020,8,68761.2,34503,-4.5
Kenya,9/1/2020,2020,9,66833.43,32312.09,-4.32
Kenya,10/1/2020,2020,10,63043.44,29391.66,-10.07
Kenya,11/1/2020,2020,11,60353.28,28601.6,-17.01
Kenya,12/1/2020,2020,12,61453.08,29228.82,-1.99
Kenya,1/1/2020,2020,1,63730.98,32537.85,30.86
Kenya,2/1/2020,2020,2,61724.34,30309.81,26.77
Kenya,3/1/2020,2020,3,62193.73,31593.62,20.97
Kenya,4/1/2020,2020,4,64882.49,36253.57,17.79
Kenya,5/1/2020,2020,5,65389.27,35854.06,5.1
Kenya,6/1/2020,2020,6,64968.16,35536.2,-0.71
Kenya,7/1/2020,2020,7,64041.27,34023.37,-5.22
Kenya,8/1/2020,2020,8,64643.6,34346.13,-6.67
Kenya,9/1/2020,2020,9,60661.13,30297.97,-7.37
Kenya,10/1/2020,2020,10,58982.94,28646.63,-7.82
Kenya,11/1/2020,2020,11,57368.31,27504.31,-12.8
Kenya,12/1/2020,2020,12,57524.65,27553.56,-11.9
Kenya,1/1/2020,2020,1,80068.38,40909.25,5.09
Kenya,2/1/2020,2020,2,79593.33,40352.44,4.49
Kenya,3/1/2020,2020,3,79398.7,40963.6,5.08
Kenya,4/1/2020,2020,4,79574.28,36983.26,-3.94
Kenya,5/1/2020,2020,5,78842.56,36774.49,-4.63
Kenya,6/1/2020,2020,6,79891.68,37237.6,-4.38
Kenya,7/1/2020,2020,7,79484.76,37489.81,-3.28
Kenya,8/1/2020,2020,8,79394.5,37889,-3.16
Kenya,9/1/2020,2020,9,78441.93,37425.61,-4.21
Kenya,10/1/2020,2020,10,78513.32,38548.32,-2.27
Kenya,11/1/2020,2020,11,78009.02,38268.83,-5.51
Kenya,12/1/2020,2020,12,79391.82,38668.52,-3.44
Kenya,1/1/2020,2020,1,67636.83,37976.87,14.11
Kenya,2/1/2020,2020,2,66989.42,37621.99,17.21
Kenya,3/1/2020,2020,3,67355.68,36609.01,14.85
Kenya,4/1/2020,2020,4,68151.34,38216.98,4.95
Kenya,5/1/2020,2020,5,68452.26,38375.72,2.4
Kenya,6/1/2020,2020,6,67385.38,37240.15,-5.95
Kenya,7/1/2020,2020,7,66358.1,38417.7,-8.59
Kenya,8/1/2020,2020,8,66555.6,36722.73,-6.89
Kenya,9/1/2020,2020,9,65964.42,35297.21,-5.7
Kenya,10/1/2020,2020,10,66677.3,36283.99,-7.07
Kenya,11/1/2020,2020,11,66171.61,36038.16,-6.86
Kenya,12/1/2020,2020,12,66833.81,36961.95,-1.55
Kenya,1/1/2020,2020,1,69780.32,35822.93,25.04
Kenya,2/1/2020,2020,2,67715.07,34336.08,27.83
Kenya,3/1/2020,2020,3,65706.66,32110,26.43
Kenya,4/1/2020,2020,4,67339.51,35136.83,17.47
Kenya,5/1/2020,2020,5,68025.52,35357.64,0.09
Kenya,6/1/2020,2020,6,69146.76,35815.54,-6.7
Kenya,7/1/2020,2020,7,67846.58,33487.8,-10.23
Kenya,8/1/2020,2020,8,71201.32,33958.28,-6.57
Kenya,9/1/2020,2020,9,65539.69,31155.11,-8.89
Kenya,10/1/2020,2020,10,62477.9,27796.57,-13.7
Kenya,11/1/2020,2020,11,60214.96,29101.64,-19
Kenya,12/1/2020,2020,12,60460.83,29806.66,-5.35
Kenya,1/1/2020,2020,1,63096.98,34283.92,20.89
Kenya,2/1/2020,2020,2,61181.21,34579.06,22.65
Kenya,3/1/2020,2020,3,60759.77,32092.64,16.8
Kenya,4/1/2020,2020,4,61198.41,36079.53,8.85
Kenya,5/1/2020,2020,5,61015.05,35418.23,1.51
Kenya,6/1/2020,2020,6,60509.12,35114.75,-5.15
Kenya,7/1/2020,2020,7,59927.43,34413.26,-9.68
Kenya,8/1/2020,2020,8,60107.44,34885.81,-5.78
Kenya,9/1/2020,2020,9,58811.89,31065.81,-9.14
Kenya,10/1/2020,2020,10,60296.76,35209.93,-2.92
Kenya,11/1/2020,2020,11,58675.14,30428.25,-11.16
Kenya,12/1/2020,2020,12,59517.17,34239.58,-2.86
Kenya,1/1/2020,2020,1,58756.76,23958.6,17.31
Kenya,2/1/2020,2020,2,58270.72,23462.91,15.46
Kenya,3/1/2020,2020,3,58398.86,24404.45,13.95
Kenya,4/1/2020,2020,4,59044,27392.17,13.18
Kenya,5/1/2020,2020,5,60029.38,27908.02,7.59
Kenya,6/1/2020,2020,6,59772.69,27904.27,1.51
Kenya,7/1/2020,2020,7,58967.92,25306.46,-4.75
Kenya,8/1/2020,2020,8,58061.25,25073.93,-9.02
Kenya,9/1/2020,2020,9,57848.6,23901.65,-4.96
Kenya,10/1/2020,2020,10,57518.35,23267.26,-4.06
Kenya,11/1/2020,2020,11,56857.68,22199.44,-5.54
Kenya,12/1/2020,2020,12,57084.77,23312.85,-2.18
Kenya,1/1/2020,2020,1,85129.99,47492.85,20.73
Kenya,2/1/2020,2020,2,82617.39,48364.4,24.89
Kenya,3/1/2020,2020,3,80918.2,47671.53,16.73
Kenya,4/1/2020,2020,4,83190.52,48658.6,10.85
Kenya,5/1/2020,2020,5,84391.51,49592.81,4.96
Kenya,6/1/2020,2020,6,84663.89,49737.06,0.89
Kenya,7/1/2020,2020,7,82701.05,48980.67,1.26
Kenya,8/1/2020,2020,8,80249.12,48273.6,0.5
Kenya,9/1/2020,2020,9,81078.9,47591.5,-5.38
Kenya,10/1/2020,2020,10,76072.12,46289.07,-7.1
Kenya,11/1/2020,2020,11,75636.56,45266.45,-5.52
Kenya,12/1/2020,2020,12,75093.8,46279.93,-4.13
Kenya,1/1/2020,2020,1,72437.59,40090.88,10.04
Kenya,2/1/2020,2020,2,72476.19,39793.58,10.87
Kenya,3/1/2020,2020,3,71433.45,39633.04,7.52
Kenya,4/1/2020,2020,4,73774.45,42933.5,8.81
Kenya,5/1/2020,2020,5,72707.31,41301.27,2.2
Kenya,6/1/2020,2020,6,71601.27,40347.68,-4.58
Kenya,7/1/2020,2020,7,70934.23,38986.22,-12.02
Kenya,8/1/2020,2020,8,71616.42,39322.56,-7.79
Kenya,9/1/2020,2020,9,70474.98,38270.84,-7.15
Kenya,10/1/2020,2020,10,71168.15,38752.98,-7.6
Kenya,11/1/2020,2020,11,70629.94,38024.45,-4.62
Kenya,12/1/2020,2020,12,70367.39,38160.9,-4.45
Kenya,1/1/2020,2020,1,67585.26,36605.6,22.64
Kenya,2/1/2020,2020,2,67586.41,35995.39,29.26
Kenya,3/1/2020,2020,3,65160.2,34053.61,23.48
Kenya,4/1/2020,2020,4,66729.93,35759.79,5.74
Kenya,5/1/2020,2020,5,67302.71,36525.88,-2.29
Kenya,6/1/2020,2020,6,68434.25,36880.61,-6.08
Kenya,7/1/2020,2020,7,66957.88,34875.63,-9.29
Kenya,8/1/2020,2020,8,68482.15,35678.66,-4.62
Kenya,9/1/2020,2020,9,64315.18,33982.84,-6.85
Kenya,10/1/2020,2020,10,62576.23,30934.78,-10.29
Kenya,11/1/2020,2020,11,60483.2,31071.88,-14.26
Kenya,12/1/2020,2020,12,60689.43,31727.6,-6.19
Kenya,1/1/2020,2020,1,72386.06,36478.56,14.73
Kenya,2/1/2020,2020,2,69563.67,33841.23,9.83
Kenya,3/1/2020,2020,3,71373.74,36031.75,13.32
Kenya,4/1/2020,2020,4,72508.42,36279.84,9.09
Kenya,5/1/2020,2020,5,72718.48,37477.28,0.04
Kenya,6/1/2020,2020,6,73686.6,38564.01,-2.19
Kenya,7/1/2020,2020,7,71119.43,35672.57,-7.5
Kenya,8/1/2020,2020,8,71087.87,35923.68,-6.72
Kenya,9/1/2020,2020,9,67493.94,33202.57,-12.11
Kenya,10/1/2020,2020,10,66584.5,32488.8,-14.43
Kenya,11/1/2020,2020,11,66305.61,32678.78,-12.38
Kenya,12/1/2020,2020,12,65524.73,32297.92,-9.59
Kenya,1/1/2020,2020,1,59311.1,31797.19,21.75
Kenya,2/1/2020,2020,2,58376.56,30423.2,21.17
Kenya,3/1/2020,2020,3,57864.63,28932.28,15.22
Kenya,4/1/2020,2020,4,59615.5,32945.59,15.65
Kenya,5/1/2020,2020,5,59266.18,32914.69,1.25
Kenya,6/1/2020,2020,6,59781.44,33600.38,-4.44
Kenya,7/1/2020,2020,7,58666.98,31998.47,-7.48
Kenya,8/1/2020,2020,8,58115.2,30939.16,-9.56
Kenya,9/1/2020,2020,9,55357.71,28069.43,-12.57
Kenya,10/1/2020,2020,10,54053.09,26269.54,-13.66
Kenya,11/1/2020,2020,11,53336.85,25732.42,-17.74
Kenya,12/1/2020,2020,12,54443.42,27290.87,-6.41
Kenya,1/1/2020,2020,1,69106.6,33414,18.49
Kenya,2/1/2020,2020,2,68353.24,32035.45,15.3
Kenya,3/1/2020,2020,3,66730.06,31323.16,9.33
Kenya,4/1/2020,2020,4,70847.99,35288.7,9.11
Kenya,5/1/2020,2020,5,71191.61,35508.57,5.85
Kenya,6/1/2020,2020,6,69374.87,33855.42,-2.19
Kenya,7/1/2020,2020,7,67007.07,32506.99,-9.64
Kenya,8/1/2020,2020,8,67144.6,32521.91,-9.38
Kenya,9/1/2020,2020,9,65926.88,31693.9,-9.97
Kenya,10/1/2020,2020,10,65685.37,30698.58,-8.54
Kenya,11/1/2020,2020,11,64813.71,29548.09,-8.35
Kenya,12/1/2020,2020,12,65589.64,30695.54,-4.97
Kenya,1/1/2020,2020,1,59784.1,26295.3,16.69
Kenya,2/1/2020,2020,2,58917.54,24781.57,13.74
Kenya,3/1/2020,2020,3,57977.53,24862.09,9.66
Kenya,4/1/2020,2020,4,60099.16,28603.33,13.92
Kenya,5/1/2020,2020,5,60736.19,28383.21,5.83
Kenya,6/1/2020,2020,6,60689.02,28934.42,2.29
Kenya,7/1/2020,2020,7,59427.26,26369.25,-1.61
Kenya,8/1/2020,2020,8,58911.97,26698.54,-5.97
Kenya,9/1/2020,2020,9,57722.16,24866.64,-5.64
Kenya,10/1/2020,2020,10,58127.95,24791,-2.3
Kenya,11/1/2020,2020,11,56689.73,23892.38,-6.43
Kenya,12/1/2020,2020,12,57710.83,24394.45,-4.07
Kenya,1/1/2020,2020,1,63093.07,31415.39,25.55
Kenya,2/1/2020,2020,2,62404.55,31054.66,25.81
Kenya,3/1/2020,2020,3,62538.48,31374.04,22.61
Kenya,4/1/2020,2020,4,68112.24,38740.19,25.91
Kenya,5/1/2020,2020,5,66108.94,36182.41,7.06
Kenya,6/1/2020,2020,6,66120.29,35545.05,-2.08
Kenya,7/1/2020,2020,7,63625.1,33053.08,-10.05
Kenya,8/1/2020,2020,8,62432.03,31970.46,-18.08
Kenya,9/1/2020,2020,9,60177.87,30342.95,-11.54
Kenya,10/1/2020,2020,10,59989.85,30296.64,-3.71
Kenya,11/1/2020,2020,11,59697.92,27458.22,-10.4
Kenya,12/1/2020,2020,12,59789.57,28661.53,-4.61
Kenya,1/1/2020,2020,1,67750.57,33142.59,18.07
Kenya,2/1/2020,2020,2,64933.12,30022.51,17.37
Kenya,3/1/2020,2020,3,62776.23,30375.89,10.08
Kenya,4/1/2020,2020,4,68085.3,34321.03,13.54
Kenya,5/1/2020,2020,5,67467.52,34160.91,6.12
Kenya,6/1/2020,2020,6,65918.9,32985.14,-2.27
Kenya,7/1/2020,2020,7,63663.92,30857.27,-8.56
Kenya,8/1/2020,2020,8,63733.97,31195.78,-7.58
Kenya,9/1/2020,2020,9,61893.82,29857.97,-10.37
Kenya,10/1/2020,2020,10,61974.64,28958.32,-11.07
Kenya,11/1/2020,2020,11,60516.36,27764.46,-10.2
Kenya,12/1/2020,2020,12,60554.52,27884.68,-7.1
Kenya,1/1/2020,2020,1,65446.31,32166.89,18.65
Kenya,2/1/2020,2020,2,63276.61,29531.34,12.51
Kenya,3/1/2020,2020,3,61427.64,28745.38,7.94
Kenya,4/1/2020,2020,4,66145.29,34417.84,11.12
Kenya,5/1/2020,2020,5,65675.17,33292.49,4.38
Kenya,6/1/2020,2020,6,64259.69,32687.85,-0.79
Kenya,7/1/2020,2020,7,63004.74,31083.79,-6.22
Kenya,8/1/2020,2020,8,63426.28,30876.1,-8.29
Kenya,9/1/2020,2020,9,60714.77,28922.96,-11.31
Kenya,10/1/2020,2020,10,61858.31,28944.12,-8.84
Kenya,11/1/2020,2020,11,60063.68,27953.95,-9.81
Kenya,12/1/2020,2020,12,60022.16,28608.48,-8.37
Kenya,1/1/2020,2020,1,60877.72,25044,17.6
Kenya,2/1/2020,2020,2,60049.43,25006.75,17.25
Kenya,3/1/2020,2020,3,59290.41,24820.43,12.42
Kenya,4/1/2020,2020,4,59839.41,26739.41,8.45
Kenya,5/1/2020,2020,5,61053.76,27834.24,5.13
Kenya,6/1/2020,2020,6,60477.58,27344.89,0.1
Kenya,7/1/2020,2020,7,60278.85,26394.88,-0.22
Kenya,8/1/2020,2020,8,59961.52,26102.58,-3.89
Kenya,9/1/2020,2020,9,59801.33,25511.42,-2.01
Kenya,10/1/2020,2020,10,58863.54,25088.95,-2.15
Kenya,11/1/2020,2020,11,57276.75,23171.54,-8.66
Kenya,12/1/2020,2020,12,58161.6,23631.17,-4.64
Kenya,1/1/2020,2020,1,59168.02,23652.59,14.25
Kenya,2/1/2020,2020,2,58785.83,23403.68,15.13
Kenya,3/1/2020,2020,3,58259.53,23161.01,11.49
Kenya,4/1/2020,2020,4,58079.96,24183.93,5.98
Kenya,5/1/2020,2020,5,59210.45,24620.97,0.36
Kenya,6/1/2020,2020,6,59060.76,25243.98,2.09
Kenya,7/1/2020,2020,7,58717.13,24121.39,-0.32
Kenya,8/1/2020,2020,8,58966.57,23604.21,-3.43
Kenya,9/1/2020,2020,9,58021.07,22611.99,-3.73
Kenya,10/1/2020,2020,10,57720.73,22764.67,-0.6
Kenya,11/1/2020,2020,11,56515.01,22319.15,-3.67
Kenya,12/1/2020,2020,12,57846.56,23097.32,0.51
Kenya,1/1/2020,2020,1,72864.91,41099.85,9.13
Kenya,2/1/2020,2020,2,73127.11,39625.08,6.43
Kenya,3/1/2020,2020,3,70841.15,38671.07,3.33
Kenya,4/1/2020,2020,4,75550.64,42355.24,7.99
Kenya,5/1/2020,2020,5,74804.26,41770.72,2.67
Kenya,6/1/2020,2020,6,75303.94,41792.35,-2.59
Kenya,7/1/2020,2020,7,74273.52,40672.04,-10.22
Kenya,8/1/2020,2020,8,73519.49,38469.44,-10.68
Kenya,9/1/2020,2020,9,73652.55,39139.1,-5.24
Kenya,10/1/2020,2020,10,73780.67,38806.4,-6.54
Kenya,11/1/2020,2020,11,73521.41,37758.62,-3.55
Kenya,12/1/2020,2020,12,73601.29,37663.47,-1.27
Kenya,1/1/2020,2020,1,58735.95,23322.79,14.97
Kenya,2/1/2020,2020,2,58623.21,23136.08,15.61
Kenya,3/1/2020,2020,3,58087.09,24146.38,12.38
Kenya,4/1/2020,2020,4,59438.73,27171.5,13.4
Kenya,5/1/2020,2020,5,59831.1,27912.14,3.66
Kenya,6/1/2020,2020,6,59559.58,27764.62,0.29
Kenya,7/1/2020,2020,7,58540.94,25480.79,-3.69
Kenya,8/1/2020,2020,8,58553.26,25231.79,-8.37
Kenya,9/1/2020,2020,9,57797.17,24343.04,-4.55
Kenya,10/1/2020,2020,10,58151.8,24238.54,0.19
Kenya,11/1/2020,2020,11,56465.64,22489.59,-6.13
Kenya,12/1/2020,2020,12,57938.57,23535.96,-2.26
Kenya,1/1/2020,2020,1,59263.11,24801.14,17.15
Kenya,2/1/2020,2020,2,57871.63,22522.03,13.43
Kenya,3/1/2020,2020,3,58773.71,24939.2,15.87
Kenya,4/1/2020,2020,4,58144.55,26798.94,11.1
Kenya,5/1/2020,2020,5,59235.25,26541.09,2.25
Kenya,6/1/2020,2020,6,59867.92,28305.72,2.57
Kenya,7/1/2020,2020,7,59406.34,25515.87,-2.15
Kenya,8/1/2020,2020,8,58691.8,25508.06,-8.5
Kenya,9/1/2020,2020,9,58678.63,23978.5,-3.56
Kenya,10/1/2020,2020,10,57680.6,23659.21,-4.32
Kenya,11/1/2020,2020,11,56635.44,22276.2,-4.54
Kenya,12/1/2020,2020,12,57688.13,23728.2,0.84
Kenya,1/1/2020,2020,1,59276.11,24673.23,17.22
Kenya,2/1/2020,2020,2,58103.17,23473.87,15.55
Kenya,3/1/2020,2020,3,57609.82,24294.24,12.37
Kenya,4/1/2020,2020,4,58942.63,27123.86,12.39
Kenya,5/1/2020,2020,5,60692.45,28559.62,8.18
Kenya,6/1/2020,2020,6,59912.94,27849.15,0.65
Kenya,7/1/2020,2020,7,59028.53,25020.62,-6.91
Kenya,8/1/2020,2020,8,58676.9,25894.79,-7.9
Kenya,9/1/2020,2020,9,58067.53,23876.6,-7.24
Kenya,10/1/2020,2020,10,58013.88,24302.68,-3.19
Kenya,11/1/2020,2020,11,56638.74,23127.8,-3.55
Kenya,12/1/2020,2020,12,56895.76,23362.75,-2.2
Kenya,1/1/2020,2020,1,58713.61,23635.64,14.77
Kenya,2/1/2020,2020,2,58173.62,22363.53,12.63
Kenya,3/1/2020,2020,3,58110.8,24510.93,12.97
Kenya,4/1/2020,2020,4,59476.88,27139.11,13.72
Kenya,5/1/2020,2020,5,59517.58,27401.65,5.9
Kenya,6/1/2020,2020,6,59316.98,27110.75,3.47
Kenya,7/1/2020,2020,7,59437.89,25342.97,-2.98
Kenya,8/1/2020,2020,8,58684.76,25514.41,-7.01
Kenya,9/1/2020,2020,9,58301.52,24071.77,-5.32
Kenya,10/1/2020,2020,10,57818.02,23650.61,-0.63
Kenya,11/1/2020,2020,11,56704.26,22025.07,-5.1
Kenya,12/1/2020,2020,12,57728.26,23332.94,2.05
Kenya,1/1/2020,2020,1,68123.05,33463.44,17.17
Kenya,2/1/2020,2020,2,67408.17,32535.96,17.11
Kenya,3/1/2020,2020,3,66164.19,31133.75,11.1
Kenya,4/1/2020,2020,4,69210.32,34569.66,8.59
Kenya,5/1/2020,2020,5,68965.08,34262.56,2.57
Kenya,6/1/2020,2020,6,68429.4,33879.1,-4.77
Kenya,7/1/2020,2020,7,66053.22,32022.26,-8.64
Kenya,8/1/2020,2020,8,66529.6,32372.68,-10.3
Kenya,9/1/2020,2020,9,64264.68,30643.55,-10.84
Kenya,10/1/2020,2020,10,64726.76,30161.3,-10.28
Kenya,11/1/2020,2020,11,63862.98,28976.95,-10.16
Kenya,12/1/2020,2020,12,64593.32,29893.42,-5.92
Kenya,1/1/2021,2021,1,62691.85,30759.91,-1.51
Kenya,2/1/2021,2021,2,61270.52,29074.99,-3.18
Kenya,3/1/2021,2021,3,60686.7,28121.21,-6.09
Kenya,4/1/2021,2021,4,63253.84,30889.05,-9.7
Kenya,5/1/2021,2021,5,64994.59,32524.72,-3.88
Kenya,6/1/2021,2021,6,63502.31,30826.49,-8.75
Kenya,7/1/2021,2021,7,63070.26,31709.2,-2.28
Kenya,8/1/2021,2021,8,63352.93,31804.05,-2.18
Kenya,9/1/2021,2021,9,64385.56,32193.8,2.26
Kenya,10/1/2021,2021,10,60889.05,28233.13,-3.46
Kenya,11/1/2021,2021,11,61933.7,29624.89,8.95
Kenya,12/1/2021,2021,12,63585.16,32489.23,11.67
Kenya,1/1/2021,2021,1,57420.06,29068.55,-10.8
Kenya,2/1/2021,2021,2,57133.95,28654.51,-8.44
Kenya,3/1/2021,2021,3,57560.63,29851.72,-1.72
Kenya,4/1/2021,2021,4,58164.34,29891.4,-11.38
Kenya,5/1/2021,2021,5,58138.49,29873.93,-12.7
Kenya,6/1/2021,2021,6,58463.34,29755.08,-11.62
Kenya,7/1/2021,2021,7,59018.66,30628.4,-5.1
Kenya,8/1/2021,2021,8,58239.15,29924.49,-9.09
Kenya,9/1/2021,2021,9,58663.87,29996.15,0.63
Kenya,10/1/2021,2021,10,58098.3,30142,6.63
Kenya,11/1/2021,2021,11,58005.7,30370.99,8.53
Kenya,12/1/2021,2021,12,59861.57,33471.6,13.75
Kenya,1/1/2021,2021,1,58305.45,24809.57,-0.51
Kenya,2/1/2021,2021,2,58372.09,24472.95,1.54
Kenya,3/1/2021,2021,3,57940.91,24015.73,-0.89
Kenya,4/1/2021,2021,4,58609.92,24974.65,-4.9
Kenya,5/1/2021,2021,5,58574.05,25161.99,-6.63
Kenya,6/1/2021,2021,6,58194.65,24177.47,-8.26
Kenya,7/1/2021,2021,7,58799.37,25250.94,-2.85
Kenya,8/1/2021,2021,8,58304.5,24301.49,-2.41
Kenya,9/1/2021,2021,9,59211.12,25635.16,3.56
Kenya,10/1/2021,2021,10,58955.88,24513.22,1.28
Kenya,11/1/2021,2021,11,59392.17,25758.23,8.02
Kenya,12/1/2021,2021,12,60262.62,26527.14,6.99
Kenya,1/1/2021,2021,1,54762.89,28023.45,-11.71
Kenya,2/1/2021,2021,2,55141.98,27809.66,-9.3
Kenya,3/1/2021,2021,3,55472.82,28893.22,-4.73
Kenya,4/1/2021,2021,4,56857.7,30784.26,-5.37
Kenya,5/1/2021,2021,5,56734.43,29994.19,-6.87
Kenya,6/1/2021,2021,6,55799.94,29558.59,-12.24
Kenya,7/1/2021,2021,7,57264.39,30908.86,-2.31
Kenya,8/1/2021,2021,8,57525.26,31339.97,-0.67
Kenya,9/1/2021,2021,9,57102.5,30910.42,2.97
Kenya,10/1/2021,2021,10,56622.2,30413.69,7.99
Kenya,11/1/2021,2021,11,55978.77,29023.78,4.47
Kenya,12/1/2021,2021,12,57779.19,32021.03,11.72
Kenya,1/1/2021,2021,1,60927.83,33659.96,-0.63
Kenya,2/1/2021,2021,2,60538.94,32025.92,-0.57
Kenya,3/1/2021,2021,3,60984.86,33391.98,0.77
Kenya,4/1/2021,2021,4,60953.93,33272.75,-8.12
Kenya,5/1/2021,2021,5,61909.05,34692.7,-6.09
Kenya,6/1/2021,2021,6,59345.56,29644.7,-14.26
Kenya,7/1/2021,2021,7,61286.06,33965.69,-2.29
Kenya,8/1/2021,2021,8,61976.73,34602.69,0.06
Kenya,9/1/2021,2021,9,61589.51,33395.19,4.05
Kenya,10/1/2021,2021,10,61073.07,31840.7,1.2
Kenya,11/1/2021,2021,11,61103.48,33210.26,12.39
Kenya,12/1/2021,2021,12,63125.96,36619.89,11.22
Kenya,1/1/2021,2021,1,66799.09,32569.55,-11.72
Kenya,2/1/2021,2021,2,66730.07,32544.58,-10.18
Kenya,3/1/2021,2021,3,66912.52,32554.81,-11.24
Kenya,4/1/2021,2021,4,68697.4,34828.09,-7.55
Kenya,5/1/2021,2021,5,69318.18,35016.96,-7.73
Kenya,6/1/2021,2021,6,68400.15,33799.35,-11.75
Kenya,7/1/2021,2021,7,69087,34741.6,-6.3
Kenya,8/1/2021,2021,8,68810.3,33675.8,-5.52
Kenya,9/1/2021,2021,9,68888.5,34186.04,-0.82
Kenya,10/1/2021,2021,10,68939.69,34483.87,5.29
Kenya,11/1/2021,2021,11,67617.51,33305.53,4.29
Kenya,12/1/2021,2021,12,69956.14,36342.13,10.5
Kenya,1/1/2021,2021,1,55457.57,23803.15,-3.07
Kenya,2/1/2021,2021,2,55524.37,23659.82,-1.62
Kenya,3/1/2021,2021,3,55157.68,23556.41,-4.66
Kenya,4/1/2021,2021,4,56424.17,24937.9,-7.83
Kenya,5/1/2021,2021,5,55620.5,23869.6,-10.28
Kenya,6/1/2021,2021,6,55697.23,23423.7,-10.65
Kenya,7/1/2021,2021,7,56458.51,23823.44,-4.58
Kenya,8/1/2021,2021,8,56558.88,24999.29,-1.8
Kenya,9/1/2021,2021,9,56854.96,25050.05,3.39
Kenya,10/1/2021,2021,10,56737.6,24327.99,2.64
Kenya,11/1/2021,2021,11,57005.35,25404.26,6.61
Kenya,12/1/2021,2021,12,58480.18,26253.05,7.05
Kenya,1/1/2021,2021,1,66037.62,37492.85,-6.51
Kenya,2/1/2021,2021,2,64530.42,37192.38,-6.55
Kenya,3/1/2021,2021,3,66260.15,37231.56,-4.88
Kenya,4/1/2021,2021,4,67367.14,37748.06,-6.89
Kenya,5/1/2021,2021,5,66143.59,36899.04,-8.75
Kenya,6/1/2021,2021,6,67358.19,37667.27,-8.63
Kenya,7/1/2021,2021,7,66153.51,37198.53,-5
Kenya,8/1/2021,2021,8,67577.41,38094.38,-2.35
Kenya,9/1/2021,2021,9,68028.49,37867.12,0.52
Kenya,10/1/2021,2021,10,68185.73,37747.73,1.91
Kenya,11/1/2021,2021,11,66558.92,37410.67,3.22
Kenya,12/1/2021,2021,12,69076.26,38935.96,5.5
Kenya,1/1/2021,2021,1,59245.61,30169.63,-6.96
Kenya,2/1/2021,2021,2,58774.16,28976.61,-2.04
Kenya,3/1/2021,2021,3,59044.89,29051.3,-0.66
Kenya,4/1/2021,2021,4,60058.01,33787.49,-6.58
Kenya,5/1/2021,2021,5,60444.57,34029.49,-6.32
Kenya,6/1/2021,2021,6,59707.46,31811.32,-11.11
Kenya,7/1/2021,2021,7,60441.7,33170.89,-4
Kenya,8/1/2021,2021,8,60852.63,34451.05,-1.79
Kenya,9/1/2021,2021,9,61127.66,34744.77,11.67
Kenya,10/1/2021,2021,10,60034.82,29553.39,1.24
Kenya,11/1/2021,2021,11,60379.73,31838.19,9.44
Kenya,12/1/2021,2021,12,61538.05,35735.7,12.62
Kenya,1/1/2021,2021,1,67512.86,32171.14,-0.06
Kenya,2/1/2021,2021,2,67738.9,31955.67,1.09
Kenya,3/1/2021,2021,3,66996.81,31312.55,-5.07
Kenya,4/1/2021,2021,4,68288.84,32641.82,-6.34
Kenya,5/1/2021,2021,5,67614.04,32056.4,-6.03
Kenya,6/1/2021,2021,6,67651.31,31251.57,-5.88
Kenya,7/1/2021,2021,7,68099.75,31780.15,-1.84
Kenya,8/1/2021,2021,8,67431.82,32940,-0.03
Kenya,9/1/2021,2021,9,67812.77,32115.59,2.64
Kenya,10/1/2021,2021,10,68237.12,32795.3,4.21
Kenya,11/1/2021,2021,11,67728.67,32570.63,7.51
Kenya,12/1/2021,2021,12,68403.07,33878.85,8.41
Kenya,1/1/2021,2021,1,67759.01,32553.52,-3.87
Kenya,2/1/2021,2021,2,66361.57,31008.16,-3.34
Kenya,3/1/2021,2021,3,66630.27,31636.44,1.11
Kenya,4/1/2021,2021,4,67236.58,31638,-6.3
Kenya,5/1/2021,2021,5,67269.35,32161.32,-5.86
Kenya,6/1/2021,2021,6,66604.94,31407.68,-6.87
Kenya,7/1/2021,2021,7,66016.45,31094.6,-2.53
Kenya,8/1/2021,2021,8,67433.64,31862.57,-0.03
Kenya,9/1/2021,2021,9,67343.57,32060.84,3.83
Kenya,10/1/2021,2021,10,66864.23,31310.58,1.22
Kenya,11/1/2021,2021,11,68864.74,33941.68,10.48
Kenya,12/1/2021,2021,12,69935.61,35157.32,11.91
Kenya,1/1/2021,2021,1,60565.56,29002.26,0.96
Kenya,2/1/2021,2021,2,59868.77,27922.09,-0.69
Kenya,3/1/2021,2021,3,60624.68,28400.28,-1.56
Kenya,4/1/2021,2021,4,61202.35,29335.3,-18.57
Kenya,5/1/2021,2021,5,62044.76,33509.23,-14.27
Kenya,6/1/2021,2021,6,60404.76,28251.2,-22.92
Kenya,7/1/2021,2021,7,61133.66,29043.35,-9.73
Kenya,8/1/2021,2021,8,60775.61,28920.56,-5.55
Kenya,9/1/2021,2021,9,62089.81,30845.27,5.27
Kenya,10/1/2021,2021,10,61671.83,31993.47,7.9
Kenya,11/1/2021,2021,11,62016.78,29955.72,9.98
Kenya,12/1/2021,2021,12,62626.85,34727.41,16.73
Kenya,1/1/2021,2021,1,60960.64,32375.26,-4.7
Kenya,2/1/2021,2021,2,60693.56,31253.45,-2.67
Kenya,3/1/2021,2021,3,60282.55,30416.32,-4.39
Kenya,4/1/2021,2021,4,61680.12,33188.73,-8.96
Kenya,5/1/2021,2021,5,62075.82,33618.73,-11.8
Kenya,6/1/2021,2021,6,60687.04,31544.58,-14.3
Kenya,7/1/2021,2021,7,61184.17,32327.62,-7.24
Kenya,8/1/2021,2021,8,60772.17,33041.63,-5.59
Kenya,9/1/2021,2021,9,61031.7,32188.8,0.96
Kenya,10/1/2021,2021,10,60633,30756.26,0.84
Kenya,11/1/2021,2021,11,61197.71,33229.24,6.33
Kenya,12/1/2021,2021,12,63709.16,34922.57,9.54
Kenya,1/1/2021,2021,1,64265.69,34710.35,-4.94
Kenya,2/1/2021,2021,2,64209.83,34835.64,-3.9
Kenya,3/1/2021,2021,3,64375,35103.38,-3.82
Kenya,4/1/2021,2021,4,64479.15,34879.84,-6.31
Kenya,5/1/2021,2021,5,65799.69,36324.58,-3.69
Kenya,6/1/2021,2021,6,65360.21,35741.98,-5.55
Kenya,7/1/2021,2021,7,66368.37,36334.11,-0.69
Kenya,8/1/2021,2021,8,65886.05,36299.61,-3.29
Kenya,9/1/2021,2021,9,65589.05,36399.34,2.18
Kenya,10/1/2021,2021,10,64858.39,35206.17,-0.67
Kenya,11/1/2021,2021,11,64855.65,35607.11,5.27
Kenya,12/1/2021,2021,12,66640.65,37124.45,7.08
Kenya,1/1/2021,2021,1,65750.29,35359.81,-5.68
Kenya,2/1/2021,2021,2,65517.58,35034.21,-7.17
Kenya,3/1/2021,2021,3,66930.11,34496.19,-6.04
Kenya,4/1/2021,2021,4,67215.26,35091.41,-7.88
Kenya,5/1/2021,2021,5,66567.87,34983.95,-8.96
Kenya,6/1/2021,2021,6,67202.36,35396.22,-8.24
Kenya,7/1/2021,2021,7,66824.38,35564.15,-6.08
Kenya,8/1/2021,2021,8,67846.27,35747.1,-4.29
Kenya,9/1/2021,2021,9,68878.58,36796.29,4.09
Kenya,10/1/2021,2021,10,68278.6,36540.9,4.44
Kenya,11/1/2021,2021,11,68103.97,36251.12,4.21
Kenya,12/1/2021,2021,12,68112.11,36515.92,4.37
Kenya,1/1/2021,2021,1,59869.39,27513.13,-2.72
Kenya,2/1/2021,2021,2,60804.61,28002.41,4.03
Kenya,3/1/2021,2021,3,61287.87,28115.49,2.36
Kenya,4/1/2021,2021,4,61684.81,28307.33,-7.7
Kenya,5/1/2021,2021,5,62861.99,29611.43,-3.46
Kenya,6/1/2021,2021,6,60800.54,27330.74,-8.61
Kenya,7/1/2021,2021,7,61421.18,27985.29,-2.61
Kenya,8/1/2021,2021,8,61650.21,27667.58,-0.91
Kenya,9/1/2021,2021,9,62021.3,28692.03,4.56
Kenya,10/1/2021,2021,10,60267.19,27592.4,-0.82
Kenya,11/1/2021,2021,11,60312.7,27700.63,3.81
Kenya,12/1/2021,2021,12,62191.14,29932.47,11.67
Kenya,1/1/2021,2021,1,62688.89,31823.75,-12.28
Kenya,2/1/2021,2021,2,61627.07,31619.13,-11.95
Kenya,3/1/2021,2021,3,62119.04,32374.29,-5.48
Kenya,4/1/2021,2021,4,63457.04,32744.24,-9.9
Kenya,5/1/2021,2021,5,63608.01,33412.61,-4.82
Kenya,6/1/2021,2021,6,63678.35,33023.14,-7.95
Kenya,7/1/2021,2021,7,63546.56,32403.27,-6.17
Kenya,8/1/2021,2021,8,64633.62,35551.87,-5.48
Kenya,9/1/2021,2021,9,63930.63,32875.57,-1.37
Kenya,10/1/2021,2021,10,63977.21,32953.33,4.22
Kenya,11/1/2021,2021,11,62035.93,32256.45,3.52
Kenya,12/1/2021,2021,12,64610.18,34074.63,6.4
Kenya,1/1/2021,2021,1,63399.09,34192.16,-8.3
Kenya,2/1/2021,2021,2,63154.73,34414.35,-8.06
Kenya,3/1/2021,2021,3,63958.79,35383.31,-5.85
Kenya,4/1/2021,2021,4,65327.61,35065.58,-7.48
Kenya,5/1/2021,2021,5,65453.97,34744.22,-7.06
Kenya,6/1/2021,2021,6,64984.68,34554.42,-7.66
Kenya,7/1/2021,2021,7,65418.49,35307.29,-5.64
Kenya,8/1/2021,2021,8,65663.65,35488.2,-2.01
Kenya,9/1/2021,2021,9,66202.29,35544.42,1.15
Kenya,10/1/2021,2021,10,66510.11,36035.13,4.58
Kenya,11/1/2021,2021,11,65282.29,35339.53,5.59
Kenya,12/1/2021,2021,12,66119.89,35985.48,5.05
Kenya,1/1/2021,2021,1,60935.81,27694.31,-7.1
Kenya,2/1/2021,2021,2,60228.68,27003.58,-2.63
Kenya,3/1/2021,2021,3,61433.74,27786.21,-0.35
Kenya,4/1/2021,2021,4,60433.86,27419.28,-13.03
Kenya,5/1/2021,2021,5,61774.39,29467.95,-8.22
Kenya,6/1/2021,2021,6,61037.6,27480.27,-9.85
Kenya,7/1/2021,2021,7,61127.26,28010.31,-4.92
Kenya,8/1/2021,2021,8,61656.77,28441.8,-3.82
Kenya,9/1/2021,2021,9,62027.43,28698.82,0.82
Kenya,10/1/2021,2021,10,61149.21,28249.65,3.29
Kenya,11/1/2021,2021,11,60202.06,27694.95,3.82
Kenya,12/1/2021,2021,12,62101.95,29987.12,8.75
Kenya,1/1/2021,2021,1,61576.63,32759.28,-11.84
Kenya,2/1/2021,2021,2,61025.95,32423.09,-10.89
Kenya,3/1/2021,2021,3,62026.59,32081.34,-6.3
Kenya,4/1/2021,2021,4,63534.62,33933.72,-5.76
Kenya,5/1/2021,2021,5,63946.86,34143.94,-6.23
Kenya,6/1/2021,2021,6,62531.87,33935.81,-9.47
Kenya,7/1/2021,2021,7,63600.36,33536.14,-5.48
Kenya,8/1/2021,2021,8,63548.44,34928.43,-3.17
Kenya,9/1/2021,2021,9,64002.26,34582.6,-1.06
Kenya,10/1/2021,2021,10,63662.6,33968.77,3.34
Kenya,11/1/2021,2021,11,62033.61,32704.26,5.3
Kenya,12/1/2021,2021,12,64443.02,35628.51,11.14
Kenya,1/1/2021,2021,1,59333.35,28473.65,-1.49
Kenya,2/1/2021,2021,2,59646.31,29122.05,1.52
Kenya,3/1/2021,2021,3,59420.03,29190.06,-0.41
Kenya,4/1/2021,2021,4,60356.09,29826.09,-9.76
Kenya,5/1/2021,2021,5,60850.42,30029.61,-9.67
Kenya,6/1/2021,2021,6,60086.42,29540.71,-11.67
Kenya,7/1/2021,2021,7,60868.51,29941.17,-4.28
Kenya,8/1/2021,2021,8,60068.82,29671.07,-4
Kenya,9/1/2021,2021,9,60373.52,30009.22,1.59
Kenya,10/1/2021,2021,10,59377.41,28776.13,-0.46
Kenya,11/1/2021,2021,11,60296.72,29500.69,9.97
Kenya,12/1/2021,2021,12,61861.79,32845.25,11.36
Kenya,1/1/2021,2021,1,59821.52,26996.34,-1.5
Kenya,2/1/2021,2021,2,59297.49,26371.01,4.37
Kenya,3/1/2021,2021,3,60139.73,27188.01,5.13
Kenya,4/1/2021,2021,4,59359.09,25749.97,-4.38
Kenya,5/1/2021,2021,5,59638.13,25933.33,-6.19
Kenya,6/1/2021,2021,6,59299.36,26103.59,-0.2
Kenya,7/1/2021,2021,7,60034.25,26587.09,2.39
Kenya,8/1/2021,2021,8,60077.97,26174.25,1.67
Kenya,9/1/2021,2021,9,59880.38,26876.1,-1.37
Kenya,10/1/2021,2021,10,59296.27,26030.8,-0.43
Kenya,11/1/2021,2021,11,60695.15,26711.83,4.41
Kenya,12/1/2021,2021,12,60717.14,26955.01,3.92
Kenya,1/1/2021,2021,1,58343.33,27995.98,-2.74
Kenya,2/1/2021,2021,2,59084.62,28187.58,0.09
Kenya,3/1/2021,2021,3,58786.21,28151.9,1.45
Kenya,4/1/2021,2021,4,59448.09,29277.61,-3.55
Kenya,5/1/2021,2021,5,59943.78,30266.64,-7.85
Kenya,6/1/2021,2021,6,58751.43,27921.36,-12.63
Kenya,7/1/2021,2021,7,59803.01,29443.65,-1.34
Kenya,8/1/2021,2021,8,59727.46,28351.46,-2.85
Kenya,9/1/2021,2021,9,60027.46,29863.87,3.44
Kenya,10/1/2021,2021,10,58868.79,28084.38,1.03
Kenya,11/1/2021,2021,11,60170.28,29893.05,11.32
Kenya,12/1/2021,2021,12,61583.05,31031,9.56
Kenya,1/1/2021,2021,1,68806.24,32974.55,-3.61
Kenya,2/1/2021,2021,2,69203.55,33354.17,-2.55
Kenya,3/1/2021,2021,3,68713.53,33003.2,-3.63
Kenya,4/1/2021,2021,4,70337.55,33919.28,-6.12
Kenya,5/1/2021,2021,5,70505.73,33976.26,-6.79
Kenya,6/1/2021,2021,6,69360.66,32919.25,-9.21
Kenya,7/1/2021,2021,7,69304.31,33199.31,0.19
Kenya,8/1/2021,2021,8,70213.26,34207.93,1
Kenya,9/1/2021,2021,9,71153.45,34654.64,3.11
Kenya,10/1/2021,2021,10,69257.62,33300.24,0.8
Kenya,11/1/2021,2021,11,69626.64,34211.81,5.81
Kenya,12/1/2021,2021,12,71039.92,35115.53,4.49
Kenya,1/1/2021,2021,1,66786.29,30910.68,-10.63
Kenya,2/1/2021,2021,2,66603.12,30587.65,-9.52
Kenya,3/1/2021,2021,3,65687.54,29829.26,-6.31
Kenya,4/1/2021,2021,4,66462.4,31100.31,-7.21
Kenya,5/1/2021,2021,5,66075.71,30400.01,-12.19
Kenya,6/1/2021,2021,6,65942.27,30253.11,-13.32
Kenya,7/1/2021,2021,7,66984.52,30991.33,-8.78
Kenya,8/1/2021,2021,8,68056.03,32876.66,-5.47
Kenya,9/1/2021,2021,9,67447.86,31609.09,-0.32
Kenya,10/1/2021,2021,10,66135.82,30530.71,0.16
Kenya,11/1/2021,2021,11,66547.97,30660.35,4.18
Kenya,12/1/2021,2021,12,67439.15,33144.72,5.5
Kenya,1/1/2021,2021,1,81706.91,47337.37,-5.9
Kenya,2/1/2021,2021,2,82562.76,48153.98,-3.6
Kenya,3/1/2021,2021,3,84536.52,49491.43,-2.78
Kenya,4/1/2021,2021,4,84586.74,49171.44,-3.78
Kenya,5/1/2021,2021,5,84903.63,49911.63,-3.39
Kenya,6/1/2021,2021,6,84013.96,48429.01,-5.36
Kenya,7/1/2021,2021,7,84720.72,48896.65,-5.06
Kenya,8/1/2021,2021,8,84930.83,49607.2,-3.96
Kenya,9/1/2021,2021,9,85825.79,49161.48,1.39
Kenya,10/1/2021,2021,10,81744.71,47531.62,0.09
Kenya,11/1/2021,2021,11,80672.81,47515.05,0.8
Kenya,12/1/2021,2021,12,88202.95,51453.48,8.72
Kenya,1/1/2021,2021,1,71020.65,41636.84,-7.23
Kenya,2/1/2021,2021,2,69288.67,39740.46,-10.8
Kenya,3/1/2021,2021,3,72402.09,42790.32,-4.06
Kenya,4/1/2021,2021,4,70625.86,40923.09,-9.22
Kenya,5/1/2021,2021,5,70866.22,41116.35,-8.09
Kenya,6/1/2021,2021,6,69992.78,40518.24,-9.81
Kenya,7/1/2021,2021,7,73228.91,42738.85,-1.88
Kenya,8/1/2021,2021,8,71232.36,40359.71,-6.24
Kenya,9/1/2021,2021,9,72446.9,42348.73,1.97
Kenya,10/1/2021,2021,10,73146,43205.18,9.2
Kenya,11/1/2021,2021,11,71559.92,41679.57,7.81
Kenya,12/1/2021,2021,12,74067.8,43472.37,13.94
Kenya,1/1/2021,2021,1,78621.66,47495.42,-5.18
Kenya,2/1/2021,2021,2,77477.61,47386.93,-4.88
Kenya,3/1/2021,2021,3,76384.29,46307.72,-7.32
Kenya,4/1/2021,2021,4,78573.32,47597.34,-6.08
Kenya,5/1/2021,2021,5,80030.45,49335.62,-2.77
Kenya,6/1/2021,2021,6,78521.78,47884.16,-6.26
Kenya,7/1/2021,2021,7,78644.33,46874.75,-7.99
Kenya,8/1/2021,2021,8,85189.08,49938.74,0.54
Kenya,9/1/2021,2021,9,79032.68,48360.14,-0.75
Kenya,10/1/2021,2021,10,81915.3,49038.77,7.17
Kenya,11/1/2021,2021,11,79901.46,48522.12,9.08
Kenya,12/1/2021,2021,12,83849.17,50501.5,9.4
Kenya,1/1/2021,2021,1,57050.35,29240.99,-1.18
Kenya,2/1/2021,2021,2,56823.19,30059.16,1.25
Kenya,3/1/2021,2021,3,57741.17,30223.61,2.03
Kenya,4/1/2021,2021,4,57530.29,29692.12,-9.44
Kenya,5/1/2021,2021,5,58203.44,30297.7,-9.92
Kenya,6/1/2021,2021,6,57757.24,30517.99,-8.24
Kenya,7/1/2021,2021,7,58030.81,30825.91,-1.06
Kenya,8/1/2021,2021,8,57942.85,30817.81,0.02
Kenya,9/1/2021,2021,9,58240.18,31030.05,2.08
Kenya,10/1/2021,2021,10,57358.87,29186,0.32
Kenya,11/1/2021,2021,11,57745.74,30951.24,11.01
Kenya,12/1/2021,2021,12,59112.58,32416.03,10.95
Kenya,1/1/2021,2021,1,63733.08,36737.23,-1.06
Kenya,2/1/2021,2021,2,63023.73,35397.49,-0.73
Kenya,3/1/2021,2021,3,63482.02,36212.38,4.33
Kenya,4/1/2021,2021,4,63365.71,35360.97,-2.38
Kenya,5/1/2021,2021,5,62804.96,34812,-2.23
Kenya,6/1/2021,2021,6,62571.36,35163.45,-1.28
Kenya,7/1/2021,2021,7,63146.3,35557.57,0.86
Kenya,8/1/2021,2021,8,63008,35637.62,0.77
Kenya,9/1/2021,2021,9,63563.25,35390.87,0.6
Kenya,10/1/2021,2021,10,62264.97,33897.04,-0.81
Kenya,11/1/2021,2021,11,62943.38,35469.33,0.57
Kenya,12/1/2021,2021,12,62301.32,34318.89,0.76
Kenya,1/1/2021,2021,1,65888.62,33650.28,-5.78
Kenya,2/1/2021,2021,2,64457.19,32436.37,-5.96
Kenya,3/1/2021,2021,3,65194.74,33217.52,-7.71
Kenya,4/1/2021,2021,4,66921.83,34154.27,-6.45
Kenya,5/1/2021,2021,5,66927.57,34025.87,-6.17
Kenya,6/1/2021,2021,6,66550.25,33604.66,-7.32
Kenya,7/1/2021,2021,7,66803.17,34356.66,-3.17
Kenya,8/1/2021,2021,8,65821.17,34301.34,-4.35
Kenya,9/1/2021,2021,9,66103.32,33952.82,0.48
Kenya,10/1/2021,2021,10,66546.01,34402.09,6.43
Kenya,11/1/2021,2021,11,65221.83,33692.39,6.75
Kenya,12/1/2021,2021,12,66965.56,34928.67,7.53
Kenya,1/1/2021,2021,1,56349.31,28644.17,-3.41
Kenya,2/1/2021,2021,2,56534.08,28647.82,-0.08
Kenya,3/1/2021,2021,3,56455.31,28850.43,2.63
Kenya,4/1/2021,2021,4,57338.76,29619.84,-4.54
Kenya,5/1/2021,2021,5,57531.53,30215.26,-8.84
Kenya,6/1/2021,2021,6,57275.57,29044.26,-9.89
Kenya,7/1/2021,2021,7,57854.49,30045.35,-3.82
Kenya,8/1/2021,2021,8,57669.17,29810.6,-5.03
Kenya,9/1/2021,2021,9,57201.06,29844.88,1.99
Kenya,10/1/2021,2021,10,55949.45,27844.06,1.64
Kenya,11/1/2021,2021,11,57232.08,29823.3,10.68
Kenya,12/1/2021,2021,12,58681.42,32791.81,12.37
Kenya,1/1/2021,2021,1,56105.82,28496.32,-0.43
Kenya,2/1/2021,2021,2,55947.53,27897.6,-0.53
Kenya,3/1/2021,2021,3,56276.68,28393.43,-0.21
Kenya,4/1/2021,2021,4,57374.18,29801.57,-9.46
Kenya,5/1/2021,2021,5,57589.63,29981.07,-9.86
Kenya,6/1/2021,2021,6,56007.1,27759.62,-12.86
Kenya,7/1/2021,2021,7,57037.32,29102.89,-3.29
Kenya,8/1/2021,2021,8,57193.36,29574.85,-3.4
Kenya,9/1/2021,2021,9,57382.19,29941.39,5.18
Kenya,10/1/2021,2021,10,56141.29,27851.22,0.1
Kenya,11/1/2021,2021,11,55990.72,27714.39,4.75
Kenya,12/1/2021,2021,12,58896.8,32542.33,9.99
Kenya,1/1/2021,2021,1,65030.29,32613.44,-0.61
Kenya,2/1/2021,2021,2,63136.42,31613.24,-2.18
Kenya,3/1/2021,2021,3,63549.7,31077.74,-0.04
Kenya,4/1/2021,2021,4,63056.31,31585.49,-6.42
Kenya,5/1/2021,2021,5,63679.84,31778.84,-4.87
Kenya,6/1/2021,2021,6,62239.16,30646.48,-7.61
Kenya,7/1/2021,2021,7,62619.87,31078.55,-3.62
Kenya,8/1/2021,2021,8,62129.63,30839.6,-4.07
Kenya,9/1/2021,2021,9,63526.86,31850.84,2.83
Kenya,10/1/2021,2021,10,64319.5,31667.11,3.9
Kenya,11/1/2021,2021,11,64424.74,33076.28,8.61
Kenya,12/1/2021,2021,12,65755.24,34163.68,12.03
Kenya,1/1/2021,2021,1,60611.37,31585.34,-3.5
Kenya,2/1/2021,2021,2,59886.91,29453.18,-5.84
Kenya,3/1/2021,2021,3,61140.65,32087.46,-2.06
Kenya,4/1/2021,2021,4,62172.63,34108.16,-5.72
Kenya,5/1/2021,2021,5,62599.08,34338.26,-9.38
Kenya,6/1/2021,2021,6,60964.81,32266.96,-9.37
Kenya,7/1/2021,2021,7,61703.54,33791.06,-2.7
Kenya,8/1/2021,2021,8,61423.74,32726.39,-4.7
Kenya,9/1/2021,2021,9,62312.4,34196.72,3.95
Kenya,10/1/2021,2021,10,60801.54,30468.97,-0.71
Kenya,11/1/2021,2021,11,62446.35,33932.97,14.4
Kenya,12/1/2021,2021,12,63108.21,35735.77,14.65
Kenya,1/1/2021,2021,1,57216.25,28078.69,-5.48
Kenya,2/1/2021,2021,2,58001.39,29293.8,1.98
Kenya,3/1/2021,2021,3,58564.16,29971.48,3.25
Kenya,4/1/2021,2021,4,58707.24,29902.59,-8.19
Kenya,5/1/2021,2021,5,58665.27,29450.31,-11.58
Kenya,6/1/2021,2021,6,57767.36,28969.22,-9.6
Kenya,7/1/2021,2021,7,58254.46,29892.73,-5.75
Kenya,8/1/2021,2021,8,58828.02,29987.44,-3.67
Kenya,9/1/2021,2021,9,58888.25,29971.22,3.75
Kenya,10/1/2021,2021,10,58406.91,29580.25,5.59
Kenya,11/1/2021,2021,11,57938.12,29121.22,9.43
Kenya,12/1/2021,2021,12,60124.29,31960.85,14.06
Kenya,1/1/2021,2021,1,65991.93,24585.09,-20.73
Kenya,2/1/2021,2021,2,66343.94,25013,-19.48
Kenya,3/1/2021,2021,3,66995.35,25185,-14.82
Kenya,4/1/2021,2021,4,68870.89,27410,-11.02
Kenya,5/1/2021,2021,5,68898.51,26980.23,-12.25
Kenya,6/1/2021,2021,6,68810.91,27120,-15.56
Kenya,7/1/2021,2021,7,71969.19,28988,-5.46
Kenya,8/1/2021,2021,8,72733.03,29013,-4.6
Kenya,9/1/2021,2021,9,72823.65,28897,0.29
Kenya,10/1/2021,2021,10,73023.56,28682,14.82
Kenya,11/1/2021,2021,11,67686.78,25135.98,3.65
Kenya,12/1/2021,2021,12,72807.69,29726.82,13.04
Kenya,1/1/2021,2021,1,59984.36,29313.7,-1.92
Kenya,2/1/2021,2021,2,59745.77,28774.74,-1.79
Kenya,3/1/2021,2021,3,59700.26,29133.68,-1.43
Kenya,4/1/2021,2021,4,59594.63,29818,-11.2
Kenya,5/1/2021,2021,5,59910.79,29555.84,-11.95
Kenya,6/1/2021,2021,6,59581.36,28344.04,-10
Kenya,7/1/2021,2021,7,60321.76,30032.94,-0.5
Kenya,8/1/2021,2021,8,60224.54,30134.21,-1.77
Kenya,9/1/2021,2021,9,60525.87,30524.11,3.14
Kenya,10/1/2021,2021,10,60466.2,29523.41,2.75
Kenya,11/1/2021,2021,11,60014.09,29839.66,6.11
Kenya,12/1/2021,2021,12,61625.56,31194.93,5.48
Kenya,1/1/2021,2021,1,59769.93,28219.11,-4.36
Kenya,2/1/2021,2021,2,61127.13,29571.82,2.85
Kenya,3/1/2021,2021,3,60351.76,29550.64,0.89
Kenya,4/1/2021,2021,4,61417.95,30281.38,-4.58
Kenya,5/1/2021,2021,5,60620.69,29731.98,-7.98
Kenya,6/1/2021,2021,6,60676.96,29276.32,-7.26
Kenya,7/1/2021,2021,7,61096.77,29799.58,-1.1
Kenya,8/1/2021,2021,8,61839.41,30994.21,-0.02
Kenya,9/1/2021,2021,9,61357.4,30868.5,1.93
Kenya,10/1/2021,2021,10,60947.8,29424.05,1.17
Kenya,11/1/2021,2021,11,62597.95,31791.47,11.26
Kenya,12/1/2021,2021,12,62239.33,31822.53,10.79
Kenya,1/1/2021,2021,1,69997.76,36849.89,0.08
Kenya,2/1/2021,2021,2,69125.4,36853.05,-1.67
Kenya,3/1/2021,2021,3,69095.91,36539.34,-2.19
Kenya,4/1/2021,2021,4,69458.07,36518.16,-2.11
Kenya,5/1/2021,2021,5,70006.19,36995.91,-0.34
Kenya,6/1/2021,2021,6,68646.81,36118.59,-0.32
Kenya,7/1/2021,2021,7,68967.31,36194.73,0.98
Kenya,8/1/2021,2021,8,69528.97,36717,1.04
Kenya,9/1/2021,2021,9,69955.94,37065.67,3.59
Kenya,10/1/2021,2021,10,68427.63,35981.04,-0.35
Kenya,11/1/2021,2021,11,69887.34,36934.55,2.93
Kenya,12/1/2021,2021,12,70139.08,37131.13,2.99
Kenya,1/1/2021,2021,1,58216.84,24049.02,0.19
Kenya,2/1/2021,2021,2,58012.94,23813.19,2.8
Kenya,3/1/2021,2021,3,58471.38,24295.57,0.21
Kenya,4/1/2021,2021,4,58032.14,23790.16,-4.93
Kenya,5/1/2021,2021,5,58708.2,24625.34,-5.21
Kenya,6/1/2021,2021,6,57761.79,23898.15,-8.38
Kenya,7/1/2021,2021,7,58323.76,24261.6,-2.83
Kenya,8/1/2021,2021,8,59437.02,24811.97,1.45
Kenya,9/1/2021,2021,9,59401.16,24825.88,2.53
Kenya,10/1/2021,2021,10,58691.83,24353.69,3.71
Kenya,11/1/2021,2021,11,59283.88,25057.25,7.29
Kenya,12/1/2021,2021,12,59502.68,25921.47,7.93
Kenya,1/1/2021,2021,1,65179.48,34476.12,-8.17
Kenya,2/1/2021,2021,2,64040.31,33325.61,-8.39
Kenya,3/1/2021,2021,3,65615.09,33918.66,-6.14
Kenya,4/1/2021,2021,4,66333.72,34569.12,-7.39
Kenya,5/1/2021,2021,5,65959.45,34493.34,-8.17
Kenya,6/1/2021,2021,6,66469.17,34260.1,-7.38
Kenya,7/1/2021,2021,7,66174.35,34960.68,-4.38
Kenya,8/1/2021,2021,8,66899.66,35571.53,-3.31
Kenya,9/1/2021,2021,9,66658.53,35234.5,1.75
Kenya,10/1/2021,2021,10,65603.94,33552.73,1.95
Kenya,11/1/2021,2021,11,66161.15,33886.29,2.12
Kenya,12/1/2021,2021,12,68015.71,35806.38,5.02
Kenya,1/1/2021,2021,1,71740.47,32365.58,-3.1
Kenya,2/1/2021,2021,2,71847.02,32802.91,-1.17
Kenya,3/1/2021,2021,3,72530.29,33361.03,0.45
Kenya,4/1/2021,2021,4,73422.83,33299.74,-5.73
Kenya,5/1/2021,2021,5,74068.09,34192.64,-4.56
Kenya,6/1/2021,2021,6,73789.77,33094.08,-4.78
Kenya,7/1/2021,2021,7,74497.15,34430.82,-0.12
Kenya,8/1/2021,2021,8,74050.27,34489.35,-1.32
Kenya,9/1/2021,2021,9,73757.86,34126.48,2.02
Kenya,10/1/2021,2021,10,72924.55,33129.86,-0.14
Kenya,11/1/2021,2021,11,73968,34374.81,9.39
Kenya,12/1/2021,2021,12,74709.92,34936.86,5.15
Kenya,1/1/2021,2021,1,65254.53,29336.95,-3.79
Kenya,2/1/2021,2021,2,64782.34,28949.03,-1.72
Kenya,3/1/2021,2021,3,64769.56,29344.71,0.76
Kenya,4/1/2021,2021,4,66019.35,29551.87,-9.63
Kenya,5/1/2021,2021,5,66234.08,29644.59,-8.7
Kenya,6/1/2021,2021,6,65265.51,29627.47,-8.92
Kenya,7/1/2021,2021,7,65831.84,30800.06,-0.87
Kenya,8/1/2021,2021,8,66475.22,30441.81,-0.85
Kenya,9/1/2021,2021,9,66723.42,30980.11,4.53
Kenya,10/1/2021,2021,10,65549.9,29498.63,2.4
Kenya,11/1/2021,2021,11,66807.61,30505.6,9.46
Kenya,12/1/2021,2021,12,67310.35,31039.9,6.15
Kenya,1/1/2021,2021,1,67215.85,36482.97,-2.27
Kenya,2/1/2021,2021,2,66454.64,36099.65,-0.79
Kenya,3/1/2021,2021,3,66234.78,36475.55,1.75
Kenya,4/1/2021,2021,4,66070.38,35235.02,0.65
Kenya,5/1/2021,2021,5,66680.21,35422.59,-1.77
Kenya,6/1/2021,2021,6,65972.84,35105.26,0.38
Kenya,7/1/2021,2021,7,66243.32,36997.73,1.85
Kenya,8/1/2021,2021,8,66963.6,36518.61,4.97
Kenya,9/1/2021,2021,9,66287.79,37534.44,2.17
Kenya,10/1/2021,2021,10,66117.61,36929.62,1.45
Kenya,11/1/2021,2021,11,66032.89,37475.61,3.31
Kenya,12/1/2021,2021,12,66988.07,36832.73,2.24
Kenya,1/1/2021,2021,1,58237.05,29484.52,-2.07
Kenya,2/1/2021,2021,2,57470.49,28647.73,-1.64
Kenya,3/1/2021,2021,3,58277.92,29716.71,2.65
Kenya,4/1/2021,2021,4,58195.11,28442.4,-11.92
Kenya,5/1/2021,2021,5,59862.53,30809.78,-8.5
Kenya,6/1/2021,2021,6,59305.96,30335.24,-10.59
Kenya,7/1/2021,2021,7,59310.69,30160.08,-2.78
Kenya,8/1/2021,2021,8,59391.28,30014.61,-1.6
Kenya,9/1/2021,2021,9,59987.16,30688.09,4.47
Kenya,10/1/2021,2021,10,57676.01,28181.68,0.54
Kenya,11/1/2021,2021,11,58881.13,30032.88,13.83
Kenya,12/1/2021,2021,12,61823.09,33220.63,15.99
Kenya,1/1/2021,2021,1,62475.7,30076.91,-12.89
Kenya,2/1/2021,2021,2,62385.57,30499.02,-8.57
Kenya,3/1/2021,2021,3,62730.39,30670.33,-5.21
Kenya,4/1/2021,2021,4,63768.1,31802.51,-7.59
Kenya,5/1/2021,2021,5,63313.6,30931.32,-9.95
Kenya,6/1/2021,2021,6,63045.33,31239.14,-10.21
Kenya,7/1/2021,2021,7,64463.7,30789.66,-10.25
Kenya,8/1/2021,2021,8,64358.47,30920.82,-8.4
Kenya,9/1/2021,2021,9,64725.06,32431.82,-1.43
Kenya,10/1/2021,2021,10,63529.63,31184.14,3.34
Kenya,11/1/2021,2021,11,63471.69,29505.94,4.19
Kenya,12/1/2021,2021,12,64854.94,32228.98,7.84
Kenya,1/1/2021,2021,1,58706.16,28401.39,-10.32
Kenya,2/1/2021,2021,2,59083.95,28710.01,-4.77
Kenya,3/1/2021,2021,3,58923.7,28245.67,-7.95
Kenya,4/1/2021,2021,4,61727.14,31940.84,-8.57
Kenya,5/1/2021,2021,5,61985.77,32085.73,-7.98
Kenya,6/1/2021,2021,6,59457.86,30156.62,-11.96
Kenya,7/1/2021,2021,7,61374.5,31454.61,-5.91
Kenya,8/1/2021,2021,8,61626.03,31174.97,-7.02
Kenya,9/1/2021,2021,9,60170.07,30635.14,0.15
Kenya,10/1/2021,2021,10,59115.78,28612.82,0.06
Kenya,11/1/2021,2021,11,60581.32,31208.24,9.45
Kenya,12/1/2021,2021,12,62869.8,33846.34,15.92
Kenya,1/1/2021,2021,1,78020.63,38342.29,-4.44
Kenya,2/1/2021,2021,2,78284.14,37611.11,-4.24
Kenya,3/1/2021,2021,3,78500.32,37632.34,-4.69
Kenya,4/1/2021,2021,4,78618.74,37519.07,0.08
Kenya,5/1/2021,2021,5,78662.57,37667.53,1.05
Kenya,6/1/2021,2021,6,78539.37,37430.27,-0.63
Kenya,7/1/2021,2021,7,78574.98,37412.4,-0.69
Kenya,8/1/2021,2021,8,79124.65,37850.41,-0.22
Kenya,9/1/2021,2021,9,79098.08,37810.7,0.93
Kenya,10/1/2021,2021,10,79205.48,38023.41,-0.23
Kenya,11/1/2021,2021,11,79151.75,38223.24,0.68
Kenya,12/1/2021,2021,12,78678.59,38204.25,-1.05
Kenya,1/1/2021,2021,1,67431.66,37601.02,-0.67
Kenya,2/1/2021,2021,2,66650.12,36723.76,-1.5
Kenya,3/1/2021,2021,3,68613.49,38853.62,4.09
Kenya,4/1/2021,2021,4,67756.12,37565.63,-1.17
Kenya,5/1/2021,2021,5,68005.05,37397.22,-1.66
Kenya,6/1/2021,2021,6,66813.11,36907.79,-0.87
Kenya,7/1/2021,2021,7,67764.98,37228.71,-0.68
Kenya,8/1/2021,2021,8,67723.18,37923.34,2.55
Kenya,9/1/2021,2021,9,67681.14,37112.43,3.92
Kenya,10/1/2021,2021,10,65780.56,36946.42,0.31
Kenya,11/1/2021,2021,11,67531.84,37291.27,2.8
Kenya,12/1/2021,2021,12,67991.3,37825.74,2.05
Kenya,1/1/2021,2021,1,60865.61,29120.76,-15.78
Kenya,2/1/2021,2021,2,60559.27,29061.29,-12.98
Kenya,3/1/2021,2021,3,61377.45,30249.86,-6.2
Kenya,4/1/2021,2021,4,62786.71,30572.81,-9.94
Kenya,5/1/2021,2021,5,62866.01,30522.37,-10.69
Kenya,6/1/2021,2021,6,62821.62,30799.81,-11.62
Kenya,7/1/2021,2021,7,62818.96,30316.09,-8.44
Kenya,8/1/2021,2021,8,63738.66,31961.35,-8.24
Kenya,9/1/2021,2021,9,64071.73,32374.57,0.76
Kenya,10/1/2021,2021,10,63335.87,31508.14,7.01
Kenya,11/1/2021,2021,11,62018.27,29529.72,2.25
Kenya,12/1/2021,2021,12,63928.32,32473.74,7.33
Kenya,1/1/2021,2021,1,61907.15,34638.7,-0.36
Kenya,2/1/2021,2021,2,61393.48,36182.46,2.62
Kenya,3/1/2021,2021,3,61108.11,35770.67,6.16
Kenya,4/1/2021,2021,4,61373.36,34877.23,-1.67
Kenya,5/1/2021,2021,5,61026.76,35394.62,-0.03
Kenya,6/1/2021,2021,6,60673.83,34961.65,-0.11
Kenya,7/1/2021,2021,7,60817.92,35100.07,1.76
Kenya,8/1/2021,2021,8,62547.64,33494.83,-0.26
Kenya,9/1/2021,2021,9,59932.87,35063.79,7.54
Kenya,10/1/2021,2021,10,59022.61,31531.07,-6.6
Kenya,11/1/2021,2021,11,60106.05,34586.19,8.15
Kenya,12/1/2021,2021,12,61184.27,35583.98,3.4
Kenya,1/1/2021,2021,1,58143.18,24457.65,0.36
Kenya,2/1/2021,2021,2,58130.61,23708.79,0.34
Kenya,3/1/2021,2021,3,59068.54,24037.14,-0.06
Kenya,4/1/2021,2021,4,58502.78,24167.76,-6.13
Kenya,5/1/2021,2021,5,58268.16,24328.34,-7.69
Kenya,6/1/2021,2021,6,58265.4,23841.67,-8.33
Kenya,7/1/2021,2021,7,58615.21,24258.78,-2.23
Kenya,8/1/2021,2021,8,58556.23,24744.99,-0.15
Kenya,9/1/2021,2021,9,59304.61,25006.24,3.47
Kenya,10/1/2021,2021,10,58454.83,23896.37,2.11
Kenya,11/1/2021,2021,11,59164.24,25229.25,8.26
Kenya,12/1/2021,2021,12,59885.45,26629.14,9.09
Kenya,1/1/2021,2021,1,75738.1,46299.84,-6.54
Kenya,2/1/2021,2021,2,77893.42,46310.47,-4.93
Kenya,3/1/2021,2021,3,76615.34,46644.32,-3.61
Kenya,4/1/2021,2021,4,77221.75,47139.74,-4.99
Kenya,5/1/2021,2021,5,78780.51,48025.43,-4.77
Kenya,6/1/2021,2021,6,77531.09,47933.02,-5.84
Kenya,7/1/2021,2021,7,80627.04,47074.64,-3.26
Kenya,8/1/2021,2021,8,81930.83,48536.14,1.25
Kenya,9/1/2021,2021,9,81606.96,48715.93,1.58
Kenya,10/1/2021,2021,10,80978.72,48185.16,5.16
Kenya,11/1/2021,2021,11,81200.99,48053.91,6.71
Kenya,12/1/2021,2021,12,81636.18,48632.04,6.71
Kenya,1/1/2021,2021,1,71842.58,39274.41,-1.46
Kenya,2/1/2021,2021,2,71806.94,39792.54,-0.44
Kenya,3/1/2021,2021,3,71198.33,39297.1,-0.6
Kenya,4/1/2021,2021,4,71772.09,38937.38,-6.26
Kenya,5/1/2021,2021,5,71949,40120.66,-2.01
Kenya,6/1/2021,2021,6,71766.18,39476.63,-1.03
Kenya,7/1/2021,2021,7,71615.98,39114.01,0.63
Kenya,8/1/2021,2021,8,71735.63,39500.98,0.32
Kenya,9/1/2021,2021,9,72231.19,39984.96,3.53
Kenya,10/1/2021,2021,10,72400.22,39774.36,2.2
Kenya,11/1/2021,2021,11,72199.7,40104.75,3.91
Kenya,12/1/2021,2021,12,72923.1,40750.64,5.27
Kenya,1/1/2021,2021,1,61740.17,31149.11,-11.9
Kenya,2/1/2021,2021,2,60945.94,31411.13,-11.33
Kenya,3/1/2021,2021,3,62306.64,32869.08,-3.92
Kenya,4/1/2021,2021,4,63041.22,32365.72,-7.58
Kenya,5/1/2021,2021,5,62883.16,33401.42,-7.6
Kenya,6/1/2021,2021,6,63942.97,33878.21,-7.38
Kenya,7/1/2021,2021,7,63588.18,34663.01,-2.78
Kenya,8/1/2021,2021,8,64184.43,34692.25,-4.49
Kenya,9/1/2021,2021,9,63790.69,34473.47,0.34
Kenya,10/1/2021,2021,10,63681.4,34968.94,7.37
Kenya,11/1/2021,2021,11,62071.18,31728.2,2.37
Kenya,12/1/2021,2021,12,63593.92,35394.76,8.25
Kenya,1/1/2021,2021,1,66636.78,32736.51,-9.11
Kenya,2/1/2021,2021,2,66128.14,33078.03,-3.62
Kenya,3/1/2021,2021,3,65616.71,32857.8,-8.44
Kenya,4/1/2021,2021,4,67405.65,33211.78,-7.75
Kenya,5/1/2021,2021,5,66370.47,33118.24,-10.2
Kenya,6/1/2021,2021,6,67083.94,33155.89,-11.55
Kenya,7/1/2021,2021,7,66835.8,33181.86,-6.51
Kenya,8/1/2021,2021,8,68944.32,33886.4,-4.35
Kenya,9/1/2021,2021,9,67538.02,33722.68,0.81
Kenya,10/1/2021,2021,10,67958.83,33894.58,3.18
Kenya,11/1/2021,2021,11,67236.75,33711.93,2.28
Kenya,12/1/2021,2021,12,69639.88,35623.86,8.28
Kenya,1/1/2021,2021,1,54545.43,27620.74,-10.67
Kenya,2/1/2021,2021,2,54279.57,26776.69,-9.55
Kenya,3/1/2021,2021,3,54733.84,27463.31,-5.25
Kenya,4/1/2021,2021,4,55426.63,28512.79,-10.4
Kenya,5/1/2021,2021,5,56036.35,28547.82,-9.56
Kenya,6/1/2021,2021,6,55956.14,28891.14,-10.43
Kenya,7/1/2021,2021,7,56319.27,29619.33,-5.79
Kenya,8/1/2021,2021,8,55684.12,28959.38,-5.33
Kenya,9/1/2021,2021,9,56005.41,28866.81,2.01
Kenya,10/1/2021,2021,10,56193.44,29411.78,7.9
Kenya,11/1/2021,2021,11,55151.15,27581.5,5.26
Kenya,12/1/2021,2021,12,56420.26,29274.33,5.45
Kenya,1/1/2021,2021,1,66695.86,31822.86,-4.11
Kenya,2/1/2021,2021,2,67079.89,32129.75,-0.82
Kenya,3/1/2021,2021,3,66385.59,31767.75,0.42
Kenya,4/1/2021,2021,4,67206.73,32145.39,-7.02
Kenya,5/1/2021,2021,5,67123.95,32038.78,-7.74
Kenya,6/1/2021,2021,6,65962.72,31450.6,-6
Kenya,7/1/2021,2021,7,66915.14,31895.8,-0.99
Kenya,8/1/2021,2021,8,67326.44,32053.45,-0.57
Kenya,9/1/2021,2021,9,67545.82,32175.13,2
Kenya,10/1/2021,2021,10,66693,31066.65,1.37
Kenya,11/1/2021,2021,11,68622.61,34175.83,10.54
Kenya,12/1/2021,2021,12,69825.44,35399.57,10.74
Kenya,1/1/2021,2021,1,58857.93,25280.93,-2.63
Kenya,2/1/2021,2021,2,58862.02,25021.27,0.39
Kenya,3/1/2021,2021,3,58405.52,25050.27,0.75
Kenya,4/1/2021,2021,4,58255.28,25089.41,-7.56
Kenya,5/1/2021,2021,5,58762.8,25238.65,-7.03
Kenya,6/1/2021,2021,6,58197.03,24832.08,-9.02
Kenya,7/1/2021,2021,7,58209.89,25066.03,-3.41
Kenya,8/1/2021,2021,8,59567.29,25824.14,-0.97
Kenya,9/1/2021,2021,9,58921.42,25446.78,2.2
Kenya,10/1/2021,2021,10,58764.54,25271.67,1.49
Kenya,11/1/2021,2021,11,59704.18,26662.18,8.19
Kenya,12/1/2021,2021,12,60757.82,28972.45,11.45
Kenya,1/1/2021,2021,1,59793.83,30039.21,-4.81
Kenya,2/1/2021,2021,2,59962.55,30009.16,-3.64
Kenya,3/1/2021,2021,3,59956.02,29696.31,-4.74
Kenya,4/1/2021,2021,4,60782.64,31321.26,-15.23
Kenya,5/1/2021,2021,5,61123.48,31797.15,-9.93
Kenya,6/1/2021,2021,6,60664.47,29810,-12.33
Kenya,7/1/2021,2021,7,60244.55,30800.79,-6.08
Kenya,8/1/2021,2021,8,60391.49,30806.41,-3.46
Kenya,9/1/2021,2021,9,61495.3,31045.92,2.25
Kenya,10/1/2021,2021,10,60427.15,28993.62,-1.8
Kenya,11/1/2021,2021,11,61099.36,30941.5,7.3
Kenya,12/1/2021,2021,12,61035.98,31209.58,5.41
Kenya,1/1/2021,2021,1,62575.12,30153.49,-8.32
Kenya,2/1/2021,2021,2,62723.98,30158.57,-1.55
Kenya,3/1/2021,2021,3,61802.96,29555.44,-2.12
Kenya,4/1/2021,2021,4,62797.87,30027.2,-10.15
Kenya,5/1/2021,2021,5,62876.14,30158.15,-9.28
Kenya,6/1/2021,2021,6,62905.51,30390.53,-6.22
Kenya,7/1/2021,2021,7,62489.32,29956.91,-2.37
Kenya,8/1/2021,2021,8,62485.39,29982.07,-2.91
Kenya,9/1/2021,2021,9,62325.71,29827.27,0.31
Kenya,10/1/2021,2021,10,61420.89,28374.36,-1.44
Kenya,11/1/2021,2021,11,64234.34,31382.23,9.44
Kenya,12/1/2021,2021,12,65868.51,33307.69,13.89
Kenya,1/1/2021,2021,1,62019.69,30493.78,-5.22
Kenya,2/1/2021,2021,2,62740.26,30361.4,0.92
Kenya,3/1/2021,2021,3,61791.35,30123.8,2.62
Kenya,4/1/2021,2021,4,62524.97,30462.32,-8.54
Kenya,5/1/2021,2021,5,61634.81,29744.67,-8.42
Kenya,6/1/2021,2021,6,61395.32,29023.1,-7.86
Kenya,7/1/2021,2021,7,61544.84,29341.37,-3.95
Kenya,8/1/2021,2021,8,61930.24,30007.42,-2.58
Kenya,9/1/2021,2021,9,62065.01,30549.77,3.88
Kenya,10/1/2021,2021,10,61733.76,29536.66,0.89
Kenya,11/1/2021,2021,11,63920.22,31091.62,8.74
Kenya,12/1/2021,2021,12,64975.09,33438.92,12.47
Kenya,1/1/2021,2021,1,59264.25,25898.26,0.08
Kenya,2/1/2021,2021,2,59141.96,24965.23,-0.9
Kenya,3/1/2021,2021,3,58967.05,24881.62,-0.18
Kenya,4/1/2021,2021,4,60221.15,25672.61,-1.54
Kenya,5/1/2021,2021,5,60214.28,26232.95,-3.46
Kenya,6/1/2021,2021,6,59062.97,24856.15,-5.55
Kenya,7/1/2021,2021,7,60236.68,25924.04,-0.87
Kenya,8/1/2021,2021,8,60640.1,26284.78,0.93
Kenya,9/1/2021,2021,9,60055.56,25605.43,0.4
Kenya,10/1/2021,2021,10,58395.54,24085.52,-2.27
Kenya,11/1/2021,2021,11,60258.15,25784.21,7.92
Kenya,12/1/2021,2021,12,60951.17,27421.2,9.83
Kenya,1/1/2021,2021,1,58159.07,23321.37,-1.57
Kenya,2/1/2021,2021,2,57773.84,22969.43,-1.78
Kenya,3/1/2021,2021,3,58165.87,23342.56,0.26
Kenya,4/1/2021,2021,4,58367.64,23335.28,-1.32
Kenya,5/1/2021,2021,5,58209.01,23222.93,-3.5
Kenya,6/1/2021,2021,6,57729.37,23092.83,-5.14
Kenya,7/1/2021,2021,7,59507.05,23418.32,-0.57
Kenya,8/1/2021,2021,8,58366.07,23882.35,-0.04
Kenya,9/1/2021,2021,9,58793.34,23735.66,2.92
Kenya,10/1/2021,2021,10,58198.17,23399.99,1.69
Kenya,11/1/2021,2021,11,58991.51,23939.3,5.65
Kenya,12/1/2021,2021,12,59587.58,24709.42,4.77
Kenya,1/1/2021,2021,1,74629.61,40199,-0.02
Kenya,2/1/2021,2021,2,74157.48,39320.24,0.28
Kenya,3/1/2021,2021,3,74105.71,39700.07,3.6
Kenya,4/1/2021,2021,4,73946.84,39021.23,-5.16
Kenya,5/1/2021,2021,5,74688.47,40051.41,-2.24
Kenya,6/1/2021,2021,6,74668.27,39916.35,-2.76
Kenya,7/1/2021,2021,7,74477.45,39453.18,-1.43
Kenya,8/1/2021,2021,8,74454.62,39431.84,1.9
Kenya,9/1/2021,2021,9,74389.01,39375.55,0.8
Kenya,10/1/2021,2021,10,73893.57,38263.2,-0.64
Kenya,11/1/2021,2021,11,74785.64,40162.13,4.07
Kenya,12/1/2021,2021,12,74348.43,38811.94,2.04
Kenya,1/1/2021,2021,1,58508.89,24339.27,1.71
Kenya,2/1/2021,2021,2,58179.59,23904.94,1.04
Kenya,3/1/2021,2021,3,57442.57,23657.94,-1.52
Kenya,4/1/2021,2021,4,58318.13,24187.87,-6.22
Kenya,5/1/2021,2021,5,58305.73,24388.34,-7.41
Kenya,6/1/2021,2021,6,58249.58,24261.46,-7.22
Kenya,7/1/2021,2021,7,58791.83,24505.7,-1.55
Kenya,8/1/2021,2021,8,58917.4,25570.13,0.96
Kenya,9/1/2021,2021,9,59652.91,25826.12,4.53
Kenya,10/1/2021,2021,10,58024.81,24507.98,0.39
Kenya,11/1/2021,2021,11,59404.84,25883,9.58
Kenya,12/1/2021,2021,12,59334.71,26127.35,6.26
Kenya,1/1/2021,2021,1,58170.2,24617.72,-1.34
Kenya,2/1/2021,2021,2,57686.63,23807.35,2.32
Kenya,3/1/2021,2021,3,58502.3,24792.06,-0.52
Kenya,4/1/2021,2021,4,58193.03,24892.75,-3.36
Kenya,5/1/2021,2021,5,58224.2,24455.04,-4.61
Kenya,6/1/2021,2021,6,58231.44,24006.12,-8.78
Kenya,7/1/2021,2021,7,58810.68,24623.66,-2.15
Kenya,8/1/2021,2021,8,59186.05,25308.32,0.09
Kenya,9/1/2021,2021,9,59414.12,25495.37,3.53
Kenya,10/1/2021,2021,10,58586.3,24408.58,2.29
Kenya,11/1/2021,2021,11,59265.57,25045.73,8.07
Kenya,12/1/2021,2021,12,59991.17,26157.51,6.81
Kenya,1/1/2021,2021,1,58229.77,24930.2,-0.49
Kenya,2/1/2021,2021,2,57775.85,24236.37,1.14
Kenya,3/1/2021,2021,3,58550.91,25065.04,2.34
Kenya,4/1/2021,2021,4,58740.65,24497.11,-4.81
Kenya,5/1/2021,2021,5,59097.02,25046.78,-7.31
Kenya,6/1/2021,2021,6,57650.77,24347.95,-8.01
Kenya,7/1/2021,2021,7,58802.11,24403.23,-1.34
Kenya,8/1/2021,2021,8,58369.79,24972.1,-1.95
Kenya,9/1/2021,2021,9,58548.52,25383.09,3.3
Kenya,10/1/2021,2021,10,57998.79,24236.1,-0.14
Kenya,11/1/2021,2021,11,58371.07,24685.77,4.71
Kenya,12/1/2021,2021,12,59766.55,26584.18,8.99
Kenya,1/1/2021,2021,1,59107.28,24637.63,2.26
Kenya,2/1/2021,2021,2,58090.38,23584.12,2.29
Kenya,3/1/2021,2021,3,57718.85,23840.77,-1.61
Kenya,4/1/2021,2021,4,58316.66,24568.63,-5.53
Kenya,5/1/2021,2021,5,58720.17,25012.23,-4.87
Kenya,6/1/2021,2021,6,57579.77,23318.03,-8.2
Kenya,7/1/2021,2021,7,58695.18,24085.72,-2.96
Kenya,8/1/2021,2021,8,59089.41,24288.53,-1.86
Kenya,9/1/2021,2021,9,59299.96,24219.74,1.22
Kenya,10/1/2021,2021,10,58585.72,23985.15,1.37
Kenya,11/1/2021,2021,11,59388.19,25218.18,9
Kenya,12/1/2021,2021,12,59718.86,26166.95,7.33
Kenya,1/1/2021,2021,1,66330.92,32113.57,-3.33
Kenya,2/1/2021,2021,2,65362.37,31291.78,-3.42
Kenya,3/1/2021,2021,3,65402.9,31637.07,0.19
Kenya,4/1/2021,2021,4,66152.6,31934.99,-6.02
Kenya,5/1/2021,2021,5,65993.69,31893.23,-5.61
Kenya,6/1/2021,2021,6,66411.05,31941.13,-4.33
Kenya,7/1/2021,2021,7,65334.34,31137.51,-1.91
Kenya,8/1/2021,2021,8,65978.92,31581.49,-1.62
Kenya,9/1/2021,2021,9,66050.4,31767.44,3.21
Kenya,10/1/2021,2021,10,65848.52,31446.32,2.95
Kenya,11/1/2021,2021,11,67807.03,33529.04,10.71
Kenya,12/1/2021,2021,12,68604.05,34484.44,10.61
Kenya,1/1/2022,2022,1,67820.65,35844.6,12.32
Kenya,2/1/2022,2022,2,66002.06,33887.3,12.02
Kenya,3/1/2022,2022,3,65999.12,34033.07,14.65
Kenya,4/1/2022,2022,4,71040.77,39729.71,20.37
Kenya,5/1/2022,2022,5,73691.51,45330.6,26.38
Kenya,6/1/2022,2022,6,73617.51,45475.75,31.49
Kenya,7/1/2022,2022,7,77335.13,48512.44,37.85
Kenya,8/1/2022,2022,8,77898.89,50040.29,40.18
Kenya,9/1/2022,2022,9,79071.81,51334.58,41.13
Kenya,10/1/2022,2022,10,77590.87,50006.27,51.33
Kenya,11/1/2022,2022,11,75569.33,48637.36,42.63
Kenya,12/1/2022,2022,12,76128.47,48431.01,34.55
Kenya,1/1/2022,2022,1,60376.28,32579.04,8.63
Kenya,2/1/2022,2022,2,60336.6,34240.16,12.55
Kenya,3/1/2022,2022,3,59063.71,31402,3.93
Kenya,4/1/2022,2022,4,61337.46,37029.49,14.79
Kenya,5/1/2022,2022,5,65797.06,46259.46,34.28
Kenya,6/1/2022,2022,6,68153.38,50382.6,43.17
Kenya,7/1/2022,2022,7,68158.63,51570.34,42.41
Kenya,8/1/2022,2022,8,70089.61,53969.5,50.74
Kenya,9/1/2022,2022,9,69919.01,54510.9,50.79
Kenya,10/1/2022,2022,10,69004.13,51778.52,45.75
Kenya,11/1/2022,2022,11,68314.62,51245.67,43.82
Kenya,12/1/2022,2022,12,68093.86,51164.41,34.39
Kenya,1/1/2022,2022,1,60877.98,28735.3,9.65
Kenya,2/1/2022,2022,2,60467.85,27912.16,8.36
Kenya,3/1/2022,2022,3,60120.71,28188.85,9.93
Kenya,4/1/2022,2022,4,63520.02,33159.04,19.59
Kenya,5/1/2022,2022,5,66977.57,37908.11,31.11
Kenya,6/1/2022,2022,6,67042.05,38584.45,35.33
Kenya,7/1/2022,2022,7,68331.29,39855.21,35.43
Kenya,8/1/2022,2022,8,68899.02,41411.29,41.9
Kenya,9/1/2022,2022,9,70012.52,42351.18,40.02
Kenya,10/1/2022,2022,10,69843.55,40999.79,40.6
Kenya,11/1/2022,2022,11,69098.76,40852.68,35.96
Kenya,12/1/2022,2022,12,70082.26,41404.45,34.91
Kenya,1/1/2022,2022,1,58709.25,32706.76,12.01
Kenya,2/1/2022,2022,2,58540.89,32670.99,11.84
Kenya,3/1/2022,2022,3,57950.08,32391.1,8.36
Kenya,4/1/2022,2022,4,59916.59,37910.37,14.61
Kenya,5/1/2022,2022,5,62728.48,43398.72,28.09
Kenya,6/1/2022,2022,6,62763.49,45038.02,32.99
Kenya,7/1/2022,2022,7,63465.9,47310.23,32.74
Kenya,8/1/2022,2022,8,64692.81,48616.33,34.69
Kenya,9/1/2022,2022,9,65864.32,50088.02,39.6
Kenya,10/1/2022,2022,10,63978.95,47791.24,35.84
Kenya,11/1/2022,2022,11,64926.02,48791.28,42.5
Kenya,12/1/2022,2022,12,64312.71,48029.6,31.63
Kenya,1/1/2022,2022,1,67134.81,41363.02,16.85
Kenya,2/1/2022,2022,2,67448.99,42341.9,22.1
Kenya,3/1/2022,2022,3,64295.08,37299.04,8.71
Kenya,4/1/2022,2022,4,68111.98,45942.74,25.48
Kenya,5/1/2022,2022,5,72329.62,54924.1,38.74
Kenya,6/1/2022,2022,6,72533.79,55357.07,54.44
Kenya,7/1/2022,2022,7,73605.42,57068.43,45.28
Kenya,8/1/2022,2022,8,74761.68,59675.28,47.95
Kenya,9/1/2022,2022,9,74898.34,59696.58,51.32
Kenya,10/1/2022,2022,10,74025.53,58945.06,53.81
Kenya,11/1/2022,2022,11,70847.91,52578.21,38
Kenya,12/1/2022,2022,12,73371.91,56895.26,37.24
Kenya,1/1/2022,2022,1,71859.52,38086.39,12.2
Kenya,2/1/2022,2022,2,71134.22,38365.48,12.17
Kenya,3/1/2022,2022,3,69887.1,35511.85,6.73
Kenya,4/1/2022,2022,4,72016.49,42844.9,13.98
Kenya,5/1/2022,2022,5,75148.92,49309.68,24.69
Kenya,6/1/2022,2022,6,78129.64,52331.57,34.4
Kenya,7/1/2022,2022,7,78760.18,54793.66,35.91
Kenya,8/1/2022,2022,8,80401.83,57861.42,44.02
Kenya,9/1/2022,2022,9,81019.88,58275.75,43.93
Kenya,10/1/2022,2022,10,80780.89,56761.26,40.88
Kenya,11/1/2022,2022,11,78928.64,54994.25,40.73
Kenya,12/1/2022,2022,12,79196.75,55194.82,32.9
Kenya,1/1/2022,2022,1,59357.58,27622.29,11.19
Kenya,2/1/2022,2022,2,58641.59,27104.21,9.73
Kenya,3/1/2022,2022,3,59183.36,28550.47,13.7
Kenya,4/1/2022,2022,4,62003.39,33076.43,20.55
Kenya,5/1/2022,2022,5,65980.39,38355.08,38.04
Kenya,6/1/2022,2022,6,66400.55,38796.93,40.41
Kenya,7/1/2022,2022,7,67135.86,40130.81,41.57
Kenya,8/1/2022,2022,8,66879.51,41309.82,40.28
Kenya,9/1/2022,2022,9,67987.28,41808.25,41.73
Kenya,10/1/2022,2022,10,67826.27,41159.51,42.44
Kenya,11/1/2022,2022,11,67471.46,40483.87,37.67
Kenya,12/1/2022,2022,12,67658.87,40769.86,34.42
Kenya,1/1/2022,2022,1,70114.96,39438.5,5.65
Kenya,2/1/2022,2022,2,70167.26,39408.88,7.25
Kenya,3/1/2022,2022,3,69311.12,38890.92,4.53
Kenya,4/1/2022,2022,4,73715.37,42332.78,10.87
Kenya,5/1/2022,2022,5,77785.5,47970.59,24.15
Kenya,6/1/2022,2022,6,80816.58,50698.78,27.7
Kenya,7/1/2022,2022,7,82372.59,51583.38,32.01
Kenya,8/1/2022,2022,8,82772.63,52085.68,30.04
Kenya,9/1/2022,2022,9,82845.08,52788.78,31.07
Kenya,10/1/2022,2022,10,82934.98,52109.77,30.26
Kenya,11/1/2022,2022,11,81414.69,51073.76,29.84
Kenya,12/1/2022,2022,12,82109.19,51568.8,26.07
Kenya,1/1/2022,2022,1,63893.29,37714.08,16.5
Kenya,2/1/2022,2022,2,63536.65,37055.37,17.91
Kenya,3/1/2022,2022,3,64467.18,40039.38,23.38
Kenya,4/1/2022,2022,4,67298.11,47086.89,26.5
Kenya,5/1/2022,2022,5,70066.63,53953.55,38.48
Kenya,6/1/2022,2022,6,70564.09,55973.74,47.96
Kenya,7/1/2022,2022,7,71958.91,58152.52,48.47
Kenya,8/1/2022,2022,8,72528.11,59631.07,47.79
Kenya,9/1/2022,2022,9,72828.23,59676.85,47.11
Kenya,10/1/2022,2022,10,72859.46,59573.56,61.12
Kenya,11/1/2022,2022,11,71342.67,56772.45,49.01
Kenya,12/1/2022,2022,12,71588.41,57266.5,39.91
Kenya,1/1/2022,2022,1,69293.11,34841.13,5.4
Kenya,2/1/2022,2022,2,68643.76,34802.16,5.01
Kenya,3/1/2022,2022,3,68867,34612.66,6.53
Kenya,4/1/2022,2022,4,71659.47,38112.81,10.71
Kenya,5/1/2022,2022,5,76169.5,43788.03,24.3
Kenya,6/1/2022,2022,6,77588.95,44793.51,28.44
Kenya,7/1/2022,2022,7,79496.53,45908.87,30.12
Kenya,8/1/2022,2022,8,82036.92,48647.86,34.52
Kenya,9/1/2022,2022,9,81646.46,49770.63,37.21
Kenya,10/1/2022,2022,10,81143.47,47240.92,31.23
Kenya,11/1/2022,2022,11,77341.93,45680.31,26.96
Kenya,12/1/2022,2022,12,78244.33,46222.53,25.36
Kenya,1/1/2022,2022,1,71494.58,36653.88,8.98
Kenya,2/1/2022,2022,2,72958.59,37515.04,15.28
Kenya,3/1/2022,2022,3,70516.53,35742.48,9.31
Kenya,4/1/2022,2022,4,76511.68,41916.82,22.86
Kenya,5/1/2022,2022,5,78635.12,44606.02,27.55
Kenya,6/1/2022,2022,6,78854.44,44860.58,30.25
Kenya,7/1/2022,2022,7,80896.87,47484.63,37.17
Kenya,8/1/2022,2022,8,84026.92,48694.28,38.32
Kenya,9/1/2022,2022,9,86670.71,50046.78,42.07
Kenya,10/1/2022,2022,10,82747.66,48636.58,39.03
Kenya,11/1/2022,2022,11,82857.56,48566.29,31.62
Kenya,12/1/2022,2022,12,82033.66,48401.5,27.51
Kenya,1/1/2022,2022,1,67546.67,42645.18,28.88
Kenya,2/1/2022,2022,2,64161.12,36893.71,19.2
Kenya,3/1/2022,2022,3,67528.45,42777.45,30.34
Kenya,4/1/2022,2022,4,69643.55,50076.73,41.62
Kenya,5/1/2022,2022,5,73890.77,59728.44,49.78
Kenya,6/1/2022,2022,6,73058.63,59617.81,64.44
Kenya,7/1/2022,2022,7,74144.76,62048.14,66.23
Kenya,8/1/2022,2022,8,74172.16,62678.44,68.17
Kenya,9/1/2022,2022,9,74760.9,63771.22,63.39
Kenya,10/1/2022,2022,10,74311.11,62778.5,59.02
Kenya,11/1/2022,2022,11,74134.28,61796.84,62.12
Kenya,12/1/2022,2022,12,73762.74,61433.06,48.84
Kenya,1/1/2022,2022,1,65133.07,36716.94,10.23
Kenya,2/1/2022,2022,2,65610.76,37492.01,14.12
Kenya,3/1/2022,2022,3,65335.48,38065.25,16.8
Kenya,4/1/2022,2022,4,70650.59,44892.17,25.28
Kenya,5/1/2022,2022,5,73101.89,51509.16,36.19
Kenya,6/1/2022,2022,6,73068.97,51147.61,41.67
Kenya,7/1/2022,2022,7,74621.34,54071.41,45.23
Kenya,8/1/2022,2022,8,76579.42,59112.03,53.56
Kenya,9/1/2022,2022,9,77060.52,58538.37,54.79
Kenya,10/1/2022,2022,10,76844.94,58138.19,58.09
Kenya,11/1/2022,2022,11,74979.47,53808.22,43.03
Kenya,12/1/2022,2022,12,75181.13,53192.73,35.94
Kenya,1/1/2022,2022,1,68726.94,38435.68,8.91
Kenya,2/1/2022,2022,2,67534.13,38305.19,7.67
Kenya,3/1/2022,2022,3,67550.96,37379.38,5.74
Kenya,4/1/2022,2022,4,70178.78,40481.54,12.59
Kenya,5/1/2022,2022,5,75154.22,46978.06,22.15
Kenya,6/1/2022,2022,6,76181.56,48515.05,26.58
Kenya,7/1/2022,2022,7,77701.06,49609.48,27.25
Kenya,8/1/2022,2022,8,79840.89,52476.2,33.44
Kenya,9/1/2022,2022,9,80598.56,52464.53,34.07
Kenya,10/1/2022,2022,10,76447.54,50118.92,30.62
Kenya,11/1/2022,2022,11,76379.21,49855.15,29.41
Kenya,12/1/2022,2022,12,76056.26,49593.78,24.38
Kenya,1/1/2022,2022,1,69396.28,38346.65,7.05
Kenya,2/1/2022,2022,2,70213.27,39607.39,10.21
Kenya,3/1/2022,2022,3,68997.92,37010.35,5.22
Kenya,4/1/2022,2022,4,73903.75,41698.63,14.49
Kenya,5/1/2022,2022,5,77893.04,46606.13,25.32
Kenya,6/1/2022,2022,6,78868.12,47658.77,26.23
Kenya,7/1/2022,2022,7,80470.39,48840.55,29.14
Kenya,8/1/2022,2022,8,80560.2,49112.11,28.31
Kenya,9/1/2022,2022,9,82037.75,49928.51,27.67
Kenya,10/1/2022,2022,10,80296.69,48872.89,25.95
Kenya,11/1/2022,2022,11,79789.47,48412.39,25.61
Kenya,12/1/2022,2022,12,79579.83,48549.21,25.18
Kenya,1/1/2022,2022,1,65804.98,31654.14,12.38
Kenya,2/1/2022,2022,2,63097.16,30293.86,5.89
Kenya,3/1/2022,2022,3,63589.46,31715.49,8.08
Kenya,4/1/2022,2022,4,67810.88,34781.17,16.12
Kenya,5/1/2022,2022,5,70544.92,41385.83,25.58
Kenya,6/1/2022,2022,6,72166.37,44131.69,38.94
Kenya,7/1/2022,2022,7,72957.16,44394.29,37.78
Kenya,8/1/2022,2022,8,77174.02,48932.86,49.62
Kenya,9/1/2022,2022,9,78790.35,50554.43,50.66
Kenya,10/1/2022,2022,10,78083.86,49082.15,52.65
Kenya,11/1/2022,2022,11,73454.44,44866.56,41.02
Kenya,12/1/2022,2022,12,77525.16,48555.29,43.07
Kenya,1/1/2022,2022,1,65980.68,36754.63,10.41
Kenya,2/1/2022,2022,2,65011.02,36646.96,10.76
Kenya,3/1/2022,2022,3,64488.59,35454.45,6.72
Kenya,4/1/2022,2022,4,68390.43,40784.13,16.29
Kenya,5/1/2022,2022,5,74785.7,46908.61,29.26
Kenya,6/1/2022,2022,6,76635.02,49483.95,35.36
Kenya,7/1/2022,2022,7,78083.01,52629.99,42.84
Kenya,8/1/2022,2022,8,78202.59,54859.96,38.44
Kenya,9/1/2022,2022,9,78229.93,55224.04,45.48
Kenya,10/1/2022,2022,10,76786.14,50628.66,37.08
Kenya,11/1/2022,2022,11,76926.98,51448.66,42.1
Kenya,12/1/2022,2022,12,76849.1,51930.05,36.11
Kenya,1/1/2022,2022,1,68975.36,37112.53,8.67
Kenya,2/1/2022,2022,2,68845.39,36858.56,8.02
Kenya,3/1/2022,2022,3,67803.3,36362.17,4.31
Kenya,4/1/2022,2022,4,70770.67,39152.77,10.06
Kenya,5/1/2022,2022,5,77025.24,46006.59,25.27
Kenya,6/1/2022,2022,6,78435.02,47845.39,29.86
Kenya,7/1/2022,2022,7,78789.84,48824.73,29.71
Kenya,8/1/2022,2022,8,79982.56,49749.74,31.36
Kenya,9/1/2022,2022,9,79479.64,48491.06,28.53
Kenya,10/1/2022,2022,10,79318.78,49435.72,28.59
Kenya,11/1/2022,2022,11,78027.62,47862.54,27.8
Kenya,12/1/2022,2022,12,78917.01,48692.08,27.67
Kenya,1/1/2022,2022,1,63680.16,31002.32,8.05
Kenya,2/1/2022,2022,2,63430.66,31330.24,10.37
Kenya,3/1/2022,2022,3,63987.95,31812.1,9.06
Kenya,4/1/2022,2022,4,68087.21,36122.36,21.74
Kenya,5/1/2022,2022,5,72038.47,43208.95,31.27
Kenya,6/1/2022,2022,6,73266.99,44610.75,40.07
Kenya,7/1/2022,2022,7,75105.14,46658.98,43.76
Kenya,8/1/2022,2022,8,76752.26,48145.23,45.97
Kenya,9/1/2022,2022,9,77386.88,48540.72,46.08
Kenya,10/1/2022,2022,10,77069.71,48734.62,48.35
Kenya,11/1/2022,2022,11,74935.11,46046.36,44.49
Kenya,12/1/2022,2022,12,75007.17,46986,38.41
Kenya,1/1/2022,2022,1,66145.53,37786.39,11.51
Kenya,2/1/2022,2022,2,66550.91,37310.75,12.16
Kenya,3/1/2022,2022,3,65316.83,36003.04,8.82
Kenya,4/1/2022,2022,4,68326.57,40726.93,13.98
Kenya,5/1/2022,2022,5,73722.13,46946.67,26.75
Kenya,6/1/2022,2022,6,76515.51,50097.99,35.51
Kenya,7/1/2022,2022,7,76473.54,51074.92,36.69
Kenya,8/1/2022,2022,8,78495.68,55640.19,42.25
Kenya,9/1/2022,2022,9,78593.42,55759.78,42.76
Kenya,10/1/2022,2022,10,77075.84,52031.83,37.64
Kenya,11/1/2022,2022,11,77433.8,51481.23,41.55
Kenya,12/1/2022,2022,12,76733.32,51623.21,32.63
Kenya,1/1/2022,2022,1,63421.03,34320.96,13.57
Kenya,2/1/2022,2022,2,63327.28,34861.4,12.86
Kenya,3/1/2022,2022,3,63938.3,36206.77,15.74
Kenya,4/1/2022,2022,4,67612.93,41152.92,24.92
Kenya,5/1/2022,2022,5,73181.23,44485.6,34.1
Kenya,6/1/2022,2022,6,71363.52,47761.27,40.03
Kenya,7/1/2022,2022,7,75295.97,54144.42,52.02
Kenya,8/1/2022,2022,8,73762.25,52427.85,49.57
Kenya,9/1/2022,2022,9,74620.42,52950.37,49.93
Kenya,10/1/2022,2022,10,73481.96,52123.84,51.98
Kenya,11/1/2022,2022,11,73618.22,51016.4,47.22
Kenya,12/1/2022,2022,12,73380.67,50009.49,35.94
Kenya,1/1/2022,2022,1,61079.36,27218.59,1.5
Kenya,2/1/2022,2022,2,61177.63,27027.7,2.85
Kenya,3/1/2022,2022,3,60104.39,27336.83,0.23
Kenya,4/1/2022,2022,4,63097.18,30418.04,11.79
Kenya,5/1/2022,2022,5,65737.06,37000.56,25.31
Kenya,6/1/2022,2022,6,67167.04,39072.06,30.31
Kenya,7/1/2022,2022,7,70139.93,41957.64,36.07
Kenya,8/1/2022,2022,8,70729.15,42037.93,37.69
Kenya,9/1/2022,2022,9,71839.19,43513.32,39.8
Kenya,10/1/2022,2022,10,72033.16,43809.09,43.36
Kenya,11/1/2022,2022,11,69486.84,40923.62,32.6
Kenya,12/1/2022,2022,12,69966.49,40836.62,32.28
Kenya,1/1/2022,2022,1,62184.1,33729.69,13.39
Kenya,2/1/2022,2022,2,62790.7,34157.29,13.55
Kenya,3/1/2022,2022,3,63008.84,34715.18,15.07
Kenya,4/1/2022,2022,4,64523.95,37472.24,18.18
Kenya,5/1/2022,2022,5,68152.53,44203.16,29.94
Kenya,6/1/2022,2022,6,71719.24,50734.96,51.11
Kenya,7/1/2022,2022,7,73138.25,53286.27,51.39
Kenya,8/1/2022,2022,8,73969.76,55086.89,58.13
Kenya,9/1/2022,2022,9,73842.06,54620.47,52.86
Kenya,10/1/2022,2022,10,73468.66,53762.94,57.31
Kenya,11/1/2022,2022,11,72243.33,51634.99,46.29
Kenya,12/1/2022,2022,12,72334.4,51731.22,42.16
Kenya,1/1/2022,2022,1,72937.09,36754.55,8.68
Kenya,2/1/2022,2022,2,71947.02,35976.97,5.88
Kenya,3/1/2022,2022,3,72246.61,36334.93,7.57
Kenya,4/1/2022,2022,4,75125.96,39434.83,11.45
Kenya,5/1/2022,2022,5,79632.24,44764.48,22.17
Kenya,6/1/2022,2022,6,79174.35,45594.41,26.01
Kenya,7/1/2022,2022,7,81271.83,47613.8,30.06
Kenya,8/1/2022,2022,8,84376.04,51168.94,34.68
Kenya,9/1/2022,2022,9,84709.82,50918.4,32.81
Kenya,10/1/2022,2022,10,82536.74,48722.24,32.47
Kenya,11/1/2022,2022,11,80821.21,47314.15,27.09
Kenya,12/1/2022,2022,12,80091.75,47594.36,24.07
Kenya,1/1/2022,2022,1,68915.86,34999.17,8.01
Kenya,2/1/2022,2022,2,69439.72,35025.4,9.16
Kenya,3/1/2022,2022,3,68287.51,33299.32,7.61
Kenya,4/1/2022,2022,4,70227.28,39912.2,16.62
Kenya,5/1/2022,2022,5,74017.59,46767.6,32.05
Kenya,6/1/2022,2022,6,78563.61,50707.2,42.32
Kenya,7/1/2022,2022,7,78171.67,51943.15,41.15
Kenya,8/1/2022,2022,8,79575.46,54616.28,41.09
Kenya,9/1/2022,2022,9,81010.57,56898.74,49.07
Kenya,10/1/2022,2022,10,80124.5,53511.54,47.12
Kenya,11/1/2022,2022,11,79734.77,53553.14,46.1
Kenya,12/1/2022,2022,12,77169.03,50685.88,33.5
Kenya,1/1/2022,2022,1,87968.04,51292.49,8.04
Kenya,2/1/2022,2022,2,88127.75,51243.79,6.57
Kenya,3/1/2022,2022,3,87149.83,51591.92,3.71
Kenya,4/1/2022,2022,4,90019.14,53597.45,7.81
Kenya,5/1/2022,2022,5,88012.85,48380.3,0.03
Kenya,6/1/2022,2022,6,89794.75,49538.91,4.43
Kenya,7/1/2022,2022,7,89956.39,51196.96,5.39
Kenya,8/1/2022,2022,8,90508.12,51865.33,5.48
Kenya,9/1/2022,2022,9,92210.06,51576.98,6.09
Kenya,10/1/2022,2022,10,88400.71,49691.4,6.21
Kenya,11/1/2022,2022,11,88443.07,50398.47,7.71
Kenya,12/1/2022,2022,12,88160.4,50189.41,-1.34
Kenya,1/1/2022,2022,1,77206.29,47232.06,11.26
Kenya,2/1/2022,2022,2,75193.81,45185.86,11.29
Kenya,3/1/2022,2022,3,75006.35,44677.39,4.04
Kenya,4/1/2022,2022,4,77590.89,48626.35,14.67
Kenya,5/1/2022,2022,5,82890.06,50162.57,19.68
Kenya,6/1/2022,2022,6,86077.5,51073.81,24.64
Kenya,7/1/2022,2022,7,87256.27,50766.47,18.96
Kenya,8/1/2022,2022,8,88986.63,54583.06,30.41
Kenya,9/1/2022,2022,9,91262.73,55918.51,29.25
Kenya,10/1/2022,2022,10,87903.75,53055.01,21.6
Kenya,11/1/2022,2022,11,86592.79,53133,24.5
Kenya,12/1/2022,2022,12,87597.98,54163.05,21.69
Kenya,1/1/2022,2022,1,85131.12,51194.87,8.01
Kenya,2/1/2022,2022,2,85481.99,51112.24,8.98
Kenya,3/1/2022,2022,3,83014.66,49922.56,8.21
Kenya,4/1/2022,2022,4,85309.48,51795.05,8.71
Kenya,5/1/2022,2022,5,90811.8,54361.21,11.66
Kenya,6/1/2022,2022,6,90136.74,52998.33,12.54
Kenya,7/1/2022,2022,7,89740,53073.27,13.63
Kenya,8/1/2022,2022,8,91122.78,54505.02,8.14
Kenya,9/1/2022,2022,9,93191.31,55132.49,15.77
Kenya,10/1/2022,2022,10,90258.96,54759.84,10.99
Kenya,11/1/2022,2022,11,90396.43,54561.41,12.76
Kenya,12/1/2022,2022,12,90062.9,54465.12,7.65
Kenya,1/1/2022,2022,1,61271.91,35171.45,13.92
Kenya,2/1/2022,2022,2,61427.79,35771.36,13.71
Kenya,3/1/2022,2022,3,61431.71,36314.98,13.43
Kenya,4/1/2022,2022,4,65179.55,41688.63,27.06
Kenya,5/1/2022,2022,5,67283.89,45902.92,33.91
Kenya,6/1/2022,2022,6,67933.35,47661.7,37.42
Kenya,7/1/2022,2022,7,68876.25,49002.18,39.43
Kenya,8/1/2022,2022,8,73206.68,56245.76,55.28
Kenya,9/1/2022,2022,9,71683.23,52963.63,47.63
Kenya,10/1/2022,2022,10,70452.32,51239.65,49.41
Kenya,11/1/2022,2022,11,71319.1,53209.24,48.54
Kenya,12/1/2022,2022,12,69106.14,49559.46,35.72
Kenya,1/1/2022,2022,1,63599.1,35663.25,-1.66
Kenya,2/1/2022,2022,2,63496.97,35932.18,1.15
Kenya,3/1/2022,2022,3,63334.81,35423.15,-1.27
Kenya,4/1/2022,2022,4,64590.65,37089.36,3.49
Kenya,5/1/2022,2022,5,65470.09,40214.08,10.17
Kenya,6/1/2022,2022,6,67655.58,42733.86,15.22
Kenya,7/1/2022,2022,7,68273.81,44485.7,17.12
Kenya,8/1/2022,2022,8,69408.31,46597.51,21.09
Kenya,9/1/2022,2022,9,69510.7,45954.8,20.15
Kenya,10/1/2022,2022,10,68928.44,45755.05,23.35
Kenya,11/1/2022,2022,11,67268.19,42581.58,13.85
Kenya,12/1/2022,2022,12,67866.88,42918.32,17.38
Kenya,1/1/2022,2022,1,69269.68,36737.38,7.18
Kenya,2/1/2022,2022,2,69172.6,36689.19,10.22
Kenya,3/1/2022,2022,3,67637.21,35884.64,5.91
Kenya,4/1/2022,2022,4,69941.68,39860.21,10.67
Kenya,5/1/2022,2022,5,74247.06,45030.35,21.73
Kenya,6/1/2022,2022,6,77224.01,48260.13,29.89
Kenya,7/1/2022,2022,7,80004.79,49351.24,31.87
Kenya,8/1/2022,2022,8,80989.49,51586.6,37
Kenya,9/1/2022,2022,9,81419.65,52371.19,38.92
Kenya,10/1/2022,2022,10,79471.65,50522.51,33.37
Kenya,11/1/2022,2022,11,78853.84,50480.57,35.6
Kenya,12/1/2022,2022,12,79203.02,50951.27,32.36
Kenya,1/1/2022,2022,1,59430.09,33474.81,11.21
Kenya,2/1/2022,2022,2,60095.05,34804.98,13.94
Kenya,3/1/2022,2022,3,59563.31,34304.58,12.27
Kenya,4/1/2022,2022,4,65218.54,41150.08,26.54
Kenya,5/1/2022,2022,5,67446.43,46444.59,35.91
Kenya,6/1/2022,2022,6,67915.39,46302.95,39.13
Kenya,7/1/2022,2022,7,68887.67,48518.08,40.67
Kenya,8/1/2022,2022,8,70809.15,52093.44,49.19
Kenya,9/1/2022,2022,9,71032.52,52465.22,50.53
Kenya,10/1/2022,2022,10,70654.96,51511.76,55.56
Kenya,11/1/2022,2022,11,68346.7,47575.59,39.88
Kenya,12/1/2022,2022,12,68746.72,48360.74,33.15
Kenya,1/1/2022,2022,1,58894.12,33154.35,10.7
Kenya,2/1/2022,2022,2,59444.47,33264.09,12.73
Kenya,3/1/2022,2022,3,60707.19,35093.26,15.77
Kenya,4/1/2022,2022,4,64153.65,40715.19,24.45
Kenya,5/1/2022,2022,5,66856.26,45470.56,34.23
Kenya,6/1/2022,2022,6,67780.03,46538.3,44.22
Kenya,7/1/2022,2022,7,69199.89,47845.42,43.07
Kenya,8/1/2022,2022,8,70650.65,50083.58,46.82
Kenya,9/1/2022,2022,9,70640.3,50512.17,46.38
Kenya,10/1/2022,2022,10,69602.45,48781.24,49.45
Kenya,11/1/2022,2022,11,68327.73,46397.01,44.6
Kenya,12/1/2022,2022,12,68744.74,46848.58,31.02
Kenya,1/1/2022,2022,1,66821.51,35559.71,5.9
Kenya,2/1/2022,2022,2,67613.75,36637.84,11.5
Kenya,3/1/2022,2022,3,67213.78,36235.62,11.12
Kenya,4/1/2022,2022,4,71061.55,39300.69,18.57
Kenya,5/1/2022,2022,5,73664.53,42651.25,24.94
Kenya,6/1/2022,2022,6,75190.97,44314.61,32.61
Kenya,7/1/2022,2022,7,77830.4,46961.84,37.65
Kenya,8/1/2022,2022,8,80254.79,50524.31,46.44
Kenya,9/1/2022,2022,9,80436.45,50001.69,41.82
Kenya,10/1/2022,2022,10,79114.59,48711.49,38.29
Kenya,11/1/2022,2022,11,78408.31,48636.06,34.54
Kenya,12/1/2022,2022,12,76573.83,47180.78,27.48
Kenya,1/1/2022,2022,1,64598.99,37402.14,12.62
Kenya,2/1/2022,2022,2,68475.41,43680.99,31.17
Kenya,3/1/2022,2022,3,68245.29,43754.85,24.28
Kenya,4/1/2022,2022,4,70804.49,48818.58,29.17
Kenya,5/1/2022,2022,5,70663.63,49786.37,29.67
Kenya,6/1/2022,2022,6,71218.46,51900.2,39.44
Kenya,7/1/2022,2022,7,74499.54,57105.2,45.95
Kenya,8/1/2022,2022,8,75686.1,60119.85,54.4
Kenya,9/1/2022,2022,9,75560.21,59826.5,49.33
Kenya,10/1/2022,2022,10,75204.51,59308.19,59.18
Kenya,11/1/2022,2022,11,73904.13,56686.2,43.7
Kenya,12/1/2022,2022,12,74489.86,58294.41,41.97
Kenya,1/1/2022,2022,1,62163.75,35038.87,16.64
Kenya,2/1/2022,2022,2,62086.03,35576.78,14.28
Kenya,3/1/2022,2022,3,62399.21,35926.37,13.28
Kenya,4/1/2022,2022,4,66399.95,40983.2,25.19
Kenya,5/1/2022,2022,5,69358.83,46464.63,38.03
Kenya,6/1/2022,2022,6,70125.49,47335.28,42.42
Kenya,7/1/2022,2022,7,71604.07,48729.82,43.22
Kenya,8/1/2022,2022,8,72391.46,51590.89,47.77
Kenya,9/1/2022,2022,9,72259.18,51000.07,46.63
Kenya,10/1/2022,2022,10,71950.41,50220.62,46.62
Kenya,11/1/2022,2022,11,71102.17,49220.12,45.92
Kenya,12/1/2022,2022,12,70219.5,48513.61,34.82
Kenya,1/1/2022,2022,1,73264.51,32757.57,20.5
Kenya,2/1/2022,2022,2,75495.74,34147,23.56
Kenya,3/1/2022,2022,3,73376.54,33431,19.48
Kenya,4/1/2022,2022,4,76654.34,37979.42,23.38
Kenya,5/1/2022,2022,5,82077.47,45124.29,40.25
Kenya,6/1/2022,2022,6,86305.45,52409,55.3
Kenya,7/1/2022,2022,7,87441.5,55532.49,52.74
Kenya,8/1/2022,2022,8,89330.57,59781.54,59.73
Kenya,9/1/2022,2022,9,90315.62,62000,64.05
Kenya,10/1/2022,2022,10,87401.4,54714,50.94
Kenya,11/1/2022,2022,11,86590.77,53881,64.74
Kenya,12/1/2022,2022,12,86643.77,54768.08,48.31
Kenya,1/1/2022,2022,1,63699.86,34043.62,11.11
Kenya,2/1/2022,2022,2,64418.4,35078.58,14.73
Kenya,3/1/2022,2022,3,64733.73,35094.97,14.37
Kenya,4/1/2022,2022,4,67242.98,39064.4,21.92
Kenya,5/1/2022,2022,5,69774.12,45161.21,34.5
Kenya,6/1/2022,2022,6,70098.26,45902.99,39.24
Kenya,7/1/2022,2022,7,72004.8,49073.63,41.33
Kenya,8/1/2022,2022,8,73714.47,52578.38,48.44
Kenya,9/1/2022,2022,9,73154.27,52355.67,46.29
Kenya,10/1/2022,2022,10,73040.08,51659.85,47.55
Kenya,11/1/2022,2022,11,71515.83,47090.95,38.43
Kenya,12/1/2022,2022,12,71427.86,47386.76,34.01
Kenya,1/1/2022,2022,1,63434.75,32776.57,11
Kenya,2/1/2022,2022,2,63466.08,33707.21,8.82
Kenya,3/1/2022,2022,3,63322.92,33806.59,9.61
Kenya,4/1/2022,2022,4,67555.42,35732.32,13.97
Kenya,5/1/2022,2022,5,70439.73,42889.69,30.09
Kenya,6/1/2022,2022,6,70155.63,42990.5,30.95
Kenya,7/1/2022,2022,7,71507.58,45233.38,34.19
Kenya,8/1/2022,2022,8,73156.08,47212.54,35.33
Kenya,9/1/2022,2022,9,73082.98,47670.57,36.82
Kenya,10/1/2022,2022,10,72681.4,46804.61,38.8
Kenya,11/1/2022,2022,11,71546.72,44780.84,27.67
Kenya,12/1/2022,2022,12,71043.6,45933.64,29.4
Kenya,1/1/2022,2022,1,72005.89,38142.03,3.2
Kenya,2/1/2022,2022,2,70619.88,37592.08,2.08
Kenya,3/1/2022,2022,3,69615.93,37197.53,1.29
Kenya,4/1/2022,2022,4,74158.95,40808.63,9.32
Kenya,5/1/2022,2022,5,75956.04,44609.74,14.71
Kenya,6/1/2022,2022,6,76597.15,45157.09,18.47
Kenya,7/1/2022,2022,7,76646.56,45702.05,18.88
Kenya,8/1/2022,2022,8,79357.82,47695.99,22.23
Kenya,9/1/2022,2022,9,79585.39,47405.39,21.04
Kenya,10/1/2022,2022,10,78680.4,46099.02,21.72
Kenya,11/1/2022,2022,11,78231.68,46076.21,18.52
Kenya,12/1/2022,2022,12,78631.7,46362.51,18.67
Kenya,1/1/2022,2022,1,59353.45,26572.33,5.81
Kenya,2/1/2022,2022,2,60269.47,27083.67,8.32
Kenya,3/1/2022,2022,3,60391.71,27444.09,7.67
Kenya,4/1/2022,2022,4,61529.71,29409.54,13.94
Kenya,5/1/2022,2022,5,64409.12,34135.43,22.89
Kenya,6/1/2022,2022,6,67285.27,38770.4,37.19
Kenya,7/1/2022,2022,7,67978.57,40701.94,39.79
Kenya,8/1/2022,2022,8,69156.5,41014.28,38.61
Kenya,9/1/2022,2022,9,70041.23,42543.66,42.23
Kenya,10/1/2022,2022,10,69545.04,41135.32,41.34
Kenya,11/1/2022,2022,11,68865.74,40725.03,37.38
Kenya,12/1/2022,2022,12,68859.77,41115.1,35.68
Kenya,1/1/2022,2022,1,68812.41,37726.06,7.56
Kenya,2/1/2022,2022,2,68444.39,37708.13,10.08
Kenya,3/1/2022,2022,3,68819.22,37150.05,7.24
Kenya,4/1/2022,2022,4,70661.64,39484.1,10.45
Kenya,5/1/2022,2022,5,76538.25,46210.2,25.21
Kenya,6/1/2022,2022,6,77942.75,48338.57,29.36
Kenya,7/1/2022,2022,7,79724.63,50552.36,32.87
Kenya,8/1/2022,2022,8,79798.05,50010.98,30.27
Kenya,9/1/2022,2022,9,80522.22,50935.06,33.01
Kenya,10/1/2022,2022,10,79152.94,49932.5,34.89
Kenya,11/1/2022,2022,11,78947.46,49560.93,32.95
Kenya,12/1/2022,2022,12,77744.68,48867.06,25.67
Kenya,1/1/2022,2022,1,77420.66,37869,12.23
Kenya,2/1/2022,2022,2,76981.05,37491.14,10.56
Kenya,3/1/2022,2022,3,76425.26,37917.4,9.34
Kenya,4/1/2022,2022,4,79424.92,41263.89,15.66
Kenya,5/1/2022,2022,5,82998.26,49362.64,27.56
Kenya,6/1/2022,2022,6,84197.33,51158.84,33.23
Kenya,7/1/2022,2022,7,89635.65,57198.6,42.31
Kenya,8/1/2022,2022,8,90184.38,60317.33,47.38
Kenya,9/1/2022,2022,9,90616.89,59167.91,47.12
Kenya,10/1/2022,2022,10,88819.53,59056.15,48.66
Kenya,11/1/2022,2022,11,87744.73,57475.86,42.01
Kenya,12/1/2022,2022,12,87885.76,58002.37,41
Kenya,1/1/2022,2022,1,69788.84,33276.89,10.02
Kenya,2/1/2022,2022,2,70730.14,33663.86,12.54
Kenya,3/1/2022,2022,3,69535.36,32776.84,9.42
Kenya,4/1/2022,2022,4,73389.37,38911.28,20.85
Kenya,5/1/2022,2022,5,77084.96,47182.26,36.58
Kenya,6/1/2022,2022,6,77449.28,47457.45,38.41
Kenya,7/1/2022,2022,7,78983.7,51743.3,43.18
Kenya,8/1/2022,2022,8,81151.69,54664.88,49.55
Kenya,9/1/2022,2022,9,81368.22,54954.91,48.63
Kenya,10/1/2022,2022,10,80049.61,51887.2,47.58
Kenya,11/1/2022,2022,11,78454.35,51022.59,41.2
Kenya,12/1/2022,2022,12,79569.12,51263.06,40.72
Kenya,1/1/2022,2022,1,67070.48,38157.24,2.28
Kenya,2/1/2022,2022,2,65797.33,38791.84,3.41
Kenya,3/1/2022,2022,3,66541.13,36745.53,0.61
Kenya,4/1/2022,2022,4,67773.55,39282.35,7.17
Kenya,5/1/2022,2022,5,69521.59,41722.33,11.23
Kenya,6/1/2022,2022,6,71593.21,44122.46,17.37
Kenya,7/1/2022,2022,7,72787.81,45327.15,16.55
Kenya,8/1/2022,2022,8,75089.04,47710.91,21.79
Kenya,9/1/2022,2022,9,75541.58,48175.24,21.6
Kenya,10/1/2022,2022,10,73324.16,46934.83,19.44
Kenya,11/1/2022,2022,11,72619.61,45543.49,16.12
Kenya,12/1/2022,2022,12,73310.56,46040.74,17.59
Kenya,1/1/2022,2022,1,62713.23,34216.18,11.89
Kenya,2/1/2022,2022,2,62749.39,34465.45,14.74
Kenya,3/1/2022,2022,3,63233.65,35571.24,14.16
Kenya,4/1/2022,2022,4,67143.97,42054.51,31.43
Kenya,5/1/2022,2022,5,70942.16,48984.73,39.03
Kenya,6/1/2022,2022,6,70613.99,49352.59,41.12
Kenya,7/1/2022,2022,7,70875.97,50631.48,43.88
Kenya,8/1/2022,2022,8,73230.06,55203.69,53.76
Kenya,9/1/2022,2022,9,72438.8,53913.52,48.52
Kenya,10/1/2022,2022,10,72746.43,54297.77,59
Kenya,11/1/2022,2022,11,71787.74,51785.85,47.41
Kenya,12/1/2022,2022,12,71544.45,51659.25,36.32
Kenya,1/1/2022,2022,1,66651.5,35348.94,12
Kenya,2/1/2022,2022,2,68027.44,35509.24,12.7
Kenya,3/1/2022,2022,3,65396.45,33040.64,5.97
Kenya,4/1/2022,2022,4,68902.2,38147.93,13.99
Kenya,5/1/2022,2022,5,73919.67,45924.62,32.42
Kenya,6/1/2022,2022,6,77044.92,48631.79,38.86
Kenya,7/1/2022,2022,7,76567.74,50393.58,40.7
Kenya,8/1/2022,2022,8,77394.97,52277.12,44.16
Kenya,9/1/2022,2022,9,77808.86,53597.95,42.75
Kenya,10/1/2022,2022,10,77028.74,51297.3,42.67
Kenya,11/1/2022,2022,11,77792.33,50918.95,46.65
Kenya,12/1/2022,2022,12,77184.54,50074.3,37.13
Kenya,1/1/2022,2022,1,64854.31,36141.78,18.72
Kenya,2/1/2022,2022,2,63304.42,35171.76,14.71
Kenya,3/1/2022,2022,3,64008.86,35992.92,17.83
Kenya,4/1/2022,2022,4,69720.2,42106.31,22.55
Kenya,5/1/2022,2022,5,72804.16,47672.13,33.28
Kenya,6/1/2022,2022,6,72036.34,47767.46,39.91
Kenya,7/1/2022,2022,7,73651.92,51002.81,41.33
Kenya,8/1/2022,2022,8,74606.8,53409.93,46.33
Kenya,9/1/2022,2022,9,74563.42,53282.64,49.14
Kenya,10/1/2022,2022,10,74336.12,52319.53,53.82
Kenya,11/1/2022,2022,11,73285.2,50786.46,42.16
Kenya,12/1/2022,2022,12,73996.63,51255.8,35.19
Kenya,1/1/2022,2022,1,79317.94,38467.24,1
Kenya,2/1/2022,2022,2,79281.04,38356.01,1.62
Kenya,3/1/2022,2022,3,79035,38209.06,1.1
Kenya,4/1/2022,2022,4,78277.45,37565.72,-0.16
Kenya,5/1/2022,2022,5,78699.91,38048.94,0.52
Kenya,6/1/2022,2022,6,79742.5,38177.82,1.76
Kenya,7/1/2022,2022,7,80094.94,38730.65,2.71
Kenya,8/1/2022,2022,8,79688.99,37326.09,-0.31
Kenya,9/1/2022,2022,9,80519.61,37850.29,0.97
Kenya,10/1/2022,2022,10,80354.45,37802.68,0.46
Kenya,11/1/2022,2022,11,80345.29,37852.22,0.29
Kenya,12/1/2022,2022,12,79705.44,37594.38,-0.12
Kenya,1/1/2022,2022,1,69331.89,39108.91,3.45
Kenya,2/1/2022,2022,2,67766.05,38174.26,2.87
Kenya,3/1/2022,2022,3,68186.6,38363.05,-0.96
Kenya,4/1/2022,2022,4,71047.86,41322.92,7.56
Kenya,5/1/2022,2022,5,73957.84,45583.25,15.64
Kenya,6/1/2022,2022,6,75500.84,46726.12,20.14
Kenya,7/1/2022,2022,7,76750.27,47614.15,20.92
Kenya,8/1/2022,2022,8,76241.24,48123.83,20.14
Kenya,9/1/2022,2022,9,77426.68,49455.34,24.26
Kenya,10/1/2022,2022,10,76658.25,48718.17,24.65
Kenya,11/1/2022,2022,11,74807.5,47256.75,19.14
Kenya,12/1/2022,2022,12,74809.14,47226.17,17.84
Kenya,1/1/2022,2022,1,65185.84,34616.07,12.85
Kenya,2/1/2022,2022,2,66056.48,35650.94,15.73
Kenya,3/1/2022,2022,3,64877.43,33150.17,7.63
Kenya,4/1/2022,2022,4,69732.79,40322.43,21.33
Kenya,5/1/2022,2022,5,73324.09,45842.51,33.16
Kenya,6/1/2022,2022,6,76940.06,48455.86,39.73
Kenya,7/1/2022,2022,7,78001.6,49406.35,43.22
Kenya,8/1/2022,2022,8,78932,51394.53,42.34
Kenya,9/1/2022,2022,9,79231.02,52588.97,43.15
Kenya,10/1/2022,2022,10,78389.35,49462.74,40.33
Kenya,11/1/2022,2022,11,77626.8,48926.44,44.93
Kenya,12/1/2022,2022,12,78410.1,49727.41,38.01
Kenya,1/1/2022,2022,1,61755.38,36437.95,2.63
Kenya,2/1/2022,2022,2,62812.59,33553.43,-2.87
Kenya,3/1/2022,2022,3,62269.2,33432.9,-2.65
Kenya,4/1/2022,2022,4,64046.81,36547.51,4.59
Kenya,5/1/2022,2022,5,64934.68,41496.86,12.22
Kenya,6/1/2022,2022,6,64349.07,41461.09,12.77
Kenya,7/1/2022,2022,7,68570.17,42427.23,17.11
Kenya,8/1/2022,2022,8,69273.78,43283.43,20.31
Kenya,9/1/2022,2022,9,69816.49,43669.51,20.84
Kenya,10/1/2022,2022,10,68294.46,42843.91,26.13
Kenya,11/1/2022,2022,11,67686.74,42755.39,18.5
Kenya,12/1/2022,2022,12,68310.49,42687.64,16.12
Kenya,1/1/2022,2022,1,59471.65,27161.31,6.29
Kenya,2/1/2022,2022,2,60074.12,27194.64,8.44
Kenya,3/1/2022,2022,3,60273.32,27608.41,7.78
Kenya,4/1/2022,2022,4,61528.19,32399.54,18.23
Kenya,5/1/2022,2022,5,64495.75,39018.6,33.29
Kenya,6/1/2022,2022,6,67497.13,38962.94,37.24
Kenya,7/1/2022,2022,7,68379.51,40523.49,39.46
Kenya,8/1/2022,2022,8,69436.64,41167.66,40.45
Kenya,9/1/2022,2022,9,69836.01,41978.61,40.67
Kenya,10/1/2022,2022,10,69872.92,41734.71,44.3
Kenya,11/1/2022,2022,11,69734.71,40602.59,37.68
Kenya,12/1/2022,2022,12,69489.74,40836.37,33.59
Kenya,1/1/2022,2022,1,85029.28,50299.84,10.28
Kenya,2/1/2022,2022,2,85212.3,50891.42,9.67
Kenya,3/1/2022,2022,3,83851.92,51194.52,9.62
Kenya,4/1/2022,2022,4,87128.39,51076.07,10.37
Kenya,5/1/2022,2022,5,92020.5,53621.82,13.98
Kenya,6/1/2022,2022,6,91207.09,52012.9,12.6
Kenya,7/1/2022,2022,7,90949.49,52112.94,11.67
Kenya,8/1/2022,2022,8,92139.87,53441.18,11.19
Kenya,9/1/2022,2022,9,93764.7,54584.06,13.35
Kenya,10/1/2022,2022,10,91696.19,53936.74,12.53
Kenya,11/1/2022,2022,11,91458.68,54429.38,12.98
Kenya,12/1/2022,2022,12,90727.51,53403.87,10.42
Kenya,1/1/2022,2022,1,73903.76,41760.45,4.68
Kenya,2/1/2022,2022,2,73857.66,41825.28,4.04
Kenya,3/1/2022,2022,3,72908.54,40414.88,2.64
Kenya,4/1/2022,2022,4,74349.27,43744.25,8.15
Kenya,5/1/2022,2022,5,76134.9,46948.17,11.72
Kenya,6/1/2022,2022,6,77331.95,48483.18,15.64
Kenya,7/1/2022,2022,7,80203.92,52332.65,23.37
Kenya,8/1/2022,2022,8,79649.65,51662.16,21.38
Kenya,9/1/2022,2022,9,81439.17,51939.39,21.76
Kenya,10/1/2022,2022,10,79989.32,51500.58,20.43
Kenya,11/1/2022,2022,11,79348.59,49831.93,17.45
Kenya,12/1/2022,2022,12,79845.4,50716.93,17.39
Kenya,1/1/2022,2022,1,66812.31,36899.76,13.36
Kenya,2/1/2022,2022,2,64937.32,35163.33,9.29
Kenya,3/1/2022,2022,3,64062.45,35095.96,4.85
Kenya,4/1/2022,2022,4,67303.65,38081.62,12.28
Kenya,5/1/2022,2022,5,72762.61,46065.5,27.15
Kenya,6/1/2022,2022,6,75030.76,49352.91,31.92
Kenya,7/1/2022,2022,7,75692.81,52054.02,35.27
Kenya,8/1/2022,2022,8,75867.24,52760.19,35.8
Kenya,9/1/2022,2022,9,77736.94,54113.42,40.1
Kenya,10/1/2022,2022,10,76562.65,52548.24,35.95
Kenya,11/1/2022,2022,11,76272.75,52175.66,43.89
Kenya,12/1/2022,2022,12,75615.82,52093.41,33.8
Kenya,1/1/2022,2022,1,71742.98,37488.57,11.06
Kenya,2/1/2022,2022,2,71804.68,37361.88,10.77
Kenya,3/1/2022,2022,3,69186.63,35946.83,7.42
Kenya,4/1/2022,2022,4,74285.18,41457.53,17.46
Kenya,5/1/2022,2022,5,78333.28,44533.59,26.24
Kenya,6/1/2022,2022,6,80675.22,46266.05,29.85
Kenya,7/1/2022,2022,7,81354.71,46849.33,31.42
Kenya,8/1/2022,2022,8,81698.38,48150.7,30.19
Kenya,9/1/2022,2022,9,83718.8,49649.38,35.59
Kenya,10/1/2022,2022,10,81866.46,48421.61,31.65
Kenya,11/1/2022,2022,11,81166.94,47683.72,31.1
Kenya,12/1/2022,2022,12,81336.72,47481.06,25.13
Kenya,1/1/2022,2022,1,58838.04,33072.96,13.84
Kenya,2/1/2022,2022,2,58373.16,32173.99,13.8
Kenya,3/1/2022,2022,3,57107.5,33996.81,14.08
Kenya,4/1/2022,2022,4,60839.29,38928.43,23.33
Kenya,5/1/2022,2022,5,62908.94,43802.01,33.03
Kenya,6/1/2022,2022,6,63766.08,44211.81,33.8
Kenya,7/1/2022,2022,7,67137.24,47704.95,40.65
Kenya,8/1/2022,2022,8,67579.93,48624.63,45.08
Kenya,9/1/2022,2022,9,67925.22,49251.69,46.31
Kenya,10/1/2022,2022,10,66890.7,46865.48,39.64
Kenya,11/1/2022,2022,11,66461.92,46564.53,44.66
Kenya,12/1/2022,2022,12,66506.51,46732.34,39.13
Kenya,1/1/2022,2022,1,72673.35,37583.27,13.43
Kenya,2/1/2022,2022,2,72957.16,38072.92,13.53
Kenya,3/1/2022,2022,3,71978.66,37361.83,12.92
Kenya,4/1/2022,2022,4,76035.98,42278.23,22.13
Kenya,5/1/2022,2022,5,77777.18,43704.99,25.9
Kenya,6/1/2022,2022,6,80833.12,45950.92,34.05
Kenya,7/1/2022,2022,7,81689.27,47665.83,35.43
Kenya,8/1/2022,2022,8,84020.88,48090.83,37.11
Kenya,9/1/2022,2022,9,85239.11,50601.78,41.36
Kenya,10/1/2022,2022,10,82015.01,47965.05,38.13
Kenya,11/1/2022,2022,11,80788.9,47410.15,28.21
Kenya,12/1/2022,2022,12,81715.45,48238.5,26.72
Kenya,1/1/2022,2022,1,61105.17,29515.82,9.79
Kenya,2/1/2022,2022,2,61881.24,29343.19,10.71
Kenya,3/1/2022,2022,3,60449.48,29527.79,10.13
Kenya,4/1/2022,2022,4,64982.03,33827.9,22.32
Kenya,5/1/2022,2022,5,66964.99,39049.51,32.79
Kenya,6/1/2022,2022,6,70532.69,39616.04,38.84
Kenya,7/1/2022,2022,7,70567.39,41573.16,41.87
Kenya,8/1/2022,2022,8,71855.97,43397.75,42.64
Kenya,9/1/2022,2022,9,72184.78,44090.65,46.02
Kenya,10/1/2022,2022,10,72006.64,43021.75,44.58
Kenya,11/1/2022,2022,11,70478.12,41783.84,36.28
Kenya,12/1/2022,2022,12,70822.21,42242.03,30.83
Kenya,1/1/2022,2022,1,62311.99,33869.33,8.49
Kenya,2/1/2022,2022,2,62956.78,34853.75,10.57
Kenya,3/1/2022,2022,3,62852.09,35091.18,11.46
Kenya,4/1/2022,2022,4,69261.56,41979.79,24.14
Kenya,5/1/2022,2022,5,72371.45,48073.93,35.12
Kenya,6/1/2022,2022,6,73054.14,48442.66,41.27
Kenya,7/1/2022,2022,7,75918.5,52597.88,48.64
Kenya,8/1/2022,2022,8,76117.53,54590.27,51.87
Kenya,9/1/2022,2022,9,75950.57,53831.5,48.56
Kenya,10/1/2022,2022,10,75997.58,53963.96,55.31
Kenya,11/1/2022,2022,11,75567.78,51777.61,45.64
Kenya,12/1/2022,2022,12,75170.62,51213.17,43.85
Kenya,1/1/2022,2022,1,67378.76,35150.74,12.04
Kenya,2/1/2022,2022,2,68018.13,36258.76,14.22
Kenya,3/1/2022,2022,3,66468.59,34451.28,11.96
Kenya,4/1/2022,2022,4,70963.31,40347.25,23.45
Kenya,5/1/2022,2022,5,74423.53,44669.73,32.93
Kenya,6/1/2022,2022,6,74867.04,45045.18,33.36
Kenya,7/1/2022,2022,7,77363.71,46726.71,39.55
Kenya,8/1/2022,2022,8,80568.56,50668.33,48.55
Kenya,9/1/2022,2022,9,79141.06,50144.27,47.09
Kenya,10/1/2022,2022,10,78072.6,48533.06,48.21
Kenya,11/1/2022,2022,11,78315.01,48439.38,37.95
Kenya,12/1/2022,2022,12,78072.89,48638.49,32.35
Kenya,1/1/2022,2022,1,65102.75,34152.68,8.46
Kenya,2/1/2022,2022,2,67022.63,35370.43,11.58
Kenya,3/1/2022,2022,3,64952.47,33970.45,8.89
Kenya,4/1/2022,2022,4,69527.14,38241.53,18.28
Kenya,5/1/2022,2022,5,73237.32,42882.26,31.27
Kenya,6/1/2022,2022,6,74409.99,44107.57,36.15
Kenya,7/1/2022,2022,7,76771.51,46948.64,41.95
Kenya,8/1/2022,2022,8,77538.56,48154.61,42.56
Kenya,9/1/2022,2022,9,79343.41,48911.63,43.85
Kenya,10/1/2022,2022,10,77701.54,48299.32,44.28
Kenya,11/1/2022,2022,11,75854.13,46807.36,34.39
Kenya,12/1/2022,2022,12,75843,46488.92,28.04
Kenya,1/1/2022,2022,1,61339.98,28641.8,6.81
Kenya,2/1/2022,2022,2,61008.2,28526.87,8.24
Kenya,3/1/2022,2022,3,61752.4,28880.57,9.91
Kenya,4/1/2022,2022,4,64842.45,32795.17,16.9
Kenya,5/1/2022,2022,5,67368.39,35650.28,23.07
Kenya,6/1/2022,2022,6,71235.48,39468.44,38.05
Kenya,7/1/2022,2022,7,70987.7,40125.97,34.92
Kenya,8/1/2022,2022,8,72787.7,43310.78,40.8
Kenya,9/1/2022,2022,9,72535.97,43056.22,42.57
Kenya,10/1/2022,2022,10,71754.97,42125.02,46.38
Kenya,11/1/2022,2022,11,71234.29,40819.58,36.69
Kenya,12/1/2022,2022,12,71217.63,41395.99,32.99
Kenya,1/1/2022,2022,1,59178.26,25621.18,5.36
Kenya,2/1/2022,2022,2,59827.25,26137.1,8.09
Kenya,3/1/2022,2022,3,59846.76,25713.17,6.12
Kenya,4/1/2022,2022,4,61573.12,30132.9,15.99
Kenya,5/1/2022,2022,5,65316.68,33229.47,25.91
Kenya,6/1/2022,2022,6,69106.12,36587.81,36.91
Kenya,7/1/2022,2022,7,69951.5,39050.31,39.2
Kenya,8/1/2022,2022,8,72385.99,42177.48,47.67
Kenya,9/1/2022,2022,9,71635.71,41814.24,46.09
Kenya,10/1/2022,2022,10,71961.94,41891.22,48.31
Kenya,11/1/2022,2022,11,70309.21,39827.85,40.31
Kenya,12/1/2022,2022,12,70535.43,40160.48,38.38
Kenya,1/1/2022,2022,1,76885.83,42462.22,4.38
Kenya,2/1/2022,2022,2,74944.82,40060.58,1.48
Kenya,3/1/2022,2022,3,75988.82,41478.15,3.54
Kenya,4/1/2022,2022,4,77180.69,44406.32,9.21
Kenya,5/1/2022,2022,5,78473.33,47818.48,12.48
Kenya,6/1/2022,2022,6,80440.31,51081.94,18.19
Kenya,7/1/2022,2022,7,81551.59,52779.19,21.98
Kenya,8/1/2022,2022,8,84083.5,54200.65,25.54
Kenya,9/1/2022,2022,9,83183.87,54299.49,25.23
Kenya,10/1/2022,2022,10,82168.38,52704.92,24.7
Kenya,11/1/2022,2022,11,82340.41,52131.88,20.3
Kenya,12/1/2022,2022,12,81424.54,52345.52,22.46
Kenya,1/1/2022,2022,1,60304.08,27757.75,8.05
Kenya,2/1/2022,2022,2,60691.44,27830.8,9.77
Kenya,3/1/2022,2022,3,60528.5,28155.14,11.53
Kenya,4/1/2022,2022,4,62702.94,32800.56,20.24
Kenya,5/1/2022,2022,5,64983.53,39260.65,34
Kenya,6/1/2022,2022,6,67221.5,38692.02,35.42
Kenya,7/1/2022,2022,7,69087.11,40303.52,38.84
Kenya,8/1/2022,2022,8,69608.94,41276.35,38.24
Kenya,9/1/2022,2022,9,70743.14,43036.06,40.87
Kenya,10/1/2022,2022,10,69361.97,41168.13,41.7
Kenya,11/1/2022,2022,11,68687.39,39953.29,33.65
Kenya,12/1/2022,2022,12,68365.87,40644.97,34.1
Kenya,1/1/2022,2022,1,59950.6,27585.51,7.18
Kenya,2/1/2022,2022,2,61042.02,28098.98,11.33
Kenya,3/1/2022,2022,3,60546.35,27980.67,7.79
Kenya,4/1/2022,2022,4,63029.36,32456.54,18.48
Kenya,5/1/2022,2022,5,67229.9,38308.04,34.25
Kenya,6/1/2022,2022,6,67608.6,38975.08,36.99
Kenya,7/1/2022,2022,7,68971.63,40807.81,39.34
Kenya,8/1/2022,2022,8,69440.77,41638.99,39.07
Kenya,9/1/2022,2022,9,68956.25,41724.06,38.02
Kenya,10/1/2022,2022,10,69890.13,41633.99,42.58
Kenya,11/1/2022,2022,11,69380.08,41082.11,38.56
Kenya,12/1/2022,2022,12,69090.28,40995.73,34.51
Kenya,1/1/2022,2022,1,60188.79,27896.03,7.3
Kenya,2/1/2022,2022,2,60810.38,27795.14,9.55
Kenya,3/1/2022,2022,3,60015.39,28339.92,7.37
Kenya,4/1/2022,2022,4,62592.2,32292.72,18.03
Kenya,5/1/2022,2022,5,66818.86,37997,30.78
Kenya,6/1/2022,2022,6,67678.17,38829.73,36.65
Kenya,7/1/2022,2022,7,68370.03,40651,39.07
Kenya,8/1/2022,2022,8,69026.82,41606.89,40.54
Kenya,9/1/2022,2022,9,69113.23,41449.58,39.04
Kenya,10/1/2022,2022,10,69687.69,41316.63,43.04
Kenya,11/1/2022,2022,11,68762.58,40479.48,38.95
Kenya,12/1/2022,2022,12,69360.8,41206.9,34.38
Kenya,1/1/2022,2022,1,60229.11,26832.05,5.08
Kenya,2/1/2022,2022,2,59899.31,27546.43,9.24
Kenya,3/1/2022,2022,3,60240.15,27519.65,9.37
Kenya,4/1/2022,2022,4,63837.43,29557.7,14.42
Kenya,5/1/2022,2022,5,68086.31,34104.38,25.33
Kenya,6/1/2022,2022,6,68233.12,38578.12,39.49
Kenya,7/1/2022,2022,7,68695.04,40156.09,39.41
Kenya,8/1/2022,2022,8,69879.8,41552.52,42.07
Kenya,9/1/2022,2022,9,70219.81,41728.36,42.61
Kenya,10/1/2022,2022,10,69560.1,40904.97,42.04
Kenya,11/1/2022,2022,11,69427.22,40261.07,36.52
Kenya,12/1/2022,2022,12,69868.88,41048.96,35.61
Kenya,1/1/2022,2022,1,70539.48,36511.83,9.96
Kenya,2/1/2022,2022,2,72087.31,39091.05,17.45
Kenya,3/1/2022,2022,3,70441.06,36571.52,11.59
Kenya,4/1/2022,2022,4,74873.48,40737.71,20.25
Kenya,5/1/2022,2022,5,77222.71,43756.93,26.94
Kenya,6/1/2022,2022,6,78058.42,44746.02,28.59
Kenya,7/1/2022,2022,7,82358.13,47841.77,39.52
Kenya,8/1/2022,2022,8,83980.68,49345.78,41.45
Kenya,9/1/2022,2022,9,87036.66,52444.49,48.11
Kenya,10/1/2022,2022,10,82625.73,48636.27,39.74
Kenya,11/1/2022,2022,11,81016.42,47816.81,30.98
Kenya,12/1/2022,2022,12,81860.93,48877.42,30.56
Kenya,1/1/2023,2023,1,77009.07,48635.05,24.92
Kenya,2/1/2023,2023,2,76335.08,48556.24,29.65
Kenya,3/1/2023,2023,3,74575.09,48003.36,27.23
Kenya,4/1/2023,2023,4,75705.39,49995.6,16.74
Kenya,5/1/2023,2023,5,76251.93,51239.56,8.75
Kenya,6/1/2023,2023,6,75489.11,51908.93,8.95
Kenya,7/1/2023,2023,7,75946.13,51846.82,3.03
Kenya,8/1/2023,2023,8,74973.28,52029.55,0.59
Kenya,9/1/2023,2023,9,75476.61,52409.02,-0.8
Kenya,10/1/2023,2023,10,74784.33,52441.22,1.16
Kenya,11/1/2023,2023,11,73899.41,52974.03,4.05
Kenya,12/1/2023,2023,12,73713.04,52378.69,3.16
Kenya,1/1/2023,2023,1,68640.83,52884.87,38.92
Kenya,2/1/2023,2023,2,68690.05,52287.79,34.5
Kenya,3/1/2023,2023,3,67877.5,52711.49,42.19
Kenya,4/1/2023,2023,4,68542.81,54581.54,31.24
Kenya,5/1/2023,2023,5,69167.5,55687.63,14.04
Kenya,6/1/2023,2023,6,67794.32,55272.87,5.57
Kenya,7/1/2023,2023,7,67857.37,54656.21,3.43
Kenya,8/1/2023,2023,8,67923.28,55784.22,0.82
Kenya,9/1/2023,2023,9,68100.4,55764.09,0.38
Kenya,10/1/2023,2023,10,68212.56,55888.82,4.3
Kenya,11/1/2023,2023,11,67300.24,54500.39,3.22
Kenya,12/1/2023,2023,12,67958.77,56780.81,6.51
Kenya,1/1/2023,2023,1,69959.45,41397.67,29.06
Kenya,2/1/2023,2023,2,69735.96,41687.17,31.65
Kenya,3/1/2023,2023,3,69886.01,42205.43,32.44
Kenya,4/1/2023,2023,4,70706.75,44906.23,23.63
Kenya,5/1/2023,2023,5,70938.46,46528.88,14.84
Kenya,6/1/2023,2023,6,71322.76,47672.96,15.57
Kenya,7/1/2023,2023,7,71672.06,47787.97,12.97
Kenya,8/1/2023,2023,8,71246.07,48168.1,10.45
Kenya,9/1/2023,2023,9,71841.62,49624.03,10.58
Kenya,10/1/2023,2023,10,71514.23,49706.57,12.56
Kenya,11/1/2023,2023,11,71510.71,50528.48,14.43
Kenya,12/1/2023,2023,12,71355.83,49939.36,11.99
Kenya,1/1/2023,2023,1,64998.23,48713.87,30.85
Kenya,2/1/2023,2023,2,65670.31,49118.55,32.3
Kenya,3/1/2023,2023,3,65288.13,49475.44,33.81
Kenya,4/1/2023,2023,4,65276.57,50995.76,23.22
Kenya,5/1/2023,2023,5,65651.84,51773.88,13.15
Kenya,6/1/2023,2023,6,65231.01,52223.34,11.01
Kenya,7/1/2023,2023,7,64796.81,51957.4,6.72
Kenya,8/1/2023,2023,8,65381.35,54183.28,7.3
Kenya,9/1/2023,2023,9,65110.94,53298.9,3.41
Kenya,10/1/2023,2023,10,65327.56,53481.25,7.98
Kenya,11/1/2023,2023,11,64481.32,53116.06,5.05
Kenya,12/1/2023,2023,12,65105.15,54886,9.04
Kenya,1/1/2023,2023,1,73237.16,56661.45,24.48
Kenya,2/1/2023,2023,2,73611.85,56645.75,22.85
Kenya,3/1/2023,2023,3,72968.8,57106.88,34.75
Kenya,4/1/2023,2023,4,73228.72,59115.75,19.66
Kenya,5/1/2023,2023,5,73874.18,60276.92,6.72
Kenya,6/1/2023,2023,6,72944.35,60480.84,5.81
Kenya,7/1/2023,2023,7,73885.14,61247.83,4.6
Kenya,8/1/2023,2023,8,73681.25,62374.88,2.22
Kenya,9/1/2023,2023,9,73796.82,61826.46,1.63
Kenya,10/1/2023,2023,10,73424.63,62256.89,3.14
Kenya,11/1/2023,2023,11,72974.66,62501.88,12.48
Kenya,12/1/2023,2023,12,72968.37,63129.85,6.44
Kenya,1/1/2023,2023,1,78981.64,54457.81,26.92
Kenya,2/1/2023,2023,2,78837.38,54193.33,26.61
Kenya,3/1/2023,2023,3,80726.41,56672.09,37.72
Kenya,4/1/2023,2023,4,81498.02,57156.32,24.16
Kenya,5/1/2023,2023,5,82158.68,58710.46,14.85
Kenya,6/1/2023,2023,6,80374.61,57268.91,6.63
Kenya,7/1/2023,2023,7,80060.34,57666.83,3.74
Kenya,8/1/2023,2023,8,81089.14,58139.87,0.64
Kenya,9/1/2023,2023,9,80410.51,57644.33,-0.95
Kenya,10/1/2023,2023,10,81165.55,59643.96,3.17
Kenya,11/1/2023,2023,11,81742.54,60519.91,7.34
Kenya,12/1/2023,2023,12,80438.44,59442.03,5.14
Kenya,1/1/2023,2023,1,67723.4,40595.26,29.93
Kenya,2/1/2023,2023,2,68319.63,40984.69,33.17
Kenya,3/1/2023,2023,3,68116.23,42655.6,31.93
Kenya,4/1/2023,2023,4,68527.56,44282.24,22.57
Kenya,5/1/2023,2023,5,68768.07,45281.68,11.66
Kenya,6/1/2023,2023,6,68982.51,45844.94,11.58
Kenya,7/1/2023,2023,7,69349.43,46673.39,10.38
Kenya,8/1/2023,2023,8,69160.65,46844.95,8.93
Kenya,9/1/2023,2023,9,69898.18,48767.99,10.44
Kenya,10/1/2023,2023,10,69726.27,47888.62,10.23
Kenya,11/1/2023,2023,11,69308.21,48787.42,12.42
Kenya,12/1/2023,2023,12,69090.28,48112.22,10.8
Kenya,1/1/2023,2023,1,81970.93,51005.33,23.49
Kenya,2/1/2023,2023,2,81735.29,51943.56,24.59
Kenya,3/1/2023,2023,3,81017.5,52472.58,26.43
Kenya,4/1/2023,2023,4,78867.4,52391.36,15.95
Kenya,5/1/2023,2023,5,79830.15,52781.66,6.72
Kenya,6/1/2023,2023,6,79150.74,53916.39,2.62
Kenya,7/1/2023,2023,7,79064.11,54078.36,0.9
Kenya,8/1/2023,2023,8,78372.96,54092.98,-0.21
Kenya,9/1/2023,2023,9,77512.67,53682.12,-1.88
Kenya,10/1/2023,2023,10,77830.23,54248.46,-0.45
Kenya,11/1/2023,2023,11,78209.76,54697.47,2.2
Kenya,12/1/2023,2023,12,77359.06,54821.7,0.94
Kenya,1/1/2023,2023,1,71935.12,57438.64,34.07
Kenya,2/1/2023,2023,2,71247.45,56817.46,34.3
Kenya,3/1/2023,2023,3,71867.98,58331.73,30.42
Kenya,4/1/2023,2023,4,71796.75,59231.76,17.82
Kenya,5/1/2023,2023,5,71766.05,60977.18,8.84
Kenya,6/1/2023,2023,6,71612.02,61414.9,6.54
Kenya,7/1/2023,2023,7,71524.3,60596.34,2.36
Kenya,8/1/2023,2023,8,71483.7,61428.52,1.33
Kenya,9/1/2023,2023,9,71857.14,62632.76,2.57
Kenya,10/1/2023,2023,10,70955.91,61809.26,1.34
Kenya,11/1/2023,2023,11,70877.51,62859.05,6.33
Kenya,12/1/2023,2023,12,71014.65,62594.83,5.41
Kenya,1/1/2023,2023,1,78286.55,46195.3,22.81
Kenya,2/1/2023,2023,2,78638.76,47209,25.18
Kenya,3/1/2023,2023,3,78016.39,47554.14,25.37
Kenya,4/1/2023,2023,4,78516.75,50145.98,20.91
Kenya,5/1/2023,2023,5,79427.83,50382.92,10.04
Kenya,6/1/2023,2023,6,79169.14,52524.4,10.19
Kenya,7/1/2023,2023,7,79435.2,52770.62,7.97
Kenya,8/1/2023,2023,8,78645.41,52802.17,2.74
Kenya,9/1/2023,2023,9,78154.94,52581.74,1.17
Kenya,10/1/2023,2023,10,77536.61,52179.82,3.57
Kenya,11/1/2023,2023,11,77165.1,52204.69,7.63
Kenya,12/1/2023,2023,12,76397.52,52212.85,5.93
Kenya,1/1/2023,2023,1,82107,48485.18,23.67
Kenya,2/1/2023,2023,2,82641.48,49264.11,22.42
Kenya,3/1/2023,2023,3,82393.82,50340.77,28.92
Kenya,4/1/2023,2023,4,84351.45,54019.61,19.98
Kenya,5/1/2023,2023,5,85139.42,54535.59,15.71
Kenya,6/1/2023,2023,6,83727.6,55203.16,15.16
Kenya,7/1/2023,2023,7,83937.03,54900.86,10.16
Kenya,8/1/2023,2023,8,84490.8,56428.66,8.78
Kenya,9/1/2023,2023,9,83647.74,55567.82,4.29
Kenya,10/1/2023,2023,10,81911.01,54098.98,5.6
Kenya,11/1/2023,2023,11,82048.07,54828.65,6.51
Kenya,12/1/2023,2023,12,83286.07,56210.55,9.43
Kenya,1/1/2023,2023,1,73623.71,60813.21,27.74
Kenya,2/1/2023,2023,2,74357.01,61911.51,43.64
Kenya,3/1/2023,2023,3,74067.33,62549.35,30.09
Kenya,4/1/2023,2023,4,73897.11,64066.82,18.98
Kenya,5/1/2023,2023,5,73987.74,64584.9,5.07
Kenya,6/1/2023,2023,6,73648.43,64514.53,5.4
Kenya,7/1/2023,2023,7,73914.79,64765.26,2.63
Kenya,8/1/2023,2023,8,74171.13,65822.95,3.15
Kenya,9/1/2023,2023,9,73642.15,65937.56,1.59
Kenya,10/1/2023,2023,10,73905.44,66844.23,3.86
Kenya,11/1/2023,2023,11,73725.52,67488.28,5.55
Kenya,12/1/2023,2023,12,73774.87,67884.44,6.57
Kenya,1/1/2023,2023,1,74898.04,53154.18,30.77
Kenya,2/1/2023,2023,2,74827.71,53199.17,28.9
Kenya,3/1/2023,2023,3,74747.11,53443.57,28.39
Kenya,4/1/2023,2023,4,73794.54,53559.16,12.76
Kenya,5/1/2023,2023,5,74011.8,55576.27,5.13
Kenya,6/1/2023,2023,6,74012.09,55378.23,5.36
Kenya,7/1/2023,2023,7,73523.97,54250.07,-0.4
Kenya,8/1/2023,2023,8,73673.82,55361.76,-5.34
Kenya,9/1/2023,2023,9,73561.26,55718.25,-4.71
Kenya,10/1/2023,2023,10,73985.24,56155.82,-3.53
Kenya,11/1/2023,2023,11,73745.2,56980.13,2.8
Kenya,12/1/2023,2023,12,73563.86,56963.04,3.26
Kenya,1/1/2023,2023,1,78089.81,51093.82,23.82
Kenya,2/1/2023,2023,2,77834.51,50823.91,24.52
Kenya,3/1/2023,2023,3,76705.52,52030.27,27.02
Kenya,4/1/2023,2023,4,77963.49,54290.21,23.42
Kenya,5/1/2023,2023,5,77755.76,53647.51,9.42
Kenya,6/1/2023,2023,6,78213.36,55062.14,8.73
Kenya,7/1/2023,2023,7,78109.6,54903.98,6.21
Kenya,8/1/2023,2023,8,76886.56,55558.61,1.73
Kenya,9/1/2023,2023,9,76657.46,55062.78,0.67
Kenya,10/1/2023,2023,10,76613.02,55012.16,5.63
Kenya,11/1/2023,2023,11,75652.96,54434.91,4.79
Kenya,12/1/2023,2023,12,76062.99,55256.7,6.46
Kenya,1/1/2023,2023,1,80045.52,49354.62,22.36
Kenya,2/1/2023,2023,2,78784.09,48980.85,18.28
Kenya,3/1/2023,2023,3,80341.83,50119.89,26.26
Kenya,4/1/2023,2023,4,79855.83,51024.02,15.64
Kenya,5/1/2023,2023,5,81405.05,53261.77,9.83
Kenya,6/1/2023,2023,6,80927.3,52831.99,7.12
Kenya,7/1/2023,2023,7,81264.58,53676.25,5.87
Kenya,8/1/2023,2023,8,81110.25,53349.42,5.05
Kenya,9/1/2023,2023,9,80672.91,53752.33,3.45
Kenya,10/1/2023,2023,10,79921.55,52578.04,3.95
Kenya,11/1/2023,2023,11,79860.07,53785.47,6.12
Kenya,12/1/2023,2023,12,81331.92,55088.04,8.39
Kenya,1/1/2023,2023,1,77428.63,48579.02,35.21
Kenya,2/1/2023,2023,2,75780.28,47284.91,37.72
Kenya,3/1/2023,2023,3,76911.41,48522.05,36.95
Kenya,4/1/2023,2023,4,77391.47,49503,28.4
Kenya,5/1/2023,2023,5,76168.32,50177.47,15.13
Kenya,6/1/2023,2023,6,74650.16,49773.15,8.58
Kenya,7/1/2023,2023,7,74656.96,48997.96,6.74
Kenya,8/1/2023,2023,8,74631.56,49063.68,-1.3
Kenya,9/1/2023,2023,9,75909.02,51249.74,-0.83
Kenya,10/1/2023,2023,10,75110.27,51163.66,0.67
Kenya,11/1/2023,2023,11,76565.25,53318.35,12.26
Kenya,12/1/2023,2023,12,74971.97,51670.49,2.1
Kenya,1/1/2023,2023,1,76364.18,52320.5,29.76
Kenya,2/1/2023,2023,2,76101.77,51536.94,29.55
Kenya,3/1/2023,2023,3,74727.78,51472.25,31.22
Kenya,4/1/2023,2023,4,75491.77,54809.76,23.44
Kenya,5/1/2023,2023,5,75088.43,55753.69,10.67
Kenya,6/1/2023,2023,6,74380.09,55034.34,5.03
Kenya,7/1/2023,2023,7,74594.78,55274.43,0.98
Kenya,8/1/2023,2023,8,73813.2,55319.63,-1.85
Kenya,9/1/2023,2023,9,73111.95,54599.02,-3.38
Kenya,10/1/2023,2023,10,73750.85,55180.49,3.4
Kenya,11/1/2023,2023,11,73474.7,55826.49,2.94
Kenya,12/1/2023,2023,12,73404.19,56421.65,3.06
Kenya,1/1/2023,2023,1,78768.22,48879.03,23.27
Kenya,2/1/2023,2023,2,78052.11,48718.93,23.1
Kenya,3/1/2023,2023,3,77160.73,49065.76,24.74
Kenya,4/1/2023,2023,4,78799.39,51346.01,21.74
Kenya,5/1/2023,2023,5,78812.15,51772.77,7.88
Kenya,6/1/2023,2023,6,78062.31,51817.24,4.35
Kenya,7/1/2023,2023,7,76528.33,50946.17,1.12
Kenya,8/1/2023,2023,8,76451.22,51131.3,-0.43
Kenya,9/1/2023,2023,9,75851.75,51020.84,0.81
Kenya,10/1/2023,2023,10,76080.65,51680.52,0.7
Kenya,11/1/2023,2023,11,75767.28,51204.57,2.54
Kenya,12/1/2023,2023,12,75139.76,51241.35,0.75
Kenya,1/1/2023,2023,1,75245.1,47108.96,34.83
Kenya,2/1/2023,2023,2,74627.62,46112.03,32.32
Kenya,3/1/2023,2023,3,73644.37,45359.79,28.8
Kenya,4/1/2023,2023,4,76317.71,48842.35,23.99
Kenya,5/1/2023,2023,5,76412.49,50504.42,11.97
Kenya,6/1/2023,2023,6,75756.86,50061.6,8.24
Kenya,7/1/2023,2023,7,75607.37,49039.52,3.13
Kenya,8/1/2023,2023,8,75554.88,49785.49,1.2
Kenya,9/1/2023,2023,9,75121.02,49737.03,0.07
Kenya,10/1/2023,2023,10,75406.32,50242.48,0.77
Kenya,11/1/2023,2023,11,74064.49,50628.65,4.96
Kenya,12/1/2023,2023,12,73203.81,50817.23,3.46
Kenya,1/1/2023,2023,1,76632.65,51306.72,26.48
Kenya,2/1/2023,2023,2,77153.87,52080.94,28.43
Kenya,3/1/2023,2023,3,75351.73,52108.8,30.76
Kenya,4/1/2023,2023,4,75390.58,54292.65,22.83
Kenya,5/1/2023,2023,5,74654,54812.83,9.94
Kenya,6/1/2023,2023,6,73817.76,54857.01,3.85
Kenya,7/1/2023,2023,7,74814.55,55407.88,3.92
Kenya,8/1/2023,2023,8,73831.88,54787.8,-3.36
Kenya,9/1/2023,2023,9,73978.52,56330.55,-1.83
Kenya,10/1/2023,2023,10,73778.7,54833.4,1.27
Kenya,11/1/2023,2023,11,74107.75,55682.04,2.81
Kenya,12/1/2023,2023,12,73103.74,55463.38,2.25
Kenya,1/1/2023,2023,1,72872.79,49775.07,30.55
Kenya,2/1/2023,2023,2,75223.88,53643.32,37.17
Kenya,3/1/2023,2023,3,73235.98,50475.83,27.75
Kenya,4/1/2023,2023,4,71785.59,50409.67,15.13
Kenya,5/1/2023,2023,5,72372.82,51622.31,8.3
Kenya,6/1/2023,2023,6,71630.82,52112.05,5.37
Kenya,7/1/2023,2023,7,71370.43,51545,-4.97
Kenya,8/1/2023,2023,8,71791.71,52084.52,-1.49
Kenya,9/1/2023,2023,9,73094.03,54584.2,0.96
Kenya,10/1/2023,2023,10,71645.64,52389.14,-0.73
Kenya,11/1/2023,2023,11,70876.97,51866.37,-0.59
Kenya,12/1/2023,2023,12,71434.1,53568.66,2.98
Kenya,1/1/2023,2023,1,70591.51,41776.39,33.43
Kenya,2/1/2023,2023,2,70983.01,41651.55,33.88
Kenya,3/1/2023,2023,3,70939.9,42450.34,35.77
Kenya,4/1/2023,2023,4,71371.62,44074.75,28.71
Kenya,5/1/2023,2023,5,72108.76,44868.22,15.82
Kenya,6/1/2023,2023,6,71465.01,44222.92,10.05
Kenya,7/1/2023,2023,7,71902.08,44620.65,4.6
Kenya,8/1/2023,2023,8,71971.63,45895.7,5.79
Kenya,9/1/2023,2023,9,71404.7,45898.42,2.73
Kenya,10/1/2023,2023,10,71477.39,45412.51,1.66
Kenya,11/1/2023,2023,11,70716.52,44823.28,5.97
Kenya,12/1/2023,2023,12,71194.81,45442.42,6.88
Kenya,1/1/2023,2023,1,72619.54,51359.77,35.24
Kenya,2/1/2023,2023,2,72417.99,51595.61,33.93
Kenya,3/1/2023,2023,3,72580.37,52952.4,34.76
Kenya,4/1/2023,2023,4,70891.62,50154.88,22.75
Kenya,5/1/2023,2023,5,70552.45,50557.93,9.65
Kenya,6/1/2023,2023,6,73001.11,56139.41,6.98
Kenya,7/1/2023,2023,7,72607.47,55647.66,2.33
Kenya,8/1/2023,2023,8,72575.14,55847.13,0.07
Kenya,9/1/2023,2023,9,70373.65,51855.9,-4.91
Kenya,10/1/2023,2023,10,72063.92,55888.84,1.57
Kenya,11/1/2023,2023,11,70177.75,52620.2,-0.05
Kenya,12/1/2023,2023,12,70938.76,54137.08,1.94
Kenya,1/1/2023,2023,1,81057.9,47588.95,20.34
Kenya,2/1/2023,2023,2,81807.21,48863.55,24.76
Kenya,3/1/2023,2023,3,79881.9,48166.18,21.59
Kenya,4/1/2023,2023,4,80959.92,50184.66,17.75
Kenya,5/1/2023,2023,5,80988.31,50743.78,7.87
Kenya,6/1/2023,2023,6,84143.63,54748.52,13.66
Kenya,7/1/2023,2023,7,81881.03,52614.25,6.01
Kenya,8/1/2023,2023,8,82265.75,53679.28,1.56
Kenya,9/1/2023,2023,9,81749.21,54049.9,1.77
Kenya,10/1/2023,2023,10,80974.7,54033.81,5.03
Kenya,11/1/2023,2023,11,80224.79,53521.6,6.73
Kenya,12/1/2023,2023,12,80970.58,54322.11,8.18
Kenya,1/1/2023,2023,1,79128,53008.6,33.27
Kenya,2/1/2023,2023,2,79402.03,52438.66,32.1
Kenya,3/1/2023,2023,3,79656.09,54068.03,39.21
Kenya,4/1/2023,2023,4,79367.34,54872.94,26.03
Kenya,5/1/2023,2023,5,79324.63,56422.93,14.69
Kenya,6/1/2023,2023,6,78704.25,56389.85,6.39
Kenya,7/1/2023,2023,7,78876.21,56240.05,5.11
Kenya,8/1/2023,2023,8,78444.21,56886.59,1.81
Kenya,9/1/2023,2023,9,78446.39,56716.76,-1.5
Kenya,10/1/2023,2023,10,76938.49,55088.89,-0.02
Kenya,11/1/2023,2023,11,78693,56757.14,2.87
Kenya,12/1/2023,2023,12,78089.81,57481.07,8.13
Kenya,1/1/2023,2023,1,89054.75,50691.05,-0.06
Kenya,2/1/2023,2023,2,90074.96,52573.77,2.42
Kenya,3/1/2023,2023,3,89364.92,52571.53,2.19
Kenya,4/1/2023,2023,4,89455.94,53273.67,-0.61
Kenya,5/1/2023,2023,5,88729.47,53629.23,6.07
Kenya,6/1/2023,2023,6,89388,54224.04,4.74
Kenya,7/1/2023,2023,7,89203.63,54248.93,2.78
Kenya,8/1/2023,2023,8,89276.23,55012.5,2.6
Kenya,9/1/2023,2023,9,88991.23,55021.1,1.88
Kenya,10/1/2023,2023,10,88902.8,55149.86,6.08
Kenya,11/1/2023,2023,11,88589.28,55402.73,5.36
Kenya,12/1/2023,2023,12,88717.96,55707.54,6.15
Kenya,1/1/2023,2023,1,87762.54,54835.12,15.01
Kenya,2/1/2023,2023,2,88450.9,54178.93,18.88
Kenya,3/1/2023,2023,3,88745.6,55297.81,21.29
Kenya,4/1/2023,2023,4,88201.33,56075.04,14.59
Kenya,5/1/2023,2023,5,88822.92,56817.1,10.5
Kenya,6/1/2023,2023,6,86563.79,56474.43,5.99
Kenya,7/1/2023,2023,7,87625.08,58045.27,7.9
Kenya,8/1/2023,2023,8,89902.22,59782.98,5.71
Kenya,9/1/2023,2023,9,89596.73,60916.15,4.1
Kenya,10/1/2023,2023,10,89044.1,60441.66,8.2
Kenya,11/1/2023,2023,11,88984.84,61160.98,9.56
Kenya,12/1/2023,2023,12,88463.07,60065.34,6.46
Kenya,1/1/2023,2023,1,91801.37,55669.63,8.33
Kenya,2/1/2023,2023,2,88860.9,53932.45,4.81
Kenya,3/1/2023,2023,3,90104.84,55110.62,9.55
Kenya,4/1/2023,2023,4,90613.16,56731.71,8.04
Kenya,5/1/2023,2023,5,89749.34,57452.79,2.56
Kenya,6/1/2023,2023,6,89691.3,57099.17,3.95
Kenya,7/1/2023,2023,7,88922.29,57486.36,4.09
Kenya,8/1/2023,2023,8,89171.26,58314.57,2.83
Kenya,9/1/2023,2023,9,88680.18,57716.32,0.32
Kenya,10/1/2023,2023,10,87547.85,57254.42,1.14
Kenya,11/1/2023,2023,11,87820.28,57775.66,1.93
Kenya,12/1/2023,2023,12,87795.39,57615.65,2.03
Kenya,1/1/2023,2023,1,68883.91,48886.39,26.62
Kenya,2/1/2023,2023,2,69483.43,48897.78,25.8
Kenya,3/1/2023,2023,3,68957.8,48853.3,24.32
Kenya,4/1/2023,2023,4,68465.72,49426.26,12.63
Kenya,5/1/2023,2023,5,68048.06,50520.51,6.28
Kenya,6/1/2023,2023,6,68605.83,51730.03,5.39
Kenya,7/1/2023,2023,7,68546.41,52060.46,3.47
Kenya,8/1/2023,2023,8,68887.26,52273.38,-6.6
Kenya,9/1/2023,2023,9,68598.84,52141.91,-2.66
Kenya,10/1/2023,2023,10,67939.75,52182.86,-0.36
Kenya,11/1/2023,2023,11,68155.42,52551.99,-2.52
Kenya,12/1/2023,2023,12,67984.33,52691.45,3.05
Kenya,1/1/2023,2023,1,69095.23,45296.46,18.35
Kenya,2/1/2023,2023,2,68029.21,43793.85,14.96
Kenya,3/1/2023,2023,3,67942.78,43786.1,15.9
Kenya,4/1/2023,2023,4,69444.09,46516.25,17.08
Kenya,5/1/2023,2023,5,69456.27,47027.77,12.07
Kenya,6/1/2023,2023,6,69945.62,47999.4,8.37
Kenya,7/1/2023,2023,7,69552.7,47695.68,4.9
Kenya,8/1/2023,2023,8,69460.39,48212.74,2.02
Kenya,9/1/2023,2023,9,70015.07,48836.71,3.88
Kenya,10/1/2023,2023,10,68820.02,47499.84,2.11
Kenya,11/1/2023,2023,11,69092.81,47829.49,8.08
Kenya,12/1/2023,2023,12,69279.07,47776.71,7.24
Kenya,1/1/2023,2023,1,79257.66,50938.99,26.89
Kenya,2/1/2023,2023,2,79200.21,50928.59,27.01
Kenya,3/1/2023,2023,3,76761.06,50531.57,27.55
Kenya,4/1/2023,2023,4,78276.28,52866.47,22.95
Kenya,5/1/2023,2023,5,78088.98,53561.72,12.72
Kenya,6/1/2023,2023,6,78939.05,55117.26,8.88
Kenya,7/1/2023,2023,7,79664.15,55984.32,7.23
Kenya,8/1/2023,2023,8,80584.14,56964.7,5.62
Kenya,9/1/2023,2023,9,79474.45,56484.05,3.37
Kenya,10/1/2023,2023,10,80165.63,57196.8,7.78
Kenya,11/1/2023,2023,11,77959.88,55867.54,5.49
Kenya,12/1/2023,2023,12,78952.64,56716.46,6.23
Kenya,1/1/2023,2023,1,68356.73,46458.49,27.61
Kenya,2/1/2023,2023,2,68905.04,47777.72,26.79
Kenya,3/1/2023,2023,3,68962.64,49095.34,30.41
Kenya,4/1/2023,2023,4,68639.09,49139.56,13.15
Kenya,5/1/2023,2023,5,69771.03,52225.85,8.66
Kenya,6/1/2023,2023,6,68505.22,50717.3,5.87
Kenya,7/1/2023,2023,7,68862.18,50761.77,2.69
Kenya,8/1/2023,2023,8,68690.36,51983.67,-1.34
Kenya,9/1/2023,2023,9,68861.3,52808.55,-0.84
Kenya,10/1/2023,2023,10,68960.16,53339.77,1.13
Kenya,11/1/2023,2023,11,67428.08,52696.57,5.7
Kenya,12/1/2023,2023,12,67687.79,53035.62,5.01
Kenya,1/1/2023,2023,1,67587.43,46446.53,28.17
Kenya,2/1/2023,2023,2,67670.55,44793.9,24.83
Kenya,3/1/2023,2023,3,67914.26,46367.45,22.73
Kenya,4/1/2023,2023,4,68264.94,48162.59,13.06
Kenya,5/1/2023,2023,5,69374.38,50375.05,7.81
Kenya,6/1/2023,2023,6,68565.47,50010.87,4.81
Kenya,7/1/2023,2023,7,68459.23,49946.75,2.1
Kenya,8/1/2023,2023,8,69079.16,51530.21,0.77
Kenya,9/1/2023,2023,9,68881.34,51146.81,-0.29
Kenya,10/1/2023,2023,10,68116.23,51165.3,1.96
Kenya,11/1/2023,2023,11,67207.32,51093.73,5.13
Kenya,12/1/2023,2023,12,67847.12,51794.02,5.53
Kenya,1/1/2023,2023,1,77964.81,49246.16,27.92
Kenya,2/1/2023,2023,2,77696.22,49504.59,25.42
Kenya,3/1/2023,2023,3,77156.47,49468.57,26.06
Kenya,4/1/2023,2023,4,77117.53,51033.33,19.72
Kenya,5/1/2023,2023,5,77633.7,51575.03,13.72
Kenya,6/1/2023,2023,6,76860.43,52389.28,10.87
Kenya,7/1/2023,2023,7,77474,53057.42,6.89
Kenya,8/1/2023,2023,8,77149.71,53711.13,1.8
Kenya,9/1/2023,2023,9,77511.62,54324.39,3.17
Kenya,10/1/2023,2023,10,77357.5,54496.95,5.55
Kenya,11/1/2023,2023,11,77325.88,54837.31,6.44
Kenya,12/1/2023,2023,12,75312.49,53820.93,7.03
Kenya,1/1/2023,2023,1,74499.69,57765.45,36.3
Kenya,2/1/2023,2023,2,74569.43,56881.55,20.85
Kenya,3/1/2023,2023,3,74076.25,58011.53,22.04
Kenya,4/1/2023,2023,4,72217.21,56189.32,9.59
Kenya,5/1/2023,2023,5,73104.84,57751.76,10.79
Kenya,6/1/2023,2023,6,71884.76,57228.38,6.47
Kenya,7/1/2023,2023,7,74076.57,61359.63,4.28
Kenya,8/1/2023,2023,8,74099.08,60846.7,-0.07
Kenya,9/1/2023,2023,9,73997.29,61983.12,1.41
Kenya,10/1/2023,2023,10,73134.33,61677.2,1.37
Kenya,11/1/2023,2023,11,73875.86,62074.91,5.74
Kenya,12/1/2023,2023,12,73670.95,61479.68,2.9
Kenya,1/1/2023,2023,1,69984.6,47881.76,25.33
Kenya,2/1/2023,2023,2,70200.98,48138.35,24.94
Kenya,3/1/2023,2023,3,69949.9,49165.75,25.34
Kenya,4/1/2023,2023,4,70974.68,51078.2,16.69
Kenya,5/1/2023,2023,5,71030.98,51730.06,7.52
Kenya,6/1/2023,2023,6,70415.26,51690.41,5.46
Kenya,7/1/2023,2023,7,70334.94,51356.05,2.35
Kenya,8/1/2023,2023,8,70043.04,52647.05,-0.14
Kenya,9/1/2023,2023,9,69599.42,52692.87,0.41
Kenya,10/1/2023,2023,10,69969.53,53534.2,2.69
Kenya,11/1/2023,2023,11,69269.45,53037.98,3.42
Kenya,12/1/2023,2023,12,69348.21,52567.85,4.32
Kenya,1/1/2023,2023,1,87801.08,57174.89,45.65
Kenya,2/1/2023,2023,2,86942.55,56649.6,39.25
Kenya,3/1/2023,2023,3,86233.91,56528.72,42.1
Kenya,4/1/2023,2023,4,88442.59,60425.69,37.13
Kenya,5/1/2023,2023,5,87437.38,60834.97,21.34
Kenya,6/1/2023,2023,6,87361.33,61155.76,9.7
Kenya,7/1/2023,2023,7,87450.44,61167.94,5.68
Kenya,8/1/2023,2023,8,85649.27,59135.84,-2.38
Kenya,9/1/2023,2023,9,86353.82,60908.24,-2.87
Kenya,10/1/2023,2023,10,85103.62,59148.56,3.34
Kenya,11/1/2023,2023,11,85534.46,60510.25,6.28
Kenya,12/1/2023,2023,12,85189.42,59532.21,4.11
Kenya,1/1/2023,2023,1,71484.22,47129.67,25.76
Kenya,2/1/2023,2023,2,71290.23,46491.52,22.06
Kenya,3/1/2023,2023,3,71770.28,47960.83,24.28
Kenya,4/1/2023,2023,4,71017.81,49241.83,16.59
Kenya,5/1/2023,2023,5,71256.33,50461.84,7.55
Kenya,6/1/2023,2023,6,71141.06,51632.98,7.72
Kenya,7/1/2023,2023,7,71141.7,50810.52,1.53
Kenya,8/1/2023,2023,8,71225.28,51337.35,-2.78
Kenya,9/1/2023,2023,9,70501.29,50402.34,-3.69
Kenya,10/1/2023,2023,10,70882.31,51603.55,-1.29
Kenya,11/1/2023,2023,11,70817.75,50999.68,4.29
Kenya,12/1/2023,2023,12,70857.83,51386.7,4.47
Kenya,1/1/2023,2023,1,71494.55,44713.11,24.75
Kenya,2/1/2023,2023,2,71694.55,45217.89,23.87
Kenya,3/1/2023,2023,3,71499.71,45010.5,23.36
Kenya,4/1/2023,2023,4,71057.77,46928.48,18.62
Kenya,5/1/2023,2023,5,70439.29,47708.99,6.17
Kenya,6/1/2023,2023,6,71470.68,49040.65,8.59
Kenya,7/1/2023,2023,7,70458.79,48174.74,2.98
Kenya,8/1/2023,2023,8,70649.45,48680.94,0.25
Kenya,9/1/2023,2023,9,70622.92,49156.73,0.3
Kenya,10/1/2023,2023,10,70807,49438.16,2.04
Kenya,11/1/2023,2023,11,70776.23,49657.14,5.57
Kenya,12/1/2023,2023,12,70429.56,49497.08,4
Kenya,1/1/2023,2023,1,77444.16,45864.6,14.08
Kenya,2/1/2023,2023,2,79190.68,47146.93,18.99
Kenya,3/1/2023,2023,3,77000.92,46357.54,17.85
Kenya,4/1/2023,2023,4,78392.58,47806.82,11.7
Kenya,5/1/2023,2023,5,78401.91,48285.26,5.93
Kenya,6/1/2023,2023,6,77552.74,47369.78,3.22
Kenya,7/1/2023,2023,7,77617.59,47755.81,3.02
Kenya,8/1/2023,2023,8,79241.84,49604.52,2.12
Kenya,9/1/2023,2023,9,77462.76,48686.94,0.25
Kenya,10/1/2023,2023,10,77637.87,49363.96,3.21
Kenya,11/1/2023,2023,11,78637.94,50888.05,5.89
Kenya,12/1/2023,2023,12,77122.74,50571.74,4.03
Kenya,1/1/2023,2023,1,68804.78,40662.13,33.44
Kenya,2/1/2023,2023,2,68800.43,40945.99,31.67
Kenya,3/1/2023,2023,3,70214.85,42940.3,35.39
Kenya,4/1/2023,2023,4,70281.78,44215.82,31.87
Kenya,5/1/2023,2023,5,70571.15,46041.72,22.58
Kenya,6/1/2023,2023,6,71066.48,46866.69,13.79
Kenya,7/1/2023,2023,7,70744.18,46997.08,10.28
Kenya,8/1/2023,2023,8,70700.5,47070.69,9.03
Kenya,9/1/2023,2023,9,70952.82,48450.88,8.2
Kenya,10/1/2023,2023,10,70907.54,48280.41,10.31
Kenya,11/1/2023,2023,11,71000.65,49405.39,12.96
Kenya,12/1/2023,2023,12,70826.18,49317.81,12.15
Kenya,1/1/2023,2023,1,78093.02,49155.95,22.28
Kenya,2/1/2023,2023,2,78839.35,50491.88,25
Kenya,3/1/2023,2023,3,76712.73,49539.06,22.83
Kenya,4/1/2023,2023,4,78031.88,51166.75,20.54
Kenya,5/1/2023,2023,5,78970.26,52318.13,8.67
Kenya,6/1/2023,2023,6,78467.64,52895.04,5.52
Kenya,7/1/2023,2023,7,77005.21,51386.27,-0.58
Kenya,8/1/2023,2023,8,76606.84,51662.56,0.06
Kenya,9/1/2023,2023,9,76863.19,52214.68,-0.6
Kenya,10/1/2023,2023,10,77492.28,52814.96,2.29
Kenya,11/1/2023,2023,11,77200.28,53603.58,3.56
Kenya,12/1/2023,2023,12,76330.99,53003.57,3.91
Kenya,1/1/2023,2023,1,87732.6,58005.57,33.01
Kenya,2/1/2023,2023,2,87392.29,57409.08,33.05
Kenya,3/1/2023,2023,3,86212.56,57413.45,32.02
Kenya,4/1/2023,2023,4,86431.05,61268.94,29.02
Kenya,5/1/2023,2023,5,86708.6,62478.89,16.47
Kenya,6/1/2023,2023,6,86608.35,63052.99,14.04
Kenya,7/1/2023,2023,7,86646.53,63402.44,4.61
Kenya,8/1/2023,2023,8,85404.63,62567.25,-0.14
Kenya,9/1/2023,2023,9,84829.45,63960.54,1.81
Kenya,10/1/2023,2023,10,85555.9,65626.74,4.77
Kenya,11/1/2023,2023,11,83934.88,64778.81,5.32
Kenya,12/1/2023,2023,12,85070.68,65695.93,6.16
Kenya,1/1/2023,2023,1,77787.62,50205.05,30.69
Kenya,2/1/2023,2023,2,80423.31,52021.79,33.6
Kenya,3/1/2023,2023,3,79049.49,51502.63,34.75
Kenya,4/1/2023,2023,4,78368.22,52850.94,21.72
Kenya,5/1/2023,2023,5,79424.58,55265.7,10.79
Kenya,6/1/2023,2023,6,79102.82,55359.8,10.12
Kenya,7/1/2023,2023,7,78997.7,55897.61,4.56
Kenya,8/1/2023,2023,8,78199.13,55336.22,-0.85
Kenya,9/1/2023,2023,9,77994.65,56186.94,-0.48
Kenya,10/1/2023,2023,10,78085.87,56545.58,4
Kenya,11/1/2023,2023,11,78058.91,57126.6,6.54
Kenya,12/1/2023,2023,12,77911.79,57840.39,6.31
Kenya,1/1/2023,2023,1,73229.43,46382.15,15.77
Kenya,2/1/2023,2023,2,73190.4,46580.22,16.02
Kenya,3/1/2023,2023,3,72712.03,46337.67,18.11
Kenya,4/1/2023,2023,4,72740.19,47359.39,14.43
Kenya,5/1/2023,2023,5,73977.06,48508.79,11.79
Kenya,6/1/2023,2023,6,73762.54,48826.87,7.24
Kenya,7/1/2023,2023,7,74417.56,49942.1,6.64
Kenya,8/1/2023,2023,8,72939.21,48933.53,0.17
Kenya,9/1/2023,2023,9,73876.17,50053.24,1.22
Kenya,10/1/2023,2023,10,73628.84,50228.77,4.12
Kenya,11/1/2023,2023,11,72019.03,48534.46,3.29
Kenya,12/1/2023,2023,12,70972.58,47809.1,0.72
Kenya,1/1/2023,2023,1,70383.61,50347.94,30.44
Kenya,2/1/2023,2023,2,70595.92,50100.86,29.7
Kenya,3/1/2023,2023,3,71068.89,51604.83,29.69
Kenya,4/1/2023,2023,4,70995.19,53551.93,17.74
Kenya,5/1/2023,2023,5,71271.96,55463.89,7.86
Kenya,6/1/2023,2023,6,72210.28,55700.4,8.44
Kenya,7/1/2023,2023,7,70125.34,52994.02,2.31
Kenya,8/1/2023,2023,8,70920.81,55139.8,-1.33
Kenya,9/1/2023,2023,9,70577.7,55183.48,0.38
Kenya,10/1/2023,2023,10,70182.03,55137.45,-0.49
Kenya,11/1/2023,2023,11,70289.46,55720.84,3.63
Kenya,12/1/2023,2023,12,69999.86,55662.32,3.69
Kenya,1/1/2023,2023,1,77006.37,51419.79,30.94
Kenya,2/1/2023,2023,2,77307.83,53129.33,32.01
Kenya,3/1/2023,2023,3,76375.64,52383.77,37.77
Kenya,4/1/2023,2023,4,74513.56,52805.18,24.05
Kenya,5/1/2023,2023,5,76703.43,55942.48,13.76
Kenya,6/1/2023,2023,6,74677,55075.01,6.03
Kenya,7/1/2023,2023,7,75760.3,56936.63,6.92
Kenya,8/1/2023,2023,8,75170.35,56519.13,3.44
Kenya,9/1/2023,2023,9,74630.47,57349.5,2.33
Kenya,10/1/2023,2023,10,74185.47,57028.02,4.79
Kenya,11/1/2023,2023,11,74299.98,57456.24,5.33
Kenya,12/1/2023,2023,12,73822.19,56859.3,5.75
Kenya,1/1/2023,2023,1,73127.43,50437.77,26.88
Kenya,2/1/2023,2023,2,72888.58,50245.37,29.72
Kenya,3/1/2023,2023,3,73278.29,51877.54,30.17
Kenya,4/1/2023,2023,4,73133.23,52547.95,15.78
Kenya,5/1/2023,2023,5,72399.09,54319.38,7.66
Kenya,6/1/2023,2023,6,72209.7,54695.15,8.37
Kenya,7/1/2023,2023,7,71913.76,53919.94,2.33
Kenya,8/1/2023,2023,8,72722.47,56213.07,2.05
Kenya,9/1/2023,2023,9,72249.8,55674.86,1.36
Kenya,10/1/2023,2023,10,71011.85,54387.54,0.45
Kenya,11/1/2023,2023,11,70913.95,54208.48,2.55
Kenya,12/1/2023,2023,12,71503.62,55131.28,2.98
Kenya,1/1/2023,2023,1,80346.12,37898.99,-0.07
Kenya,2/1/2023,2023,2,80485.05,38342.05,0.75
Kenya,3/1/2023,2023,3,80217.69,38602.21,1.27
Kenya,4/1/2023,2023,4,80010.01,39643.52,3.84
Kenya,5/1/2023,2023,5,79419.72,39700.96,2.6
Kenya,6/1/2023,2023,6,78956.77,39774.26,1.54
Kenya,7/1/2023,2023,7,78920.91,39812.4,0.63
Kenya,8/1/2023,2023,8,78892.27,39998.29,2.95
Kenya,9/1/2023,2023,9,78706.77,40193.45,1.84
Kenya,10/1/2023,2023,10,78215.53,40055.5,1.52
Kenya,11/1/2023,2023,11,78757.57,40633.13,2.55
Kenya,12/1/2023,2023,12,78479.54,40757.85,3.29
Kenya,1/1/2023,2023,1,75544.34,47486.61,15.57
Kenya,2/1/2023,2023,2,75500.8,47522.6,18.34
Kenya,3/1/2023,2023,3,74404.89,48057.02,17.67
Kenya,4/1/2023,2023,4,75166.02,49677.4,13.55
Kenya,5/1/2023,2023,5,75476.71,50683.74,7.1
Kenya,6/1/2023,2023,6,75615.53,51130.29,5.28
Kenya,7/1/2023,2023,7,75497.41,51427.18,3.7
Kenya,8/1/2023,2023,8,75468.43,52398.35,4.51
Kenya,9/1/2023,2023,9,73937.15,50912.74,-0.33
Kenya,10/1/2023,2023,10,74340.02,51878.94,2.3
Kenya,11/1/2023,2023,11,74048.88,51681.63,4.78
Kenya,12/1/2023,2023,12,73542.7,51479.22,4.27
Kenya,1/1/2023,2023,1,78006.66,50014.09,32.45
Kenya,2/1/2023,2023,2,78072.69,50349.92,30.15
Kenya,3/1/2023,2023,3,77059.64,51146.3,36.72
Kenya,4/1/2023,2023,4,75760.3,52791.06,20.59
Kenya,5/1/2023,2023,5,75467.47,52777.7,9.7
Kenya,6/1/2023,2023,6,76849.54,54476.3,6.87
Kenya,7/1/2023,2023,7,75500.11,52962.88,2.6
Kenya,8/1/2023,2023,8,76040.7,53803.84,1.06
Kenya,9/1/2023,2023,9,75558.61,54232.73,-0.21
Kenya,10/1/2023,2023,10,75558.71,54077.12,3.6
Kenya,11/1/2023,2023,11,76131.86,55531.52,6.67
Kenya,12/1/2023,2023,12,76108.36,55408.23,5.09
Kenya,1/1/2023,2023,1,68212.01,42306.86,13.52
Kenya,2/1/2023,2023,2,68775.89,43090.44,19.27
Kenya,3/1/2023,2023,3,67583.67,42776.57,18.59
Kenya,4/1/2023,2023,4,68771.9,43910.95,14.19
Kenya,5/1/2023,2023,5,69865.43,44986.54,8.06
Kenya,6/1/2023,2023,6,69219.07,45180.9,8.36
Kenya,7/1/2023,2023,7,68577.18,44946.59,3.29
Kenya,8/1/2023,2023,8,69414.93,45586.84,3.05
Kenya,9/1/2023,2023,9,69370.76,45886.56,2.54
Kenya,10/1/2023,2023,10,67850.83,45502.23,3.16
Kenya,11/1/2023,2023,11,68434.44,46639.03,5.56
Kenya,12/1/2023,2023,12,67916.13,46379.71,4.55
Kenya,1/1/2023,2023,1,69703.6,41227.29,33.7
Kenya,2/1/2023,2023,2,69782.87,41460.1,33.4
Kenya,3/1/2023,2023,3,70009.59,42389.98,34.02
Kenya,4/1/2023,2023,4,69666.95,44187.94,25.1
Kenya,5/1/2023,2023,5,71035.57,46565.04,15.17
Kenya,6/1/2023,2023,6,70487.18,46360.43,12.23
Kenya,7/1/2023,2023,7,70609.59,47159.4,10.37
Kenya,8/1/2023,2023,8,70175.27,46529.05,7.55
Kenya,9/1/2023,2023,9,70429.66,48061.86,8.29
Kenya,10/1/2023,2023,10,71342.22,48945,10.36
Kenya,11/1/2023,2023,11,71380.37,49762.66,13.22
Kenya,12/1/2023,2023,12,71490.69,50853.35,14.57
Kenya,1/1/2023,2023,1,90468.22,53270.67,6.13
Kenya,2/1/2023,2023,2,90562.7,54860.23,7.11
Kenya,3/1/2023,2023,3,90222.01,54428.84,6.9
Kenya,4/1/2023,2023,4,90147.7,55195.25,5.95
Kenya,5/1/2023,2023,5,90007.88,55438.59,0.81
Kenya,6/1/2023,2023,6,89990.78,56196.35,3.66
Kenya,7/1/2023,2023,7,89581.95,56565.91,3.86
Kenya,8/1/2023,2023,8,88820.67,56775.81,1.68
Kenya,9/1/2023,2023,9,88771.45,56610.76,-0.47
Kenya,10/1/2023,2023,10,87905.54,56332.11,0.5
Kenya,11/1/2023,2023,11,89145.24,57046.79,1.46
Kenya,12/1/2023,2023,12,88340.4,56759.82,2.19
Kenya,1/1/2023,2023,1,79547.11,50423.64,14.59
Kenya,2/1/2023,2023,2,79594.74,50860.8,15.11
Kenya,3/1/2023,2023,3,79319.53,51567.19,18.68
Kenya,4/1/2023,2023,4,78482.75,52181.25,12.98
Kenya,5/1/2023,2023,5,79119.33,53268.42,9.19
Kenya,6/1/2023,2023,6,79828.97,53323.71,6.99
Kenya,7/1/2023,2023,7,79360.69,53992.63,1.34
Kenya,8/1/2023,2023,8,79833.09,55099.11,3.86
Kenya,9/1/2023,2023,9,79440.69,54231.15,1.39
Kenya,10/1/2023,2023,10,79004.37,55045.84,3.34
Kenya,11/1/2023,2023,11,78967.39,54955.59,5.51
Kenya,12/1/2023,2023,12,79123.37,56025.59,5.46
Kenya,1/1/2023,2023,1,76324.36,52814.16,29.4
Kenya,2/1/2023,2023,2,75197.11,50755.49,30.64
Kenya,3/1/2023,2023,3,74971.27,51765.01,32.95
Kenya,4/1/2023,2023,4,74826.24,54193.96,27.7
Kenya,5/1/2023,2023,5,74080.89,54576.8,11.12
Kenya,6/1/2023,2023,6,74187.95,55487.36,6.57
Kenya,7/1/2023,2023,7,73918.26,55201.84,2.51
Kenya,8/1/2023,2023,8,74303.99,55345.72,1.99
Kenya,9/1/2023,2023,9,72681.4,55206.64,-1.55
Kenya,10/1/2023,2023,10,73261.86,54933.96,0.81
Kenya,11/1/2023,2023,11,74056.68,57213.56,4.35
Kenya,12/1/2023,2023,12,73335.02,56882.65,4.06
Kenya,1/1/2023,2023,1,81354.4,48125.87,21.05
Kenya,2/1/2023,2023,2,82556.02,49187.93,23.48
Kenya,3/1/2023,2023,3,80339.01,49016.85,26.43
Kenya,4/1/2023,2023,4,82485.29,50407.57,16.6
Kenya,5/1/2023,2023,5,84701.69,53818.64,14.9
Kenya,6/1/2023,2023,6,83033.52,51622.14,7.55
Kenya,7/1/2023,2023,7,84262.83,53999.54,9.83
Kenya,8/1/2023,2023,8,83436.03,53672.86,7.18
Kenya,9/1/2023,2023,9,82634.54,54187.2,4.36
Kenya,10/1/2023,2023,10,83056.03,54566.22,7.54
Kenya,11/1/2023,2023,11,82729.68,54781.27,8.92
Kenya,12/1/2023,2023,12,83330.29,55068.64,9.74
Kenya,1/1/2023,2023,1,68907.46,51677.85,37.82
Kenya,2/1/2023,2023,2,67451.2,46748.91,31.15
Kenya,3/1/2023,2023,3,67481.7,47189.49,29.38
Kenya,4/1/2023,2023,4,66158.64,48446.48,17.56
Kenya,5/1/2023,2023,5,66054.1,49298.22,9.39
Kenya,6/1/2023,2023,6,65910.95,50585.92,9.78
Kenya,7/1/2023,2023,7,66172.06,51164.45,3.66
Kenya,8/1/2023,2023,8,66513.85,51576.87,2.93
Kenya,9/1/2023,2023,9,66022.25,51222.98,1.22
Kenya,10/1/2023,2023,10,65377.63,49860.1,2.78
Kenya,11/1/2023,2023,11,65549.09,50334.42,4.15
Kenya,12/1/2023,2023,12,65449.62,51382.06,5.15
Kenya,1/1/2023,2023,1,83107.5,49490.85,23.17
Kenya,2/1/2023,2023,2,82860.63,50043.71,22.7
Kenya,3/1/2023,2023,3,82319.7,49855.81,24.08
Kenya,4/1/2023,2023,4,82541.9,51055.43,14.98
Kenya,5/1/2023,2023,5,83396.51,53325.51,15.05
Kenya,6/1/2023,2023,6,83700.37,55889.05,13.16
Kenya,7/1/2023,2023,7,82747.78,53809.32,7.54
Kenya,8/1/2023,2023,8,83666.74,55306.61,7.81
Kenya,9/1/2023,2023,9,83457.14,55206.96,3.98
Kenya,10/1/2023,2023,10,82690.76,55097.91,8.39
Kenya,11/1/2023,2023,11,82928.74,55433.48,10.35
Kenya,12/1/2023,2023,12,81154.85,54427.69,6.63
Kenya,1/1/2023,2023,1,71013.03,43043.7,30.76
Kenya,2/1/2023,2023,2,71356.67,42518.76,29.71
Kenya,3/1/2023,2023,3,70898.26,42548.16,30.53
Kenya,4/1/2023,2023,4,71058.5,44291.83,20.35
Kenya,5/1/2023,2023,5,70978.36,45179.98,11.21
Kenya,6/1/2023,2023,6,70890.53,45866.55,8.58
Kenya,7/1/2023,2023,7,71766.44,47296.2,8.22
Kenya,8/1/2023,2023,8,72422.36,47459.55,5.48
Kenya,9/1/2023,2023,9,71757.2,47754.56,4.3
Kenya,10/1/2023,2023,10,71313.69,47432.47,5.14
Kenya,11/1/2023,2023,11,71343.83,48166.34,8.84
Kenya,12/1/2023,2023,12,70862.17,48106.18,7.57
Kenya,1/1/2023,2023,1,74317.35,50159.35,34.28
Kenya,2/1/2023,2023,2,74287.38,50604.98,32.29
Kenya,3/1/2023,2023,3,74365.86,50355.32,31.6
Kenya,4/1/2023,2023,4,72479.73,50743.94,13.54
Kenya,5/1/2023,2023,5,73424.86,53764.43,7.38
Kenya,6/1/2023,2023,6,73034.39,53898.89,6.41
Kenya,7/1/2023,2023,7,72860.49,54018.07,-0.12
Kenya,8/1/2023,2023,8,72826.62,54119.36,-2.28
Kenya,9/1/2023,2023,9,72901.56,54788.8,-0.62
Kenya,10/1/2023,2023,10,72048.42,52934.33,-3.27
Kenya,11/1/2023,2023,11,72760.77,54077.31,1
Kenya,12/1/2023,2023,12,72399.78,54801.94,2.48
Kenya,1/1/2023,2023,1,78610.24,49659.35,29.23
Kenya,2/1/2023,2023,2,77108.2,49060.97,24.68
Kenya,3/1/2023,2023,3,77109.31,49896.51,30.68
Kenya,4/1/2023,2023,4,75970.21,49955.02,15.97
Kenya,5/1/2023,2023,5,76279.15,51695.94,9.71
Kenya,6/1/2023,2023,6,76070.15,51814.12,8.93
Kenya,7/1/2023,2023,7,75849,51589.11,4.8
Kenya,8/1/2023,2023,8,75753.52,52543.77,-0.59
Kenya,9/1/2023,2023,9,75799.8,52640.2,0.92
Kenya,10/1/2023,2023,10,74921.56,52221.67,2.41
Kenya,11/1/2023,2023,11,74512.74,52518.55,2.48
Kenya,12/1/2023,2023,12,74169.29,51916.47,1.51
Kenya,1/1/2023,2023,1,76434.56,48139.85,29.46
Kenya,2/1/2023,2023,2,76729.78,48376.91,25.93
Kenya,3/1/2023,2023,3,74640.19,47397.57,27.5
Kenya,4/1/2023,2023,4,76788.28,50651.32,21.97
Kenya,5/1/2023,2023,5,77089.19,51889.58,13.75
Kenya,6/1/2023,2023,6,75784.3,51514.42,9.95
Kenya,7/1/2023,2023,7,76005.88,52020.52,5.49
Kenya,8/1/2023,2023,8,74896.99,51550.8,2.38
Kenya,9/1/2023,2023,9,75752.59,52191.8,1.67
Kenya,10/1/2023,2023,10,74359.6,51922.79,2.24
Kenya,11/1/2023,2023,11,74887.26,52625.47,6.29
Kenya,12/1/2023,2023,12,74674.78,53005.75,7.02
Kenya,1/1/2023,2023,1,71001.34,41060.3,29.08
Kenya,2/1/2023,2023,2,72174.62,41938.88,32.18
Kenya,3/1/2023,2023,3,71878.26,42075.44,30.55
Kenya,4/1/2023,2023,4,73279.38,45095.94,25.33
Kenya,5/1/2023,2023,5,73432.6,46496.62,20.01
Kenya,6/1/2023,2023,6,71153.43,45357.48,7.78
Kenya,7/1/2023,2023,7,72009.2,45991.9,8.43
Kenya,8/1/2023,2023,8,72498.53,46051.33,3.26
Kenya,9/1/2023,2023,9,72525.46,47349.96,5.4
Kenya,10/1/2023,2023,10,72363.06,47233.51,6.94
Kenya,11/1/2023,2023,11,71790.44,46815.32,8.2
Kenya,12/1/2023,2023,12,71485.68,47317.05,7.86
Kenya,1/1/2023,2023,1,71272.28,40502.16,37.9
Kenya,2/1/2023,2023,2,71702.88,42192.55,39.23
Kenya,3/1/2023,2023,3,70199.88,40406.85,35.7
Kenya,4/1/2023,2023,4,71933.88,42966.3,29.56
Kenya,5/1/2023,2023,5,72695.17,46460.29,25.66
Kenya,6/1/2023,2023,6,72747.71,46930.39,17.09
Kenya,7/1/2023,2023,7,72247.89,46334.74,11.39
Kenya,8/1/2023,2023,8,72544.19,46657.38,5.81
Kenya,9/1/2023,2023,9,71143.99,45126.64,3.95
Kenya,10/1/2023,2023,10,70799.65,45412.04,3.77
Kenya,11/1/2023,2023,11,70882.46,45755.92,8.28
Kenya,12/1/2023,2023,12,71056.95,47003.89,9.41
Kenya,1/1/2023,2023,1,83870.87,54304.15,18.95
Kenya,2/1/2023,2023,2,82318.6,53337.05,21.87
Kenya,3/1/2023,2023,3,81810.28,52875.04,18
Kenya,4/1/2023,2023,4,82487.84,55007.56,15.97
Kenya,5/1/2023,2023,5,81797.64,55121,10.3
Kenya,6/1/2023,2023,6,82058.26,56285.28,6.58
Kenya,7/1/2023,2023,7,83197.55,55871.05,4.19
Kenya,8/1/2023,2023,8,82343.3,56402,1.38
Kenya,9/1/2023,2023,9,81165.55,56369.99,1.11
Kenya,10/1/2023,2023,10,80882.89,56462.16,3.32
Kenya,11/1/2023,2023,11,81290.7,57355.68,5.03
Kenya,12/1/2023,2023,12,80760.75,57366.08,5.04
Kenya,1/1/2023,2023,1,68582.06,40951.09,29.92
Kenya,2/1/2023,2023,2,69664.58,41308.28,30.87
Kenya,3/1/2023,2023,3,70070.59,42596.01,32.88
Kenya,4/1/2023,2023,4,70132.92,44754.5,24.42
Kenya,5/1/2023,2023,5,70093.34,45344.22,12.03
Kenya,6/1/2023,2023,6,70382.35,46675.99,13.22
Kenya,7/1/2023,2023,7,70428.42,47148.01,10.04
Kenya,8/1/2023,2023,8,70831.69,47232.27,8.63
Kenya,9/1/2023,2023,9,71150.52,48883.96,7.71
Kenya,10/1/2023,2023,10,70396.43,48215.76,9.97
Kenya,11/1/2023,2023,11,71163.9,49826,14.95
Kenya,12/1/2023,2023,12,71410.59,50067.17,14.62
Kenya,1/1/2023,2023,1,69615.16,41059.09,31.79
Kenya,2/1/2023,2023,2,69859.23,41486.65,30.35
Kenya,3/1/2023,2023,3,69890.41,42707.71,33.29
Kenya,4/1/2023,2023,4,70535.65,44601.81,24.85
Kenya,5/1/2023,2023,5,70776.42,46627.97,14.03
Kenya,6/1/2023,2023,6,70618.8,46496.97,12.4
Kenya,7/1/2023,2023,7,70219.62,47014.54,9.07
Kenya,8/1/2023,2023,8,71064.3,47816.11,9.15
Kenya,9/1/2023,2023,9,71011.61,48616.39,10.39
Kenya,10/1/2023,2023,10,70365.25,48410.79,9.15
Kenya,11/1/2023,2023,11,70525.66,49386.92,11.71
Kenya,12/1/2023,2023,12,71058,49942,13.14
Kenya,1/1/2023,2023,1,69621.83,41223.41,31.11
Kenya,2/1/2023,2023,2,70515.41,41978.81,32.7
Kenya,3/1/2023,2023,3,69747.78,42802.72,33.12
Kenya,4/1/2023,2023,4,70377.31,45036.48,26.16
Kenya,5/1/2023,2023,5,70388.7,45662.66,13.23
Kenya,6/1/2023,2023,6,71191.92,47417.16,14.23
Kenya,7/1/2023,2023,7,70692.68,47020.93,10.06
Kenya,8/1/2023,2023,8,70921.32,47524.07,9.02
Kenya,9/1/2023,2023,9,70811.03,48432.17,10.3
Kenya,10/1/2023,2023,10,70838.03,49244.94,11.16
Kenya,11/1/2023,2023,11,70617.88,49390.53,13.14
Kenya,12/1/2023,2023,12,71279.42,50444.64,13.43
Kenya,1/1/2023,2023,1,69948.3,41005.91,33.41
Kenya,2/1/2023,2023,2,69657.25,41494.3,32.74
Kenya,3/1/2023,2023,3,70367.3,42693.99,35.1
Kenya,4/1/2023,2023,4,70770.1,44998.81,30.74
Kenya,5/1/2023,2023,5,70763.61,45774.8,19.08
Kenya,6/1/2023,2023,6,70803.44,46344.81,12.45
Kenya,7/1/2023,2023,7,70888.04,46791.42,10.37
Kenya,8/1/2023,2023,8,71032.79,47309.19,8.28
Kenya,9/1/2023,2023,9,71192.48,47887.03,8.64
Kenya,10/1/2023,2023,10,71349.53,49150.48,12.07
Kenya,11/1/2023,2023,11,72008.37,50616.37,15.53
Kenya,12/1/2023,2023,12,70673.73,49159.69,11.2
Kenya,1/1/2023,2023,1,83564.27,51227.3,29.57
Kenya,2/1/2023,2023,2,82500.76,50345.77,21.91
Kenya,3/1/2023,2023,3,81772.92,50832.64,27.76
Kenya,4/1/2023,2023,4,82554.29,51827,19.1
Kenya,5/1/2023,2023,5,84559.08,54695.76,17.73
Kenya,6/1/2023,2023,6,83373.9,55553.19,16.07
Kenya,7/1/2023,2023,7,82719.08,54906.83,8.14
Kenya,8/1/2023,2023,8,84228.3,54816.46,6.12
Kenya,9/1/2023,2023,9,83145.76,55499.44,1.15
Kenya,10/1/2023,2023,10,82096.12,55582.15,7.42
Kenya,11/1/2023,2023,11,82514.46,56139.62,10.27
Kenya,12/1/2023,2023,12,84777.44,59366.63,13.3
Kenya,1/1/2024,2024,1,74354.6,54516.09,5.22
Kenya,2/1/2024,2024,2,74963.04,54015.24,5.5
Kenya,3/1/2024,2024,3,76316.14,49633.57,2.93
Kenya,4/1/2024,2024,4,77757.08,50717.68,1.99
Kenya,5/1/2024,2024,5,78373.87,53201.52,3.38
Kenya,6/1/2024,2024,6,78875.5,53294.63,3.43
Kenya,7/1/2024,2024,7,78296.16,51728.73,1.18
Kenya,8/1/2024,2024,8,78571.41,51382.65,1.29
Kenya,9/1/2024,2024,9,79416.58,51833.35,1.55
Kenya,10/1/2024,2024,10,77635.33,49842.55,-1.3
Kenya,11/1/2024,2024,11,78039.92,50532.13,-0.41
Kenya,12/1/2024,2024,12,78398.51,49934.65,-0.11
Kenya,1/1/2024,2024,1,68406.76,58422.82,6.21
Kenya,2/1/2024,2024,2,68237.5,56849.69,5
Kenya,3/1/2024,2024,3,69158.78,54323.17,2.6
Kenya,4/1/2024,2024,4,70020.59,54972.66,1.27
Kenya,5/1/2024,2024,5,71250.25,56327.8,1.86
Kenya,6/1/2024,2024,6,69412.54,54755.09,0.33
Kenya,7/1/2024,2024,7,70099.62,54794.38,1.42
Kenya,8/1/2024,2024,8,71410.82,55820.38,1.99
Kenya,9/1/2024,2024,9,70135.59,54805.01,0.07
Kenya,10/1/2024,2024,10,70764.27,53989.46,-0.69
Kenya,11/1/2024,2024,11,71016.47,55152.07,2.85
Kenya,12/1/2024,2024,12,71109.46,54859.67,-0.38
Kenya,1/1/2024,2024,1,72605.61,53867.32,18.05
Kenya,2/1/2024,2024,2,71859.04,50704.32,13.16
Kenya,3/1/2024,2024,3,71763.92,46673.8,7.01
Kenya,4/1/2024,2024,4,71000.77,45070.56,0.39
Kenya,5/1/2024,2024,5,71801.76,45698.89,-0.48
Kenya,6/1/2024,2024,6,71501.7,44775.78,-3.37
Kenya,7/1/2024,2024,7,72050.72,45550.67,-2.45
Kenya,8/1/2024,2024,8,72012.8,45014.41,-3.3
Kenya,9/1/2024,2024,9,72394.65,45593.06,-4.38
Kenya,10/1/2024,2024,10,71649.36,44346.68,-6.19
Kenya,11/1/2024,2024,11,71905.48,44378.53,-6.89
Kenya,12/1/2024,2024,12,72548.24,45092.12,-4.96
Kenya,1/1/2024,2024,1,65119.03,55907.56,8.93
Kenya,2/1/2024,2024,2,65294.65,54755.55,6.65
Kenya,3/1/2024,2024,3,66211.75,51686.94,3.25
Kenya,4/1/2024,2024,4,66114.39,51304.03,0.87
Kenya,5/1/2024,2024,5,67143.94,52567.29,1.82
Kenya,6/1/2024,2024,6,66942.53,52862.76,1.76
Kenya,7/1/2024,2024,7,66946.67,52119.93,1.47
Kenya,8/1/2024,2024,8,67659.56,52357.48,-0.79
Kenya,9/1/2024,2024,9,67883.58,52083.14,0.2
Kenya,10/1/2024,2024,10,67449.02,51655.45,-0.89
Kenya,11/1/2024,2024,11,67801.19,52333.32,1.03
Kenya,12/1/2024,2024,12,67397.04,51812.48,-2.2
Kenya,1/1/2024,2024,1,72662.19,64635.08,8.24
Kenya,2/1/2024,2024,2,72689.77,62443.54,5.71
Kenya,3/1/2024,2024,3,73643.19,58966.96,2.35
Kenya,4/1/2024,2024,4,74031.53,59505.94,0.83
Kenya,5/1/2024,2024,5,74256.25,60326.63,0.25
Kenya,6/1/2024,2024,6,74828.16,59558.42,0.02
Kenya,7/1/2024,2024,7,75328.66,60219.07,-0.31
Kenya,8/1/2024,2024,8,74940.08,59629.78,-2.13
Kenya,9/1/2024,2024,9,75317.89,58937.02,-2.15
Kenya,10/1/2024,2024,10,74541.47,57496.47,-4.24
Kenya,11/1/2024,2024,11,75509.84,59318.04,-1.93
Kenya,12/1/2024,2024,12,74803.42,58797.58,-3.42
Kenya,1/1/2024,2024,1,80151.16,61283.02,7.89
Kenya,2/1/2024,2024,2,80496.96,59988.91,7.08
Kenya,3/1/2024,2024,3,81522.85,57608.91,1.38
Kenya,4/1/2024,2024,4,82878.78,58203.25,1.77
Kenya,5/1/2024,2024,5,83375.18,59602.63,1.5
Kenya,6/1/2024,2024,6,83254.21,59483.82,3.75
Kenya,7/1/2024,2024,7,83160,58382.33,2.32
Kenya,8/1/2024,2024,8,83780.87,58339.26,1.57
Kenya,9/1/2024,2024,9,83189.98,58097.79,1.88
Kenya,10/1/2024,2024,10,82715.32,57024.98,-1.84
Kenya,11/1/2024,2024,11,81902.41,56751.12,-3.64
Kenya,12/1/2024,2024,12,83063.33,57372.63,-0.76
Kenya,1/1/2024,2024,1,69419.08,51855.91,16.25
Kenya,2/1/2024,2024,2,69501.8,49157.15,11.66
Kenya,3/1/2024,2024,3,69183.38,45594.22,4.52
Kenya,4/1/2024,2024,4,70113.46,44997.86,1.92
Kenya,5/1/2024,2024,5,69340.74,44690.97,-0.38
Kenya,6/1/2024,2024,6,70240.18,44920.43,-0.37
Kenya,7/1/2024,2024,7,69794.19,44359.93,-2.57
Kenya,8/1/2024,2024,8,69952.5,44231.65,-2.72
Kenya,9/1/2024,2024,9,70696.79,44168.41,-5.01
Kenya,10/1/2024,2024,10,69323.44,43625.1,-5.39
Kenya,11/1/2024,2024,11,70643.87,44787.5,-3.99
Kenya,12/1/2024,2024,12,69540.96,43766.94,-4.98
Kenya,1/1/2024,2024,1,77846.67,56362.09,3.58
Kenya,2/1/2024,2024,2,78120.01,55237.23,1.6
Kenya,3/1/2024,2024,3,79187.07,52402.62,-1.06
Kenya,4/1/2024,2024,4,81821.52,54289.95,3.68
Kenya,5/1/2024,2024,5,81416,54706.05,2.93
Kenya,6/1/2024,2024,6,81878.44,54046.37,1.6
Kenya,7/1/2024,2024,7,82953.04,55191.78,3.27
Kenya,8/1/2024,2024,8,81727.43,53659.55,1.34
Kenya,9/1/2024,2024,9,81570.7,53599.32,2.11
Kenya,10/1/2024,2024,10,82358.58,53577.2,1.71
Kenya,11/1/2024,2024,11,82229.71,53311.53,0.67
Kenya,12/1/2024,2024,12,82059.72,54001.9,1.64
Kenya,1/1/2024,2024,1,70618.03,64826,7.2
Kenya,2/1/2024,2024,2,71769.16,63890.46,7.93
Kenya,3/1/2024,2024,3,71918.32,60258.81,2.07
Kenya,4/1/2024,2024,4,72694.74,59960.93,1.24
Kenya,5/1/2024,2024,5,72860.52,60575.64,0.15
Kenya,6/1/2024,2024,6,73281.06,60820.58,0.25
Kenya,7/1/2024,2024,7,73110.75,61181.64,1.43
Kenya,8/1/2024,2024,8,73220.48,60423.52,-0.14
Kenya,9/1/2024,2024,9,75330.93,62727.2,1.86
Kenya,10/1/2024,2024,10,75170.15,63254.84,3.65
Kenya,11/1/2024,2024,11,72934.55,60367.17,-1.49
Kenya,12/1/2024,2024,12,72814.74,58832.6,-2.91
Kenya,1/1/2024,2024,1,76744.18,52951.57,7.01
Kenya,2/1/2024,2024,2,77448.77,52320.83,5.22
Kenya,3/1/2024,2024,3,78330.58,51210.9,4.4
Kenya,4/1/2024,2024,4,80017.51,50719.19,1.48
Kenya,5/1/2024,2024,5,79857.25,50659.83,0.55
Kenya,6/1/2024,2024,6,80175.27,50483.19,-1.67
Kenya,7/1/2024,2024,7,80319.78,50321.73,-2.17
Kenya,8/1/2024,2024,8,79602.86,49986.78,-2.53
Kenya,9/1/2024,2024,9,80714.17,50449.32,-0.93
Kenya,10/1/2024,2024,10,79227.32,49648.34,-1.85
Kenya,11/1/2024,2024,11,79544.55,48856.98,-2.37
Kenya,12/1/2024,2024,12,79170.41,49854.86,-1.07
Kenya,1/1/2024,2024,1,83125.54,57230.63,10.33
Kenya,2/1/2024,2024,2,84054.56,56833.92,9.13
Kenya,3/1/2024,2024,3,82869.67,53093.99,3.27
Kenya,4/1/2024,2024,4,85817.52,53504.69,0.23
Kenya,5/1/2024,2024,5,87844.9,54283.44,1.14
Kenya,6/1/2024,2024,6,86807.22,52980.29,-0.7
Kenya,7/1/2024,2024,7,85282.64,51807.8,-2.5
Kenya,8/1/2024,2024,8,86297.29,52911.51,-2.65
Kenya,9/1/2024,2024,9,86900.75,53551.57,-0.4
Kenya,10/1/2024,2024,10,86138.88,52395.49,0.44
Kenya,11/1/2024,2024,11,85361.88,52463.27,-0.74
Kenya,12/1/2024,2024,12,83495.27,51238.58,-4.97
Kenya,1/1/2024,2024,1,73535.79,68931.44,8.27
Kenya,2/1/2024,2024,2,73811.59,67691.43,5.55
Kenya,3/1/2024,2024,3,74134.1,64365.15,1.86
Kenya,4/1/2024,2024,4,74628.12,63637.8,-0.06
Kenya,5/1/2024,2024,5,74629.46,64057.19,-0.2
Kenya,6/1/2024,2024,6,74862.24,64398.86,0.49
Kenya,7/1/2024,2024,7,74662.87,64670.14,0.27
Kenya,8/1/2024,2024,8,74683.34,63351.37,-2.15
Kenya,9/1/2024,2024,9,74925.81,63962.3,-1.3
Kenya,10/1/2024,2024,10,75025.48,64126.35,-2.08
Kenya,11/1/2024,2024,11,74838.5,63668.64,-3.13
Kenya,12/1/2024,2024,12,74782.75,63298.73,-3.89
Kenya,1/1/2024,2024,1,74023.75,59356.23,6.36
Kenya,2/1/2024,2024,2,74044.42,56778.22,3.52
Kenya,3/1/2024,2024,3,74148.82,54881.3,1.25
Kenya,4/1/2024,2024,4,75948.57,54933.73,2.71
Kenya,5/1/2024,2024,5,76296.43,56281.78,2
Kenya,6/1/2024,2024,6,75935.75,55749.95,1.44
Kenya,7/1/2024,2024,7,76658.06,56316.16,3.99
Kenya,8/1/2024,2024,8,75735.81,55137.73,0.88
Kenya,9/1/2024,2024,9,77207.34,56235.08,2.53
Kenya,10/1/2024,2024,10,76645.75,54372.63,-0.48
Kenya,11/1/2024,2024,11,76346.16,54351.1,-1.41
Kenya,12/1/2024,2024,12,77439.22,55549,0.56
Kenya,1/1/2024,2024,1,76064.63,56710.64,5.11
Kenya,2/1/2024,2024,2,76136.08,55050.61,3.76
Kenya,3/1/2024,2024,3,78573.17,54983.47,4.3
Kenya,4/1/2024,2024,4,79881.03,55543.95,2.37
Kenya,5/1/2024,2024,5,80712.92,55481.91,3.58
Kenya,6/1/2024,2024,6,79933.33,54862.16,0.7
Kenya,7/1/2024,2024,7,79825.54,55267.67,1.3
Kenya,8/1/2024,2024,8,81123.87,56320.51,3.07
Kenya,9/1/2024,2024,9,80129.53,55371.59,2.19
Kenya,10/1/2024,2024,10,78957.3,52905.14,-1
Kenya,11/1/2024,2024,11,80089.55,55552.88,3.62
Kenya,12/1/2024,2024,12,79951.66,54343.25,1.11
Kenya,1/1/2024,2024,1,81130.12,56008.09,8.05
Kenya,2/1/2024,2024,2,81565.66,55187.07,8.6
Kenya,3/1/2024,2024,3,81321.61,53083.06,3.82
Kenya,4/1/2024,2024,4,82533.87,52664.04,3.28
Kenya,5/1/2024,2024,5,83764.7,53811.63,1.84
Kenya,6/1/2024,2024,6,83421.76,52720.59,1.22
Kenya,7/1/2024,2024,7,82801.75,52411.23,-0.53
Kenya,8/1/2024,2024,8,83493.55,53182.12,1.09
Kenya,9/1/2024,2024,9,82594.3,52245.48,-0.58
Kenya,10/1/2024,2024,10,82666.62,52289.38,1.17
Kenya,11/1/2024,2024,11,82711.89,51594.27,-0.81
Kenya,12/1/2024,2024,12,83799.76,52804.37,-1.09
Kenya,1/1/2024,2024,1,74889.33,54163.59,4.94
Kenya,2/1/2024,2024,2,74736.68,51190.81,3.97
Kenya,3/1/2024,2024,3,76286.63,49151.82,0.36
Kenya,4/1/2024,2024,4,76861.28,49674.33,-0.11
Kenya,5/1/2024,2024,5,78074.31,51086.34,2.11
Kenya,6/1/2024,2024,6,78040.69,50467.79,2.75
Kenya,7/1/2024,2024,7,78475.08,50232.15,3.64
Kenya,8/1/2024,2024,8,79522.51,50334.06,4.31
Kenya,9/1/2024,2024,9,77884.88,49530.38,-0.82
Kenya,10/1/2024,2024,10,78960.51,50389.96,1.3
Kenya,11/1/2024,2024,11,79435.31,50200.21,-1.83
Kenya,12/1/2024,2024,12,78638.88,50312.73,0.54
Kenya,1/1/2024,2024,1,73584.74,58009.48,4.75
Kenya,2/1/2024,2024,2,73737.32,56524.57,4.24
Kenya,3/1/2024,2024,3,75764.01,55039.84,4.6
Kenya,4/1/2024,2024,4,77223.79,54483.7,0.59
Kenya,5/1/2024,2024,5,78593.63,56068.92,2.22
Kenya,6/1/2024,2024,6,77128.27,54950.7,1.4
Kenya,7/1/2024,2024,7,77102.79,53687.96,-0.36
Kenya,8/1/2024,2024,8,78603.19,55453.05,2.74
Kenya,9/1/2024,2024,9,78430.37,55046.47,3.41
Kenya,10/1/2024,2024,10,79593.2,54506.94,2.45
Kenya,11/1/2024,2024,11,78230.78,54741.51,1.4
Kenya,12/1/2024,2024,12,77655.84,54446.24,0.17
Kenya,1/1/2024,2024,1,76177.43,53825.52,4.13
Kenya,2/1/2024,2024,2,76018.74,51792.16,2.34
Kenya,3/1/2024,2024,3,78597,51874.25,4.02
Kenya,4/1/2024,2024,4,79439.29,50917.27,-0.12
Kenya,5/1/2024,2024,5,80309.41,51879.21,0.94
Kenya,6/1/2024,2024,6,80572.57,51433.88,0.96
Kenya,7/1/2024,2024,7,81805.97,52669.1,4.89
Kenya,8/1/2024,2024,8,80737.64,51804.11,3.15
Kenya,9/1/2024,2024,9,80788.72,51765.25,3.61
Kenya,10/1/2024,2024,10,81136.74,51541.31,2.67
Kenya,11/1/2024,2024,11,80178.56,51187.36,2.46
Kenya,12/1/2024,2024,12,81363.95,51826.43,4.17
Kenya,1/1/2024,2024,1,74707.54,53202.56,6.87
Kenya,2/1/2024,2024,2,74671.46,51190.97,6.11
Kenya,3/1/2024,2024,3,75324.29,47909.8,4.12
Kenya,4/1/2024,2024,4,76487.43,48073.4,-0.79
Kenya,5/1/2024,2024,5,76900.36,48980.52,-1.44
Kenya,6/1/2024,2024,6,77699.8,49285.72,0.22
Kenya,7/1/2024,2024,7,77920.02,49669.24,2.06
Kenya,8/1/2024,2024,8,77485.54,48708.95,-0.12
Kenya,9/1/2024,2024,9,77172.66,48158.98,-0.63
Kenya,10/1/2024,2024,10,77061.01,48120.82,-1.47
Kenya,11/1/2024,2024,11,76947.52,48110.7,-1.22
Kenya,12/1/2024,2024,12,76453.76,47304.91,-2.15
Kenya,1/1/2024,2024,1,75493.87,60039.55,9.1
Kenya,2/1/2024,2024,2,74384.49,56562.87,3.41
Kenya,3/1/2024,2024,3,74796.16,53358.61,1.08
Kenya,4/1/2024,2024,4,76535.86,54379.26,0.72
Kenya,5/1/2024,2024,5,77762.58,55276.46,2.19
Kenya,6/1/2024,2024,6,77484.94,55243.14,2.42
Kenya,7/1/2024,2024,7,79556.38,55377.33,2.53
Kenya,8/1/2024,2024,8,78580.87,55556.76,3.43
Kenya,9/1/2024,2024,9,77596.15,54113.71,-0.43
Kenya,10/1/2024,2024,10,78016.97,54088.28,1.5
Kenya,11/1/2024,2024,11,77732.47,53662.81,-0.22
Kenya,12/1/2024,2024,12,77762.76,53822.85,0.75
Kenya,1/1/2024,2024,1,71394.98,55696.71,6.01
Kenya,2/1/2024,2024,2,72028.81,53510.97,-1.9
Kenya,3/1/2024,2024,3,73536.49,52395.01,2.37
Kenya,4/1/2024,2024,4,74054.36,52690.47,3.96
Kenya,5/1/2024,2024,5,73434.45,51628.24,0.61
Kenya,6/1/2024,2024,6,75915.62,55877.61,6.72
Kenya,7/1/2024,2024,7,76270.58,56213.95,8.16
Kenya,8/1/2024,2024,8,77714.56,58656.36,10.83
Kenya,9/1/2024,2024,9,76384.66,56122.54,3.49
Kenya,10/1/2024,2024,10,77840.7,57884.52,9.74
Kenya,11/1/2024,2024,11,77815.2,58211.87,11.24
Kenya,12/1/2024,2024,12,75741.35,55407.95,4.47
Kenya,1/1/2024,2024,1,71839.25,47744.19,8.55
Kenya,2/1/2024,2024,2,71421.28,45986.49,5.9
Kenya,3/1/2024,2024,3,71858.06,43674.9,2.16
Kenya,4/1/2024,2024,4,73244.77,45167.86,2.55
Kenya,5/1/2024,2024,5,73731.58,46154.96,2.59
Kenya,6/1/2024,2024,6,74170.47,46081.56,4.02
Kenya,7/1/2024,2024,7,73588.12,46023.08,2.79
Kenya,8/1/2024,2024,8,74094.12,45800.06,1.18
Kenya,9/1/2024,2024,9,73954.62,44705.4,0.1
Kenya,10/1/2024,2024,10,73283.49,43920.4,-0.72
Kenya,11/1/2024,2024,11,73608.11,44076.17,0.87
Kenya,12/1/2024,2024,12,72700.01,43505.85,-1.46
Kenya,1/1/2024,2024,1,71984.25,58094.56,7.32
Kenya,2/1/2024,2024,2,72266.18,56434.32,5.42
Kenya,3/1/2024,2024,3,73090.96,55497.48,3.14
Kenya,4/1/2024,2024,4,73108.63,53840.08,5.6
Kenya,5/1/2024,2024,5,73475.03,54706.97,6.53
Kenya,6/1/2024,2024,6,73767.55,54462.46,-1.39
Kenya,7/1/2024,2024,7,74071.91,55062.6,0.16
Kenya,8/1/2024,2024,8,75818.86,57940.31,4.03
Kenya,9/1/2024,2024,9,75502.61,57053.07,8.92
Kenya,10/1/2024,2024,10,75625.68,57633.07,3.84
Kenya,11/1/2024,2024,11,75476.68,57687.19,8.8
Kenya,12/1/2024,2024,12,75535.4,57247.05,6.04
Kenya,1/1/2024,2024,1,82399.12,56384.49,10.74
Kenya,2/1/2024,2024,2,79672.15,53258.8,3.7
Kenya,3/1/2024,2024,3,80498.19,49872.9,2.29
Kenya,4/1/2024,2024,4,82913.37,51657.57,2.7
Kenya,5/1/2024,2024,5,85087.99,53625.96,5.41
Kenya,6/1/2024,2024,6,84660.86,51626.32,-2.96
Kenya,7/1/2024,2024,7,84581.13,52008.66,0.8
Kenya,8/1/2024,2024,8,83992.28,51926.11,-0.94
Kenya,9/1/2024,2024,9,81986.08,49782.59,-4.37
Kenya,10/1/2024,2024,10,83249.76,51063.27,-1.94
Kenya,11/1/2024,2024,11,81627.95,49738.8,-3.29
Kenya,12/1/2024,2024,12,82085.47,49694.34,-4.29
Kenya,1/1/2024,2024,1,78989.37,60221.38,7.71
Kenya,2/1/2024,2024,2,78732.25,57999.92,5.67
Kenya,3/1/2024,2024,3,79051.12,55447.57,1.15
Kenya,4/1/2024,2024,4,81296.72,56381.65,2.62
Kenya,5/1/2024,2024,5,81140.15,57459.86,2.02
Kenya,6/1/2024,2024,6,81538.86,57151.57,2.28
Kenya,7/1/2024,2024,7,80724.27,56875.14,1.63
Kenya,8/1/2024,2024,8,81982.17,56663.58,1.61
Kenya,9/1/2024,2024,9,82460.34,57434.79,2.84
Kenya,10/1/2024,2024,10,81118.2,54942.22,2.08
Kenya,11/1/2024,2024,11,81967.69,56341.32,1.27
Kenya,12/1/2024,2024,12,80941.47,54278.54,-1.84
Kenya,1/1/2024,2024,1,88597.87,56230.8,5.58
Kenya,2/1/2024,2024,2,89009.61,55744.6,2.7
Kenya,3/1/2024,2024,3,89139.99,53691.52,1.04
Kenya,4/1/2024,2024,4,90007.33,52798.5,-0.2
Kenya,5/1/2024,2024,5,90998.87,53908.01,1.44
Kenya,6/1/2024,2024,6,91017.74,53240.92,-0.17
Kenya,7/1/2024,2024,7,91075.6,53147.78,-0.17
Kenya,8/1/2024,2024,8,91398.38,53389.98,-0.56
Kenya,9/1/2024,2024,9,91406.38,53428.98,-0.39
Kenya,10/1/2024,2024,10,90473.29,52659.78,-1.71
Kenya,11/1/2024,2024,11,91531.4,53546.51,-0.38
Kenya,12/1/2024,2024,12,91264.05,53158.78,-1.27
Kenya,1/1/2024,2024,1,87782.49,61486.12,6.74
Kenya,2/1/2024,2024,2,90072.93,61204.26,7.96
Kenya,3/1/2024,2024,3,89569.08,57518.72,2.64
Kenya,4/1/2024,2024,4,92058.61,57152.66,3
Kenya,5/1/2024,2024,5,92194.02,58285.07,3.12
Kenya,6/1/2024,2024,6,92774.94,58745.71,5.39
Kenya,7/1/2024,2024,7,92732.51,57499.35,1.97
Kenya,8/1/2024,2024,8,91700.09,57074.1,-1.73
Kenya,9/1/2024,2024,9,93367.76,57962.97,-1.01
Kenya,10/1/2024,2024,10,90583.61,56023.95,-3.47
Kenya,11/1/2024,2024,11,92809.93,58323.82,-0.87
Kenya,12/1/2024,2024,12,92681.89,57751.07,-0.19
Kenya,1/1/2024,2024,1,87631.17,58593.28,0.82
Kenya,2/1/2024,2024,2,87663.58,57824.85,3.35
Kenya,3/1/2024,2024,3,90877.94,57413.43,2.68
Kenya,4/1/2024,2024,4,91375.77,56019.46,-0.32
Kenya,5/1/2024,2024,5,91043.85,55539.19,-1.24
Kenya,6/1/2024,2024,6,91256.43,55596.76,-0.7
Kenya,7/1/2024,2024,7,92080.3,56781.28,0.86
Kenya,8/1/2024,2024,8,92452.72,57123.72,0.44
Kenya,9/1/2024,2024,9,91456.58,55820.11,-0.5
Kenya,10/1/2024,2024,10,91035.31,55616.99,0.11
Kenya,11/1/2024,2024,11,91207.91,55422.97,-0.65
Kenya,12/1/2024,2024,12,91605.96,55831.18,0.12
Kenya,1/1/2024,2024,1,68500.31,53830.27,5.7
Kenya,2/1/2024,2024,2,69787.86,54069.82,6.36
Kenya,3/1/2024,2024,3,68438.41,50461.83,1.62
Kenya,4/1/2024,2024,4,72225.86,54786.29,8.65
Kenya,5/1/2024,2024,5,70576.58,51135.84,2.23
Kenya,6/1/2024,2024,6,70966.11,50928.61,0.44
Kenya,7/1/2024,2024,7,70659.54,50291.01,-0.82
Kenya,8/1/2024,2024,8,71100.69,51509.63,0.4
Kenya,9/1/2024,2024,9,72313.68,53643.61,3.89
Kenya,10/1/2024,2024,10,70945.47,50484.56,-0.22
Kenya,11/1/2024,2024,11,72135.6,53124.36,2.96
Kenya,12/1/2024,2024,12,72640.92,54368.84,4.62
Kenya,1/1/2024,2024,1,68696.69,49370.79,4.85
Kenya,2/1/2024,2024,2,69882.89,49196.66,8.13
Kenya,3/1/2024,2024,3,70198.78,47077.76,5.68
Kenya,4/1/2024,2024,4,71298.48,48512.65,3.6
Kenya,5/1/2024,2024,5,70407.91,47692.94,1.4
Kenya,6/1/2024,2024,6,71880.82,49022.8,2.4
Kenya,7/1/2024,2024,7,71061.72,47176.73,0.29
Kenya,8/1/2024,2024,8,71753.95,48404.63,1.62
Kenya,9/1/2024,2024,9,72880.3,48930.64,1.82
Kenya,10/1/2024,2024,10,71441.28,47281.11,1.33
Kenya,11/1/2024,2024,11,70736.39,46575.98,-0.52
Kenya,12/1/2024,2024,12,69982.69,45615.71,-2.19
Kenya,1/1/2024,2024,1,78109.01,56541.41,5.55
Kenya,2/1/2024,2024,2,78433.15,56226.51,5.43
Kenya,3/1/2024,2024,3,79771.28,55013.51,6.73
Kenya,4/1/2024,2024,4,78740.01,52255.64,-0.41
Kenya,5/1/2024,2024,5,81262.97,53695.34,1.86
Kenya,6/1/2024,2024,6,81759.4,53766.77,0.07
Kenya,7/1/2024,2024,7,81771.34,54498.28,-0.45
Kenya,8/1/2024,2024,8,80194.04,53026.75,-4.25
Kenya,9/1/2024,2024,9,79905.06,52674.79,-3.73
Kenya,10/1/2024,2024,10,80541.72,53326.38,-3.78
Kenya,11/1/2024,2024,11,79309.59,52480.03,-2.86
Kenya,12/1/2024,2024,12,80636.03,53367.19,-2.6
Kenya,1/1/2024,2024,1,68122.12,55860.19,11.51
Kenya,2/1/2024,2024,2,67462.69,52888.05,5.33
Kenya,3/1/2024,2024,3,69415.42,50418.2,1.85
Kenya,4/1/2024,2024,4,71085.89,50857.53,3.53
Kenya,5/1/2024,2024,5,70707.59,52145.16,0.45
Kenya,6/1/2024,2024,6,70837.67,50733.98,1.39
Kenya,7/1/2024,2024,7,70761.91,49789.11,-0.02
Kenya,8/1/2024,2024,8,71631.51,50346.64,-0.19
Kenya,9/1/2024,2024,9,70270.79,49906.58,-2.52
Kenya,10/1/2024,2024,10,71029.58,49895.37,-2.74
Kenya,11/1/2024,2024,11,71106,49616.46,-1.43
Kenya,12/1/2024,2024,12,70593.64,49157.83,-2.79
Kenya,1/1/2024,2024,1,67707.67,52887.07,8.1
Kenya,2/1/2024,2024,2,68735.4,52357.86,10.29
Kenya,3/1/2024,2024,3,68891.03,49202.11,4.14
Kenya,4/1/2024,2024,4,70118.93,49309.76,2.52
Kenya,5/1/2024,2024,5,70642.37,49634.36,-0.12
Kenya,6/1/2024,2024,6,70431.05,49011.43,-0.08
Kenya,7/1/2024,2024,7,70486.99,49133.53,0.24
Kenya,8/1/2024,2024,8,70415.74,48844.56,-2.34
Kenya,9/1/2024,2024,9,70422.63,48569.13,-2.11
Kenya,10/1/2024,2024,10,70598,48199.65,-2.02
Kenya,11/1/2024,2024,11,70946.49,48751.72,-0.55
Kenya,12/1/2024,2024,12,70827.87,48463.15,-2.14
Kenya,1/1/2024,2024,1,76049.63,55238.79,5.7
Kenya,2/1/2024,2024,2,77355.42,55294.41,6.36
Kenya,3/1/2024,2024,3,77833.11,52343.88,3.65
Kenya,4/1/2024,2024,4,79268.26,51597.71,1.83
Kenya,5/1/2024,2024,5,79372.94,52036.09,1.47
Kenya,6/1/2024,2024,6,78907.04,51339.65,-0.03
Kenya,7/1/2024,2024,7,79635.46,52134.6,0.17
Kenya,8/1/2024,2024,8,79199.45,51083.67,-1.73
Kenya,9/1/2024,2024,9,78916.44,51053.9,-2.76
Kenya,10/1/2024,2024,10,79221.62,51317.63,-2.41
Kenya,11/1/2024,2024,11,78317.03,50587.94,-4.01
Kenya,12/1/2024,2024,12,79394.02,51013.16,-0.83
Kenya,1/1/2024,2024,1,73812.14,64361.02,6.58
Kenya,2/1/2024,2024,2,73702.38,62337.21,5.33
Kenya,3/1/2024,2024,3,74592.44,59211.41,1.53
Kenya,4/1/2024,2024,4,75172.27,59195.38,4.86
Kenya,5/1/2024,2024,5,75799.73,60523.88,4.37
Kenya,6/1/2024,2024,6,75801.88,59609.25,4.66
Kenya,7/1/2024,2024,7,76214.36,59942.39,-0.35
Kenya,8/1/2024,2024,8,75519.66,59435.66,-0.71
Kenya,9/1/2024,2024,9,75603.73,59149.66,-2.05
Kenya,10/1/2024,2024,10,75559.66,59115.51,-1.37
Kenya,11/1/2024,2024,11,76245.5,59102.78,-1.8
Kenya,12/1/2024,2024,12,75804.7,59346.08,-1.08
Kenya,1/1/2024,2024,1,69789.39,54637.87,8.03
Kenya,2/1/2024,2024,2,70006.93,53246.21,6.02
Kenya,3/1/2024,2024,3,70860.76,50545.48,2.18
Kenya,4/1/2024,2024,4,72139.2,50977.59,0.56
Kenya,5/1/2024,2024,5,72561.5,52034.3,1.23
Kenya,6/1/2024,2024,6,72366.68,51000.53,0.33
Kenya,7/1/2024,2024,7,72726.45,51562.83,1.62
Kenya,8/1/2024,2024,8,72696.04,50663.3,-0.75
Kenya,9/1/2024,2024,9,73653.35,51674.36,1.16
Kenya,10/1/2024,2024,10,73113.22,50760.42,-1.35
Kenya,11/1/2024,2024,11,72403.79,50369.14,-1.25
Kenya,12/1/2024,2024,12,73505.58,51308.21,0.94
Kenya,1/1/2024,2024,1,86660.02,64121.88,6.31
Kenya,2/1/2024,2024,2,87399.94,63474.78,7.04
Kenya,3/1/2024,2024,3,88330.81,61554.83,6.09
Kenya,4/1/2024,2024,4,89498.6,61691.14,1.71
Kenya,5/1/2024,2024,5,90176.97,62552.24,2.95
Kenya,6/1/2024,2024,6,89679.12,61309.95,1.25
Kenya,7/1/2024,2024,7,89583.09,61046.39,0.9
Kenya,8/1/2024,2024,8,89715.88,60986.56,3.81
Kenya,9/1/2024,2024,9,89958.04,61173.51,1.99
Kenya,10/1/2024,2024,10,89365.84,60595.46,3.52
Kenya,11/1/2024,2024,11,88655.22,59578.55,0.61
Kenya,12/1/2024,2024,12,89019.78,60379.81,2.7
Kenya,1/1/2024,2024,1,71488.77,53687.14,7.91
Kenya,2/1/2024,2024,2,71212.16,51554.65,6.11
Kenya,3/1/2024,2024,3,72024.66,50183.01,2.8
Kenya,4/1/2024,2024,4,72320.34,50213.75,1.92
Kenya,5/1/2024,2024,5,72699.51,51297.03,1.81
Kenya,6/1/2024,2024,6,72658.28,50189.73,-0.78
Kenya,7/1/2024,2024,7,72906.81,50323.49,0.46
Kenya,8/1/2024,2024,8,73237.31,49971.69,-0.41
Kenya,9/1/2024,2024,9,73424.48,50451.6,1.77
Kenya,10/1/2024,2024,10,73376.39,50013.37,-0.39
Kenya,11/1/2024,2024,11,74140.19,50337.22,1.16
Kenya,12/1/2024,2024,12,73903.04,49723.07,-0.16
Kenya,1/1/2024,2024,1,71129.13,52011.88,8.84
Kenya,2/1/2024,2024,2,71034.73,49769.2,5.2
Kenya,3/1/2024,2024,3,72579.61,49099.74,5.73
Kenya,4/1/2024,2024,4,72478.51,47996.52,2.16
Kenya,5/1/2024,2024,5,73370.69,48129.23,2.28
Kenya,6/1/2024,2024,6,73315.63,47522.86,-0.7
Kenya,7/1/2024,2024,7,73994.23,48051.69,1.98
Kenya,8/1/2024,2024,8,73638.98,47738.44,0.66
Kenya,9/1/2024,2024,9,73843.16,47699.47,0.19
Kenya,10/1/2024,2024,10,73466.34,47247.25,-1.01
Kenya,11/1/2024,2024,11,73560.21,46775.15,-1.75
Kenya,12/1/2024,2024,12,73891.74,47047.02,-0.84
Kenya,1/1/2024,2024,1,79206.48,52719.23,9.14
Kenya,2/1/2024,2024,2,78164.02,50500.97,3.27
Kenya,3/1/2024,2024,3,78629.1,48351.94,3.31
Kenya,4/1/2024,2024,4,79538.65,48232.08,1.15
Kenya,5/1/2024,2024,5,79977.85,48163.04,0.76
Kenya,6/1/2024,2024,6,80316.91,48537.14,2.96
Kenya,7/1/2024,2024,7,79592.78,48848.87,2.4
Kenya,8/1/2024,2024,8,81026.29,49443.01,0.82
Kenya,9/1/2024,2024,9,80455.89,48315.87,1.29
Kenya,10/1/2024,2024,10,79461.65,48412.9,-0.04
Kenya,11/1/2024,2024,11,80220.11,48244.37,-2.05
Kenya,12/1/2024,2024,12,79264.53,47623.65,-2.1
Kenya,1/1/2024,2024,1,71838.06,52565.74,17.87
Kenya,2/1/2024,2024,2,70824.9,48936.06,11.94
Kenya,3/1/2024,2024,3,70802.49,45373.16,3.49
Kenya,4/1/2024,2024,4,70941.81,44366.01,0.61
Kenya,5/1/2024,2024,5,71702.59,45929.67,0.56
Kenya,6/1/2024,2024,6,71104.83,44255.92,-3.14
Kenya,7/1/2024,2024,7,71494.31,44746.46,-2.27
Kenya,8/1/2024,2024,8,71439.76,44092.75,-3.16
Kenya,9/1/2024,2024,9,71491.5,43964.7,-5.02
Kenya,10/1/2024,2024,10,71398.9,43387.03,-5.55
Kenya,11/1/2024,2024,11,71473.82,44056.73,-6.02
Kenya,12/1/2024,2024,12,71332.21,43590.84,-6.45
Kenya,1/1/2024,2024,1,76695.23,53528.4,4.16
Kenya,2/1/2024,2024,2,76628.83,52689.35,1.21
Kenya,3/1/2024,2024,3,79162.51,52465.35,4.72
Kenya,4/1/2024,2024,4,79889.21,51532.54,1.44
Kenya,5/1/2024,2024,5,79640.4,51907.75,-0.08
Kenya,6/1/2024,2024,6,80641.98,52233.72,0.46
Kenya,7/1/2024,2024,7,82841.13,53891.15,6.03
Kenya,8/1/2024,2024,8,81407.26,52848.23,3.99
Kenya,9/1/2024,2024,9,80480.35,51997.23,1.76
Kenya,10/1/2024,2024,10,80917.89,52568.7,1.6
Kenya,11/1/2024,2024,11,80401.43,52092.23,0.1
Kenya,12/1/2024,2024,12,80896.96,52716.4,2.19
Kenya,1/1/2024,2024,1,84944.99,67229.26,7.68
Kenya,2/1/2024,2024,2,85365.12,65476.17,6.97
Kenya,3/1/2024,2024,3,86979.83,61387.84,4.33
Kenya,4/1/2024,2024,4,88261.38,61152.43,0.77
Kenya,5/1/2024,2024,5,88787.17,62410.59,0.92
Kenya,6/1/2024,2024,6,88381.81,61747.34,-0.39
Kenya,7/1/2024,2024,7,88585.6,61513.4,-0.86
Kenya,8/1/2024,2024,8,89071.06,62093.49,1.29
Kenya,9/1/2024,2024,9,88417.83,60773.57,-1.31
Kenya,10/1/2024,2024,10,88827.39,61554.66,-2.24
Kenya,11/1/2024,2024,11,89273.98,62126.9,0.02
Kenya,12/1/2024,2024,12,88178.83,60528.85,-3.33
Kenya,1/1/2024,2024,1,79254.17,61133.83,13.08
Kenya,2/1/2024,2024,2,77969.72,57344.31,4.44
Kenya,3/1/2024,2024,3,80050.83,54609.48,3.96
Kenya,4/1/2024,2024,4,81188.77,54391.84,3.21
Kenya,5/1/2024,2024,5,82753.62,56238.83,2.78
Kenya,6/1/2024,2024,6,80747.75,54116.62,-0.44
Kenya,7/1/2024,2024,7,81018.89,55949.72,1.11
Kenya,8/1/2024,2024,8,81634.13,56143.03,2.67
Kenya,9/1/2024,2024,9,83929.65,56506.23,3.46
Kenya,10/1/2024,2024,10,82494.01,55205.67,0.91
Kenya,11/1/2024,2024,11,83143.12,56203.88,1.69
Kenya,12/1/2024,2024,12,82344.73,54885.44,-0.76
Kenya,1/1/2024,2024,1,72912.35,51065.24,5.45
Kenya,2/1/2024,2024,2,74225.27,51722.72,6.8
Kenya,3/1/2024,2024,3,73237.34,47468.19,1.68
Kenya,4/1/2024,2024,4,74626.88,48457.11,2.44
Kenya,5/1/2024,2024,5,75859.5,49846.7,2.67
Kenya,6/1/2024,2024,6,75474.42,49074.64,1.29
Kenya,7/1/2024,2024,7,74990.69,48229.08,-1.64
Kenya,8/1/2024,2024,8,75250.73,48986.55,1.42
Kenya,9/1/2024,2024,9,74316.71,48183.42,-1.9
Kenya,10/1/2024,2024,10,75033.54,48797.48,-0.84
Kenya,11/1/2024,2024,11,75105.16,48962.16,2.33
Kenya,12/1/2024,2024,12,74479.56,47551.27,1.8
Kenya,1/1/2024,2024,1,70700.01,58624.01,9.86
Kenya,2/1/2024,2024,2,69831.01,54957.36,5.24
Kenya,3/1/2024,2024,3,70596.62,52708.05,0.99
Kenya,4/1/2024,2024,4,73814.15,55334.1,3.59
Kenya,5/1/2024,2024,5,72746.07,55581.02,0.94
Kenya,6/1/2024,2024,6,72846.71,54421.03,-1.05
Kenya,7/1/2024,2024,7,74009.6,56169.53,5.81
Kenya,8/1/2024,2024,8,73369.1,55367.39,1.6
Kenya,9/1/2024,2024,9,73557.48,55484.31,1.98
Kenya,10/1/2024,2024,10,72798.96,53104.16,-0.8
Kenya,11/1/2024,2024,11,73294.39,54545.63,0.36
Kenya,12/1/2024,2024,12,73845.64,53564.33,-0.19
Kenya,1/1/2024,2024,1,74142.06,59686.06,7.59
Kenya,2/1/2024,2024,2,74415.08,57287.64,2.95
Kenya,3/1/2024,2024,3,76551.93,55543.59,3.58
Kenya,4/1/2024,2024,4,78023.29,56802.52,6.39
Kenya,5/1/2024,2024,5,78435.95,57569.23,2.64
Kenya,6/1/2024,2024,6,79087.9,56943.82,4.41
Kenya,7/1/2024,2024,7,79093.6,55845.85,0.61
Kenya,8/1/2024,2024,8,79768.47,57228.15,3.2
Kenya,9/1/2024,2024,9,79558.28,56372.52,1.57
Kenya,10/1/2024,2024,10,79267.19,56407.11,2.04
Kenya,11/1/2024,2024,11,78773.39,55778.33,0.59
Kenya,12/1/2024,2024,12,78602.11,55611.48,1.22
Kenya,1/1/2024,2024,1,71667.29,58131.38,8
Kenya,2/1/2024,2024,2,71784.48,55484.34,5.4
Kenya,3/1/2024,2024,3,74521.98,54222.26,3.35
Kenya,4/1/2024,2024,4,75254.8,54359.37,3.22
Kenya,5/1/2024,2024,5,75175.46,54795.36,2.06
Kenya,6/1/2024,2024,6,74985.91,54222.69,1.01
Kenya,7/1/2024,2024,7,74909.1,53615.82,1.33
Kenya,8/1/2024,2024,8,75398.18,53921.7,-1.03
Kenya,9/1/2024,2024,9,75484.27,53765.07,-0.32
Kenya,10/1/2024,2024,10,74876.13,52716.92,0.29
Kenya,11/1/2024,2024,11,75598.37,53395.25,1.71
Kenya,12/1/2024,2024,12,74846.99,52524.47,-1.03
Kenya,1/1/2024,2024,1,77685.11,40858.02,2.08
Kenya,2/1/2024,2024,2,78301.94,40222.49,1
Kenya,3/1/2024,2024,3,79956.8,39835.97,1.4
Kenya,4/1/2024,2024,4,80489.65,39577.84,0.22
Kenya,5/1/2024,2024,5,79994.33,39472.57,0.07
Kenya,6/1/2024,2024,6,80876.23,38875.77,0.08
Kenya,7/1/2024,2024,7,80966.36,38941.46,0.19
Kenya,8/1/2024,2024,8,80880.05,38854.19,-0.19
Kenya,9/1/2024,2024,9,80949.58,38889.86,-0.23
Kenya,10/1/2024,2024,10,81007.42,38894.49,0.3
Kenya,11/1/2024,2024,11,81050.36,38920.99,-0.71
Kenya,12/1/2024,2024,12,80495.34,38773.92,-1.22
Kenya,1/1/2024,2024,1,75005.16,54289.24,7.66
Kenya,2/1/2024,2024,2,74002.25,51936.09,4.29
Kenya,3/1/2024,2024,3,75887.22,50726.62,4
Kenya,4/1/2024,2024,4,77329.07,50683.38,2.39
Kenya,5/1/2024,2024,5,76703.12,50630.49,0.63
Kenya,6/1/2024,2024,6,79349.12,53192.4,4.42
Kenya,7/1/2024,2024,7,77583.19,52023.54,1.84
Kenya,8/1/2024,2024,8,77844.37,51996.93,0.87
Kenya,9/1/2024,2024,9,78588.53,52333.04,4.26
Kenya,10/1/2024,2024,10,77899.11,50615.62,0.58
Kenya,11/1/2024,2024,11,77701.41,51512.67,1.87
Kenya,12/1/2024,2024,12,78051.59,51945.36,3.08
Kenya,1/1/2024,2024,1,76803.28,57510.27,7.74
Kenya,2/1/2024,2024,2,76994.21,55465.66,5.12
Kenya,3/1/2024,2024,3,77108.69,53344.62,2.48
Kenya,4/1/2024,2024,4,77743.47,53448.88,1.82
Kenya,5/1/2024,2024,5,77334.42,52531.3,0.76
Kenya,6/1/2024,2024,6,78862.58,54128.83,0.71
Kenya,7/1/2024,2024,7,78895.06,53510.43,2.48
Kenya,8/1/2024,2024,8,79407.81,53250.39,1.23
Kenya,9/1/2024,2024,9,80069.17,53817.26,2
Kenya,10/1/2024,2024,10,78938.78,52239.84,-0.16
Kenya,11/1/2024,2024,11,79524.24,52790.92,-1.11
Kenya,12/1/2024,2024,12,79783.9,52591.64,-1.04
Kenya,1/1/2024,2024,1,68404.82,47142.92,6.45
Kenya,2/1/2024,2024,2,68544.21,46374.37,4.09
Kenya,3/1/2024,2024,3,69209.28,44308.98,3.06
Kenya,4/1/2024,2024,4,69607.45,44075.12,0.74
Kenya,5/1/2024,2024,5,71242.11,45282.37,1.23
Kenya,6/1/2024,2024,6,71463.02,45672.13,2.02
Kenya,7/1/2024,2024,7,70573.22,44257.61,0.39
Kenya,8/1/2024,2024,8,70720.24,44529.92,-0.5
Kenya,9/1/2024,2024,9,70893.6,44304.69,-1.02
Kenya,10/1/2024,2024,10,70805.11,44501.98,0.6
Kenya,11/1/2024,2024,11,70786.99,44326.25,-1.4
Kenya,12/1/2024,2024,12,70882.23,44684.47,-0.26
Kenya,1/1/2024,2024,1,71745.62,52502,16.15
Kenya,2/1/2024,2024,2,71394.6,49826.53,12.01
Kenya,3/1/2024,2024,3,71021.81,45852.68,5.13
Kenya,4/1/2024,2024,4,71240.9,44925.8,1.93
Kenya,5/1/2024,2024,5,71519.74,45749.22,-0.7
Kenya,6/1/2024,2024,6,71420.75,45049.82,-1.03
Kenya,7/1/2024,2024,7,70927.38,44166.67,-3.43
Kenya,8/1/2024,2024,8,71043.54,43987.19,-2.58
Kenya,9/1/2024,2024,9,71308.62,44295.05,-3.99
Kenya,10/1/2024,2024,10,71422.62,44235.56,-5.51
Kenya,11/1/2024,2024,11,71671.26,43899,-6.69
Kenya,12/1/2024,2024,12,71514.12,44283.14,-7.57
Kenya,1/1/2024,2024,1,88774.94,58491.61,4.44
Kenya,2/1/2024,2024,2,88653.31,57153.17,1.33
Kenya,3/1/2024,2024,3,89758.13,54761.91,0.1
Kenya,4/1/2024,2024,4,92103.89,55318.31,1.1
Kenya,5/1/2024,2024,5,91954.86,55577.12,1.11
Kenya,6/1/2024,2024,6,91847.57,54007.64,-1.24
Kenya,7/1/2024,2024,7,92042.92,55742.53,0.4
Kenya,8/1/2024,2024,8,92000.56,54455.12,-0.72
Kenya,9/1/2024,2024,9,91803.89,54738.1,-0.35
Kenya,10/1/2024,2024,10,91690.13,54447.29,0.01
Kenya,11/1/2024,2024,11,90616.1,54272.79,-2
Kenya,12/1/2024,2024,12,91919.37,53881.31,-1.08
Kenya,1/1/2024,2024,1,79057.16,56471.39,6.43
Kenya,2/1/2024,2024,2,78760.39,54612.11,3.68
Kenya,3/1/2024,2024,3,79498.44,52780.7,1.43
Kenya,4/1/2024,2024,4,80850.07,52804.68,1.98
Kenya,5/1/2024,2024,5,81470.83,53173.09,1.17
Kenya,6/1/2024,2024,6,81891.32,52069.61,-0.24
Kenya,7/1/2024,2024,7,81557.71,52276.26,-0.66
Kenya,8/1/2024,2024,8,80678.11,52241.79,-2.56
Kenya,9/1/2024,2024,9,82248.72,52926.98,0.11
Kenya,10/1/2024,2024,10,81099.96,52739.33,-1.33
Kenya,11/1/2024,2024,11,81150.79,52428.49,-1.52
Kenya,12/1/2024,2024,12,81697.32,51826.82,-3.04
Kenya,1/1/2024,2024,1,73047.29,57803.02,3.68
Kenya,2/1/2024,2024,2,72752.29,55567.45,4.06
Kenya,3/1/2024,2024,3,75486.72,54586.1,3.45
Kenya,4/1/2024,2024,4,76618.4,55903.26,2.84
Kenya,5/1/2024,2024,5,77099.7,56367.2,3.6
Kenya,6/1/2024,2024,6,78102.56,55293.99,1.91
Kenya,7/1/2024,2024,7,78783.01,56168.27,3.69
Kenya,8/1/2024,2024,8,77212.12,55276.51,1.5
Kenya,9/1/2024,2024,9,77300.55,54064.27,1.28
Kenya,10/1/2024,2024,10,77807.48,54474.66,1.98
Kenya,11/1/2024,2024,11,77823.52,53808.37,-1.61
Kenya,12/1/2024,2024,12,78017.03,55359.96,0.88
Kenya,1/1/2024,2024,1,83746.87,58613.4,13.15
Kenya,2/1/2024,2024,2,83721.11,56689.44,8.93
Kenya,3/1/2024,2024,3,84179.43,52650.11,6.23
Kenya,4/1/2024,2024,4,84089.28,51595.31,2.17
Kenya,5/1/2024,2024,5,85787.79,52970.31,-0.32
Kenya,6/1/2024,2024,6,85344.08,52701.16,2.4
Kenya,7/1/2024,2024,7,86721.51,53749.03,1.02
Kenya,8/1/2024,2024,8,85796.36,52356.58,-0.14
Kenya,9/1/2024,2024,9,85316.59,51292.93,-1.62
Kenya,10/1/2024,2024,10,85365.31,51707.49,-1.77
Kenya,11/1/2024,2024,11,85748.82,52301.96,-1.01
Kenya,12/1/2024,2024,12,85451.99,52328.57,-1.73
Kenya,1/1/2024,2024,1,66233.87,53181.88,0.19
Kenya,2/1/2024,2024,2,66613.86,51546.21,5.44
Kenya,3/1/2024,2024,3,66657.9,49083.77,1.83
Kenya,4/1/2024,2024,4,67996.82,49275.69,2.15
Kenya,5/1/2024,2024,5,68116.48,50066.11,2.19
Kenya,6/1/2024,2024,6,68336.98,49099.72,-0.32
Kenya,7/1/2024,2024,7,69521.45,50523.23,1.23
Kenya,8/1/2024,2024,8,69324.5,50462.11,0.35
Kenya,9/1/2024,2024,9,69228.36,49812.92,0.23
Kenya,10/1/2024,2024,10,69185.59,49515.97,1.89
Kenya,11/1/2024,2024,11,68767.16,48756.21,0.04
Kenya,12/1/2024,2024,12,69498.27,49506.13,0.18
Kenya,1/1/2024,2024,1,83995.42,57893.5,9.71
Kenya,2/1/2024,2024,2,83327.51,56339.94,7.13
Kenya,3/1/2024,2024,3,82287.86,51776.78,2.09
Kenya,4/1/2024,2024,4,86514.55,54788.78,6.2
Kenya,5/1/2024,2024,5,88179.8,55227.02,4.52
Kenya,6/1/2024,2024,6,86099.65,53046.39,-1.68
Kenya,7/1/2024,2024,7,84921.71,53071.08,0.37
Kenya,8/1/2024,2024,8,86551.28,53291.24,-0.59
Kenya,9/1/2024,2024,9,86273.8,52937.04,-0.89
Kenya,10/1/2024,2024,10,84790.27,52668.31,-1.43
Kenya,11/1/2024,2024,11,83335.49,51478.36,-3.87
Kenya,12/1/2024,2024,12,84566.8,51804.07,-0.96
Kenya,1/1/2024,2024,1,70645.72,50505.86,9.26
Kenya,2/1/2024,2024,2,71894.92,48454.09,7.93
Kenya,3/1/2024,2024,3,72133.69,45393.1,4.44
Kenya,4/1/2024,2024,4,72462.61,44576.4,1.24
Kenya,5/1/2024,2024,5,72948.79,45326.26,1.41
Kenya,6/1/2024,2024,6,72268.16,44642.67,-0.65
Kenya,7/1/2024,2024,7,73324.89,45198.05,-1.58
Kenya,8/1/2024,2024,8,73291.65,45024.18,-2.39
Kenya,9/1/2024,2024,9,73051.03,44231.35,-3.43
Kenya,10/1/2024,2024,10,73394.63,44198.94,-2.63
Kenya,11/1/2024,2024,11,73844.43,44993.76,-2.29
Kenya,12/1/2024,2024,12,73025.83,43922,-3.71
Kenya,1/1/2024,2024,1,72449.35,57042.26,6.81
Kenya,2/1/2024,2024,2,72370.55,54143.97,2.94
Kenya,3/1/2024,2024,3,73039.87,52321.7,1.49
Kenya,4/1/2024,2024,4,74103.51,52766.11,3.26
Kenya,5/1/2024,2024,5,74890.14,53737.59,0.78
Kenya,6/1/2024,2024,6,75028.71,53956.17,1.17
Kenya,7/1/2024,2024,7,74724.85,52361.29,-0.8
Kenya,8/1/2024,2024,8,75350.83,52929.11,0.08
Kenya,9/1/2024,2024,9,75213.79,52053.09,-1.73
Kenya,10/1/2024,2024,10,75337.04,52100.48,0.91
Kenya,11/1/2024,2024,11,75042.28,51937.27,-1.1
Kenya,12/1/2024,2024,12,75133.51,51990.12,-1.58
Kenya,1/1/2024,2024,1,75843.91,54250.26,3.6
Kenya,2/1/2024,2024,2,75331.66,53188.28,3.69
Kenya,3/1/2024,2024,3,76085.5,51159.2,0.85
Kenya,4/1/2024,2024,4,77703.89,50644.34,1.77
Kenya,5/1/2024,2024,5,77716.84,50984.69,0.01
Kenya,6/1/2024,2024,6,77810.94,50953.41,0.01
Kenya,7/1/2024,2024,7,78132.87,51358.3,1.02
Kenya,8/1/2024,2024,8,78713.1,51166.22,0.12
Kenya,9/1/2024,2024,9,77873.92,50978.55,-0.69
Kenya,10/1/2024,2024,10,78354.49,51097.82,0.66
Kenya,11/1/2024,2024,11,78658.7,51403.16,1.07
Kenya,12/1/2024,2024,12,77609.64,50193.43,0
Kenya,1/1/2024,2024,1,75516.94,54216.42,6.5
Kenya,2/1/2024,2024,2,75094.34,53095.09,4.49
Kenya,3/1/2024,2024,3,76165.56,51168.88,5.35
Kenya,4/1/2024,2024,4,78042.03,51395.7,1.54
Kenya,5/1/2024,2024,5,78034.05,51872.82,0.5
Kenya,6/1/2024,2024,6,77872.64,50999.22,0.59
Kenya,7/1/2024,2024,7,78651.41,50976.47,0.31
Kenya,8/1/2024,2024,8,78194.64,51134.84,1.39
Kenya,9/1/2024,2024,9,79051.57,51621.73,1.2
Kenya,10/1/2024,2024,10,77595.95,50328.14,0.03
Kenya,11/1/2024,2024,11,77803.77,50557.87,-0.67
Kenya,12/1/2024,2024,12,77363.87,50255.58,-1.55
Kenya,1/1/2024,2024,1,71433.79,49135.92,10.82
Kenya,2/1/2024,2024,2,71694.8,47489.62,6.8
Kenya,3/1/2024,2024,3,72919.2,45331.37,4.84
Kenya,4/1/2024,2024,4,73004.55,44253.28,-1.2
Kenya,5/1/2024,2024,5,73514.01,44450.61,-2.41
Kenya,6/1/2024,2024,6,73456.42,43979.74,-0.27
Kenya,7/1/2024,2024,7,73063.73,44404.74,-1.29
Kenya,8/1/2024,2024,8,73521.4,43557.22,-2.41
Kenya,9/1/2024,2024,9,73646.48,43547.95,-3.87
Kenya,10/1/2024,2024,10,73280.46,43170.09,-4.32
Kenya,11/1/2024,2024,11,73261.1,42936.6,-3.8
Kenya,12/1/2024,2024,12,73588.73,43549.4,-3.26
Kenya,1/1/2024,2024,1,70785.49,48393.7,10.04
Kenya,2/1/2024,2024,2,71023.67,45992.96,4.43
Kenya,3/1/2024,2024,3,71529.32,43024.36,4.35
Kenya,4/1/2024,2024,4,72076.78,42628.56,-0.34
Kenya,5/1/2024,2024,5,72573.29,42995.33,-4.25
Kenya,6/1/2024,2024,6,72580.33,42430.21,-5.5
Kenya,7/1/2024,2024,7,72963.4,43407.65,-3.11
Kenya,8/1/2024,2024,8,72959.01,42821.11,-4.37
Kenya,9/1/2024,2024,9,73411.72,43545.3,-0.55
Kenya,10/1/2024,2024,10,72750.04,42644.94,-2.21
Kenya,11/1/2024,2024,11,72627.54,42651.52,-2.74
Kenya,12/1/2024,2024,12,72682.23,41852.1,-5.25
Kenya,1/1/2024,2024,1,81261.06,58763.07,3.27
Kenya,2/1/2024,2024,2,81083.32,57424.76,3.67
Kenya,3/1/2024,2024,3,82562.67,54220.46,1.84
Kenya,4/1/2024,2024,4,83921.26,54714.77,0.44
Kenya,5/1/2024,2024,5,84524.78,54408.3,0.68
Kenya,6/1/2024,2024,6,85901.65,55411.85,1.08
Kenya,7/1/2024,2024,7,84910.61,54362.86,-0.67
Kenya,8/1/2024,2024,8,85235.01,54446.66,-0.52
Kenya,9/1/2024,2024,9,84381.22,54853.47,0.1
Kenya,10/1/2024,2024,10,84295.14,54788.34,0.04
Kenya,11/1/2024,2024,11,83620.35,53936.16,-2.3
Kenya,12/1/2024,2024,12,84764.3,54695.81,-0.68
Kenya,1/1/2024,2024,1,71947.73,53059.7,18.32
Kenya,2/1/2024,2024,2,70622.69,49074.56,10.82
Kenya,3/1/2024,2024,3,71303.71,46026.26,5.21
Kenya,4/1/2024,2024,4,71377.17,44878.27,0.94
Kenya,5/1/2024,2024,5,71447.31,45734.65,1.33
Kenya,6/1/2024,2024,6,71350.45,44950.22,-1.51
Kenya,7/1/2024,2024,7,71330.11,45000.79,-2.06
Kenya,8/1/2024,2024,8,71435.34,44701.95,-2.69
Kenya,9/1/2024,2024,9,71043.85,43952.01,-5.9
Kenya,10/1/2024,2024,10,71449.62,44401.08,-3.94
Kenya,11/1/2024,2024,11,71458.63,44086.68,-6.54
Kenya,12/1/2024,2024,12,71587.97,44328.79,-6.58
Kenya,1/1/2024,2024,1,71633.85,52764.22,16.75
Kenya,2/1/2024,2024,2,71443.53,50499.78,12.82
Kenya,3/1/2024,2024,3,71443.67,46031.78,5.28
Kenya,4/1/2024,2024,4,71455.4,44890.5,0.94
Kenya,5/1/2024,2024,5,70992.85,44955.17,-1.91
Kenya,6/1/2024,2024,6,71589.29,45194.24,-1
Kenya,7/1/2024,2024,7,71576.27,45101.53,-1.5
Kenya,8/1/2024,2024,8,71703.78,44627.51,-3.44
Kenya,9/1/2024,2024,9,71863.4,44691.59,-4.15
Kenya,10/1/2024,2024,10,71609.23,44435.54,-4.01
Kenya,11/1/2024,2024,11,71698.08,44469.87,-5.11
Kenya,12/1/2024,2024,12,71402.81,43662.65,-7.14
Kenya,1/1/2024,2024,1,70903.66,52357.64,15.48
Kenya,2/1/2024,2024,2,71677.01,51069.53,12.51
Kenya,3/1/2024,2024,3,70393.79,45463.83,3.84
Kenya,4/1/2024,2024,4,71557.61,45136.72,0.86
Kenya,5/1/2024,2024,5,71745.97,45478.12,0.61
Kenya,6/1/2024,2024,6,70776.22,44256.29,-4.06
Kenya,7/1/2024,2024,7,71547.24,44990.69,-1.94
Kenya,8/1/2024,2024,8,72084.31,45182.06,-2.12
Kenya,9/1/2024,2024,9,71441.08,44563.96,-4.23
Kenya,10/1/2024,2024,10,71671.64,44725,-4.84
Kenya,11/1/2024,2024,11,71126.46,43942.97,-6.13
Kenya,12/1/2024,2024,12,71721.85,44270.45,-6.91
Kenya,1/1/2024,2024,1,72164.09,52389.08,16.43
Kenya,2/1/2024,2024,2,71416.26,49836.65,12.08
Kenya,3/1/2024,2024,3,71458.3,45810.14,4.7
Kenya,4/1/2024,2024,4,71856.11,45222.53,0.95
Kenya,5/1/2024,2024,5,71309.91,45167.18,-0.41
Kenya,6/1/2024,2024,6,70936.24,44269.8,-2.46
Kenya,7/1/2024,2024,7,71701.95,45060.49,-1.61
Kenya,8/1/2024,2024,8,71517.14,44609.27,-2.96
Kenya,9/1/2024,2024,9,72124.08,44878.3,-3.04
Kenya,10/1/2024,2024,10,71245.09,43644.78,-6.55
Kenya,11/1/2024,2024,11,71611.34,43333.85,-8.63
Kenya,12/1/2024,2024,12,71506.8,43411.53,-6.3
Kenya,1/1/2024,2024,1,84739.78,58877.47,8.85
Kenya,2/1/2024,2024,2,84071.19,56437.04,7.51
Kenya,3/1/2024,2024,3,84216.25,54676.58,5.52
Kenya,4/1/2024,2024,4,85997.65,54110.97,4.3
Kenya,5/1/2024,2024,5,87725.85,55597.07,2.56
Kenya,6/1/2024,2024,6,84760.95,52108.77,-2.83
Kenya,7/1/2024,2024,7,85183.25,52820.28,-0.88
Kenya,8/1/2024,2024,8,85895.03,53813.39,-0.17
Kenya,9/1/2024,2024,9,86130.15,53799.06,-0.21
Kenya,1/1/2025,2025,1,79971.49,51645.3,-0.06
Kenya,2/1/2025,2025,2,79702.39,51743.32,0.11
Kenya,3/1/2025,2025,3,79539.83,51953.85,4.48
Kenya,4/1/2025,2025,4,80450.96,52292.25,3.26
Kenya,5/1/2025,2025,5,80915.68,53397.33,1.59
Kenya,6/1/2025,2025,6,80680.75,53328.93,1.01
Kenya,7/1/2025,2025,7,80571.34,53842.12,3.58
Kenya,8/1/2025,2025,8,80890.99,52974.83,3.04
Kenya,9/1/2025,2025,9,80931.81,53136.37,2.25
Kenya,10/1/2025,2025,10,81005.75,53138.99,5.62
Kenya,11/1/2025,2025,11,81436.11,53058.82,4.72
Kenya,12/1/2025,2025,12,80453.89,52608.88,4.15
Kenya,1/1/2025,2025,1,71617.66,56151.87,-0.72
Kenya,2/1/2025,2025,2,71377.88,55088.52,-0.21
Kenya,3/1/2025,2025,3,71092.43,55199.02,2.07
Kenya,4/1/2025,2025,4,72221.28,56710.61,3.16
Kenya,5/1/2025,2025,5,71507.46,56279.81,0.09
Kenya,6/1/2025,2025,6,71942.78,56656.8,3.54
Kenya,7/1/2025,2025,7,72386.35,57010.38,3.74
Kenya,8/1/2025,2025,8,72610.53,57741.22,2.75
Kenya,9/1/2025,2025,9,72703.63,57045.6,3.92
Kenya,10/1/2025,2025,10,72118.13,55821.65,2.81
Kenya,11/1/2025,2025,11,72392.19,56726.56,2.5
Kenya,12/1/2025,2025,12,71603.87,54914.76,0.33
Kenya,1/1/2025,2025,1,71972.34,44981.67,-10.2
Kenya,2/1/2025,2025,2,71471.53,44235.08,-7.69
Kenya,3/1/2025,2025,3,72365.1,45059.64,-1.59
Kenya,4/1/2025,2025,4,72338.14,45366.23,1.2
Kenya,5/1/2025,2025,5,72959.62,45958.7,1.03
Kenya,6/1/2025,2025,6,73088.12,45972.37,2.47
Kenya,7/1/2025,2025,7,71952.51,45052,-0.67
Kenya,8/1/2025,2025,8,72792.64,45994.31,1.69
Kenya,9/1/2025,2025,9,73212.49,45863.53,0.83
Kenya,10/1/2025,2025,10,72345.55,45314.36,1.64
Kenya,11/1/2025,2025,11,72727.73,45160.33,1.48
Kenya,12/1/2025,2025,12,73315.31,46211.64,1.85
Kenya,1/1/2025,2025,1,67899.45,52508.2,-2.27
Kenya,2/1/2025,2025,2,68067.95,52417.51,-1.09
Kenya,3/1/2025,2025,3,68193.88,53228.24,2.99
Kenya,4/1/2025,2025,4,67828.71,52588.9,2.54
Kenya,5/1/2025,2025,5,68851.09,55045.61,3.87
Kenya,6/1/2025,2025,6,68477.48,54046.5,2.26
Kenya,7/1/2025,2025,7,68459.61,53574.22,2.58
Kenya,8/1/2025,2025,8,68033.18,53008.44,0.97
Kenya,9/1/2025,2025,9,68325.42,53080.71,1.42
Kenya,10/1/2025,2025,10,68334.56,52869.09,1.94
Kenya,11/1/2025,2025,11,68774.71,52960.72,1.29
Kenya,12/1/2025,2025,12,68239.66,52423.27,1.21
Kenya,1/1/2025,2025,1,75801.79,60362.58,-2.67
Kenya,2/1/2025,2025,2,75614.17,59655.94,-1.34
Kenya,3/1/2025,2025,3,74940.24,59326.96,1.05
Kenya,4/1/2025,2025,4,75242.76,60658.25,1.82
Kenya,5/1/2025,2025,5,75354.36,61063.73,1.32
Kenya,6/1/2025,2025,6,76318.69,61411.94,2.68
Kenya,7/1/2025,2025,7,76075.2,61135.13,1.32
Kenya,8/1/2025,2025,8,75787.08,59912.78,0.73
Kenya,9/1/2025,2025,9,75554.14,59231.57,0.43
Kenya,10/1/2025,2025,10,75792.51,59992.8,3.29
Kenya,11/1/2025,2025,11,75945.8,59770.02,0.69
Kenya,12/1/2025,2025,12,75488.72,59003.21,0.57
Kenya,1/1/2025,2025,1,83761.86,58428.6,-1.03
Kenya,2/1/2025,2025,2,84077.92,57944.89,-0.25
Kenya,3/1/2025,2025,3,84307.75,58427.51,2.25
Kenya,4/1/2025,2025,4,84467.58,58704.27,1.3
Kenya,5/1/2025,2025,5,83967.07,59164.8,-0.14
Kenya,6/1/2025,2025,6,83798.76,59825.15,0.61
Kenya,7/1/2025,2025,7,84208.43,58929.74,1.07
Kenya,8/1/2025,2025,8,84613.95,58988.43,1.06
Kenya,9/1/2025,2025,9,84224.93,58522.2,0.95
Kenya,10/1/2025,2025,10,84799.84,59150.07,3.22
Kenya,11/1/2025,2025,11,84878.89,58615.91,3.43
Kenya,12/1/2025,2025,12,84535.06,58069.66,1.45
Kenya,1/1/2025,2025,1,70827.52,45588.7,-6.42
Kenya,2/1/2025,2025,2,70628.59,44504.86,-4.87
Kenya,3/1/2025,2025,3,70605.69,44114.51,-0.96
Kenya,4/1/2025,2025,4,70755.63,44870.87,0.24
Kenya,5/1/2025,2025,5,71111.39,45507.35,2.15
Kenya,6/1/2025,2025,6,71118.63,45767.34,1.61
Kenya,7/1/2025,2025,7,71024.84,45035.08,1.63
Kenya,8/1/2025,2025,8,71628.89,45373.87,2.5
Kenya,9/1/2025,2025,9,70850.11,45523.16,1.8
Kenya,10/1/2025,2025,10,71217.06,45070.89,3.06
Kenya,11/1/2025,2025,11,72106.35,45616.1,1.95
Kenya,12/1/2025,2025,12,71576.34,45247.48,3.18
Kenya,1/1/2025,2025,1,82164.29,54007.35,-0.2
Kenya,2/1/2025,2025,2,82600.58,54869.36,1.99
Kenya,3/1/2025,2025,3,82822.42,54139.66,3.86
Kenya,4/1/2025,2025,4,82224.05,54399.26,0.33
Kenya,5/1/2025,2025,5,82584.5,54580.35,0.48
Kenya,6/1/2025,2025,6,82681.08,55357.98,1.8
Kenya,7/1/2025,2025,7,83315.03,55742.95,0.76
Kenya,8/1/2025,2025,8,82931.26,55009.74,2.06
Kenya,9/1/2025,2025,9,82456.52,54813.29,1.76
Kenya,10/1/2025,2025,10,82575.14,54711.27,1.31
Kenya,11/1/2025,2025,11,82263.93,54759.66,1.55
Kenya,12/1/2025,2025,12,82522.36,54647.68,0.92
Kenya,1/1/2025,2025,1,75283.93,63795.03,1.3
Kenya,2/1/2025,2025,2,74871.82,62990.83,0.66
Kenya,3/1/2025,2025,3,75010.04,62644.4,4.09
Kenya,4/1/2025,2025,4,74969.38,63375.95,4.73
Kenya,5/1/2025,2025,5,75179.96,63860.92,4.58
Kenya,6/1/2025,2025,6,73672.89,61447.6,0.84
Kenya,7/1/2025,2025,7,75155.27,63526.78,3.45
Kenya,8/1/2025,2025,8,74975.05,63978.72,4.57
Kenya,9/1/2025,2025,9,75237.17,63964.98,1.18
Kenya,10/1/2025,2025,10,75395.19,63483.94,0.34
Kenya,11/1/2025,2025,11,75482.21,62710.81,3.74
Kenya,12/1/2025,2025,12,75531.41,63849.47,6.69
Kenya,1/1/2025,2025,1,80407.42,49944.67,-1.28
Kenya,2/1/2025,2025,2,79955.8,50254.53,-0.89
Kenya,3/1/2025,2025,3,80456.75,50582.51,0.48
Kenya,4/1/2025,2025,4,81952,52173.6,2.67
Kenya,5/1/2025,2025,5,81730.41,51683.03,2.16
Kenya,6/1/2025,2025,6,81191.75,51641.13,1.84
Kenya,7/1/2025,2025,7,81050.99,51541.16,1.75
Kenya,8/1/2025,2025,8,82698.62,52551.97,4.58
Kenya,9/1/2025,2025,9,81228.36,50958.22,0.84
Kenya,10/1/2025,2025,10,80847.28,50223.87,1.55
Kenya,11/1/2025,2025,11,81668.16,51445.36,4.12
Kenya,12/1/2025,2025,12,80582.42,50648.22,1.68
Kenya,1/1/2025,2025,1,87232.82,52768.81,-2.43
Kenya,2/1/2025,2025,2,84279.86,51343.28,-5.44
Kenya,3/1/2025,2025,3,86895.98,53376.13,2.43
Kenya,4/1/2025,2025,4,87588.42,54443.31,1.89
Kenya,5/1/2025,2025,5,87877.33,54302.47,0.04
Kenya,6/1/2025,2025,6,88129.24,54470.65,2.23
Kenya,7/1/2025,2025,7,87692.18,53992.7,3.59
Kenya,8/1/2025,2025,8,89646.52,55333.92,4.27
Kenya,9/1/2025,2025,9,87920.83,53398.13,0.37
Kenya,10/1/2025,2025,10,86126.98,52784.07,0.4
Kenya,11/1/2025,2025,11,86694.16,53614.03,1.91
Kenya,12/1/2025,2025,12,87495.63,53708.41,4.81
Kenya,1/1/2025,2025,1,74995.58,64413.43,-3.58
Kenya,2/1/2025,2025,2,75019.03,64053.6,-2.9
Kenya,3/1/2025,2025,3,75014.58,63869.4,-0.05
Kenya,4/1/2025,2025,4,75066.22,64540.48,1.11
Kenya,5/1/2025,2025,5,75066.22,64706.16,0.86
Kenya,6/1/2025,2025,6,75140.56,64826.66,0.56
Kenya,7/1/2025,2025,7,75115.33,64304.45,-0.14
Kenya,8/1/2025,2025,8,75236.91,65108.99,2.02
Kenya,9/1/2025,2025,9,75088.6,64579.94,0.69
Kenya,10/1/2025,2025,10,75509.35,64391.59,0.5
Kenya,11/1/2025,2025,11,75023.66,64055.02,0.47
Kenya,12/1/2025,2025,12,75484.38,64199.08,1.24
Kenya,1/1/2025,2025,1,76321.86,53939.05,-4.42
Kenya,2/1/2025,2025,2,77054.65,55623.47,0.38
Kenya,3/1/2025,2025,3,76595.84,56044.5,2.6
Kenya,4/1/2025,2025,4,77299.56,55662.35,1.51
Kenya,5/1/2025,2025,5,77803,57163.08,1.73
Kenya,6/1/2025,2025,6,77369.8,56741.49,1.82
Kenya,7/1/2025,2025,7,77513.18,57020.19,1.2
Kenya,8/1/2025,2025,8,77857.57,56081.34,2.16
Kenya,9/1/2025,2025,9,78371.15,57085.07,1.51
Kenya,10/1/2025,2025,10,77948.52,55720.35,2.16
Kenya,11/1/2025,2025,11,77500.65,55701.34,2.08
Kenya,12/1/2025,2025,12,78115.38,55482.83,0.29
Kenya,1/1/2025,2025,1,81783.34,56459.7,2.76
Kenya,2/1/2025,2025,2,80811.85,56290.24,3.84
Kenya,3/1/2025,2025,3,80734.68,55044.93,1.21
Kenya,4/1/2025,2025,4,80927.27,56140.56,1.17
Kenya,5/1/2025,2025,5,82704.53,58241.21,3.92
Kenya,6/1/2025,2025,6,81450.48,57060.52,3.12
Kenya,7/1/2025,2025,7,81697.74,55660.38,1.4
Kenya,8/1/2025,2025,8,82072.83,57240.93,1.44
Kenya,9/1/2025,2025,9,81760.41,57463.18,3.05
Kenya,10/1/2025,2025,10,81318.75,56349.54,5.01
Kenya,11/1/2025,2025,11,81824.33,56978.19,2.4
Kenya,12/1/2025,2025,12,82155.64,57805.1,4.84
Kenya,1/1/2025,2025,1,83498.31,52896.95,-1.99
Kenya,2/1/2025,2025,2,83690.14,52683.49,-1.5
Kenya,3/1/2025,2025,3,84156.17,53360.86,1.81
Kenya,4/1/2025,2025,4,84427.18,54411.38,2.87
Kenya,5/1/2025,2025,5,85085.96,54690.35,1.61
Kenya,6/1/2025,2025,6,85364.81,54151.17,2.54
Kenya,7/1/2025,2025,7,84274,54488.18,3
Kenya,8/1/2025,2025,8,85692.98,54451.8,2.5
Kenya,9/1/2025,2025,9,85476.38,55003.25,4.49
Kenya,10/1/2025,2025,10,85117.92,54126.71,3.27
Kenya,11/1/2025,2025,11,85324.23,54629.3,4.67
Kenya,12/1/2025,2025,12,84836.57,53769.79,1.57
Kenya,1/1/2025,2025,1,78564.39,50177.86,-2.34
Kenya,2/1/2025,2025,2,79117.47,50891.23,2.14
Kenya,3/1/2025,2025,3,79192.28,51095.62,3.89
Kenya,4/1/2025,2025,4,78222.44,50294.14,1.48
Kenya,5/1/2025,2025,5,79593.36,51683.59,1.51
Kenya,6/1/2025,2025,6,79360.24,52028.43,2.48
Kenya,7/1/2025,2025,7,79175.2,51054.89,1.31
Kenya,8/1/2025,2025,8,80321.77,52534.09,2.88
Kenya,9/1/2025,2025,9,79512.04,51602.67,3.26
Kenya,10/1/2025,2025,10,79353.04,50282.79,0.1
Kenya,11/1/2025,2025,11,79620.99,51461.35,1.5
Kenya,12/1/2025,2025,12,79199.61,50174.68,0.16
Kenya,1/1/2025,2025,1,79328.72,55197.31,0.07
Kenya,2/1/2025,2025,2,79410.84,54826.52,1.22
Kenya,3/1/2025,2025,3,79318.25,54724.64,1.58
Kenya,4/1/2025,2025,4,79011.26,55648.97,2.21
Kenya,5/1/2025,2025,5,79017.65,56073.69,0.23
Kenya,6/1/2025,2025,6,78248.64,55909.09,1.62
Kenya,7/1/2025,2025,7,79373.53,56455.97,4.23
Kenya,8/1/2025,2025,8,80959.46,56387.89,2.23
Kenya,9/1/2025,2025,9,78998.68,56109.98,1.43
Kenya,10/1/2025,2025,10,79926.02,55222.1,0.93
Kenya,11/1/2025,2025,11,79610.88,54581.08,0.57
Kenya,12/1/2025,2025,12,80054.08,55022.61,1.91
Kenya,1/1/2025,2025,1,81438.39,52207.03,1.1
Kenya,2/1/2025,2025,2,80766.45,51980.55,2.86
Kenya,3/1/2025,2025,3,81145.49,52073.51,1.62
Kenya,4/1/2025,2025,4,82111.01,52440.16,3.15
Kenya,5/1/2025,2025,5,82584.32,53085.79,2.55
Kenya,6/1/2025,2025,6,82560.98,52814.49,2.59
Kenya,7/1/2025,2025,7,82526.43,52715.08,0.43
Kenya,8/1/2025,2025,8,81788.2,52016.89,0.8
Kenya,9/1/2025,2025,9,81532.49,51958.8,0.61
Kenya,10/1/2025,2025,10,81560.37,52537.4,1.31
Kenya,11/1/2025,2025,11,82846.58,53166.77,3.63
Kenya,12/1/2025,2025,12,82204.29,52297.01,0.96
Kenya,1/1/2025,2025,1,77855.07,48875.8,-3.04
Kenya,2/1/2025,2025,2,77579.86,48589.29,-1.29
Kenya,3/1/2025,2025,3,77364.05,48355.82,1.71
Kenya,4/1/2025,2025,4,78412.14,50078.8,3.44
Kenya,5/1/2025,2025,5,79232.2,50751.28,3.36
Kenya,6/1/2025,2025,6,79766.2,51820.6,4.05
Kenya,7/1/2025,2025,7,79284.31,50367.86,1.56
Kenya,8/1/2025,2025,8,79483.64,50792.92,3.53
Kenya,9/1/2025,2025,9,79694.19,50051.36,3.64
Kenya,10/1/2025,2025,10,78700.6,49171.45,2.16
Kenya,11/1/2025,2025,11,78038.34,48712.81,1.33
Kenya,12/1/2025,2025,12,78291.03,48810.36,2.83
Kenya,1/1/2025,2025,1,78853.53,54709.77,-3.73
Kenya,2/1/2025,2025,2,78245.64,54161.58,-0.5
Kenya,3/1/2025,2025,3,78667.82,54624.31,3.53
Kenya,4/1/2025,2025,4,77970.3,55347.99,1.82
Kenya,5/1/2025,2025,5,80417.01,56410.17,2.62
Kenya,6/1/2025,2025,6,79815.84,56429.09,2.5
Kenya,7/1/2025,2025,7,79272.66,55589.4,0.07
Kenya,8/1/2025,2025,8,79884.65,55944.42,1.1
Kenya,9/1/2025,2025,9,81471.33,56930,5.12
Kenya,10/1/2025,2025,10,80797.02,55433.32,2.94
Kenya,11/1/2025,2025,11,78856.11,54972.35,2.02
Kenya,12/1/2025,2025,12,80043.37,54994.64,2.5
Kenya,1/1/2025,2025,1,78407.34,59105.9,7.57
Kenya,2/1/2025,2025,2,76017.77,55764.8,4.75
Kenya,3/1/2025,2025,3,76010.57,55527.93,4.9
Kenya,4/1/2025,2025,4,76710.08,56871.35,6.14
Kenya,5/1/2025,2025,5,76741.88,57093.43,8.06
Kenya,6/1/2025,2025,6,76815.53,57586.06,2.3
Kenya,7/1/2025,2025,7,78291.57,59232.01,4.27
Kenya,8/1/2025,2025,8,76678.13,56757.85,-2.48
Kenya,9/1/2025,2025,9,78704.38,59557.07,4.87
Kenya,10/1/2025,2025,10,78717.77,59520.15,2.14
Kenya,11/1/2025,2025,11,76388.64,55927.17,-3.09
Kenya,12/1/2025,2025,12,78388.21,58853.03,5.11
Kenya,1/1/2025,2025,1,74911.57,46571.72,0.44
Kenya,2/1/2025,2025,2,74116.09,44956.29,0.39
Kenya,3/1/2025,2025,3,73595.37,44741.66,2.43
Kenya,4/1/2025,2025,4,74428.41,45798.62,1.5
Kenya,5/1/2025,2025,5,74799.44,46536.03,1.1
Kenya,6/1/2025,2025,6,74678.15,46172.36,0.41
Kenya,7/1/2025,2025,7,75351.05,46552.79,1.71
Kenya,8/1/2025,2025,8,76051.72,46937,2.55
Kenya,9/1/2025,2025,9,76005.14,46841.33,3.87
Kenya,10/1/2025,2025,10,75706.47,46868.95,5.16
Kenya,11/1/2025,2025,11,74993.85,45628.02,2.77
Kenya,12/1/2025,2025,12,75670.74,45965.89,4.94
Kenya,1/1/2025,2025,1,76320.32,58962.06,3.23
Kenya,2/1/2025,2025,2,76045.11,58182.89,3.93
Kenya,3/1/2025,2025,3,75722.97,57490.83,3.6
Kenya,4/1/2025,2025,4,76042.76,58688.23,6.99
Kenya,5/1/2025,2025,5,76287.53,59350.22,6.61
Kenya,6/1/2025,2025,6,76513.89,59813.92,7.36
Kenya,7/1/2025,2025,7,76413.2,58867.59,5.4
Kenya,8/1/2025,2025,8,76394.99,59291.76,1.71
Kenya,9/1/2025,2025,9,76336.96,58717.27,2.19
Kenya,10/1/2025,2025,10,76088.34,58024.53,0.65
Kenya,11/1/2025,2025,11,75942.82,57497.29,0.05
Kenya,12/1/2025,2025,12,75979.04,58045.31,1.07
Kenya,1/1/2025,2025,1,84012.98,52016.38,-3.65
Kenya,2/1/2025,2025,2,82705.53,50424.16,-1.41
Kenya,3/1/2025,2025,3,83286.91,51531.12,3.39
Kenya,4/1/2025,2025,4,84684.11,51306.48,0.58
Kenya,5/1/2025,2025,5,84860.26,51924.42,-1.89
Kenya,6/1/2025,2025,6,84978.21,52162.35,0.74
Kenya,7/1/2025,2025,7,87663.3,53581.67,3.3
Kenya,8/1/2025,2025,8,87717.94,54794.55,5.04
Kenya,9/1/2025,2025,9,87074.5,52804.03,6.13
Kenya,10/1/2025,2025,10,84388.09,50699.34,0.22
Kenya,11/1/2025,2025,11,85535.58,52989.48,5.75
Kenya,12/1/2025,2025,12,84155.67,51553.24,3.19
Kenya,1/1/2025,2025,1,82177.8,56054.25,-2.58
Kenya,2/1/2025,2025,2,81569.02,55681.8,-0.92
Kenya,3/1/2025,2025,3,81834.32,56138.12,2.19
Kenya,4/1/2025,2025,4,81906.54,56792.86,0.74
Kenya,5/1/2025,2025,5,82394.03,56981.8,0.15
Kenya,6/1/2025,2025,6,83073.5,57886.63,1.54
Kenya,7/1/2025,2025,7,82514.05,57415.95,1.48
Kenya,8/1/2025,2025,8,83336.71,58060.79,2.12
Kenya,9/1/2025,2025,9,82902.14,57012.13,-0.2
Kenya,10/1/2025,2025,10,82467.04,56945.67,2.8
Kenya,11/1/2025,2025,11,83024.86,56370.57,0.57
Kenya,12/1/2025,2025,12,83169.47,57409.63,4.48
Kenya,1/1/2025,2025,1,90745.94,53560.45,-1.59
Kenya,2/1/2025,2025,2,91513.09,53529.6,-0.96
Kenya,3/1/2025,2025,3,91387.36,53520.15,0.97
Kenya,4/1/2025,2025,4,91607.53,53390.82,1.42
Kenya,5/1/2025,2025,5,90913.55,53780.42,-0.17
Kenya,6/1/2025,2025,6,92010.57,53566.46,0.83
Kenya,7/1/2025,2025,7,91972.44,53394.71,0.7
Kenya,8/1/2025,2025,8,91220.23,53494.3,0.02
Kenya,9/1/2025,2025,9,90961.54,53790.6,0.14
Kenya,10/1/2025,2025,10,91197.73,53718.64,1.45
Kenya,11/1/2025,2025,11,91963.3,53529.53,0.2
Kenya,12/1/2025,2025,12,91021.12,53646.09,0.37
Kenya,1/1/2025,2025,1,92762.11,57642.92,-1.28
Kenya,2/1/2025,2025,2,92866.15,58907.67,-0.84
Kenya,3/1/2025,2025,3,91963.97,57621.18,1.27
Kenya,4/1/2025,2025,4,93497.64,58530.03,2.03
Kenya,5/1/2025,2025,5,94132.15,58569.7,1.2
Kenya,6/1/2025,2025,6,93985.69,58614.63,0.45
Kenya,7/1/2025,2025,7,93305.97,58594.73,1.33
Kenya,8/1/2025,2025,8,93849.37,58465.73,2.4
Kenya,9/1/2025,2025,9,93796.61,58238.91,0.47
Kenya,10/1/2025,2025,10,92980.93,57718.77,2.86
Kenya,11/1/2025,2025,11,93289.9,58203.92,0.11
Kenya,12/1/2025,2025,12,93768.98,58159.21,0.91
Kenya,1/1/2025,2025,1,91955.32,56713.02,0.28
Kenya,2/1/2025,2025,2,91657.79,55776.84,-0.05
Kenya,3/1/2025,2025,3,90840.89,55471.65,-1.9
Kenya,4/1/2025,2025,4,91771.76,56686.57,0.85
Kenya,5/1/2025,2025,5,92822.73,56452.7,1.78
Kenya,6/1/2025,2025,6,92621.31,57009.22,2.07
Kenya,7/1/2025,2025,7,93308.25,56686.14,0.51
Kenya,8/1/2025,2025,8,92700.81,56574.53,-0.41
Kenya,9/1/2025,2025,9,92168.74,56998.95,1.51
Kenya,10/1/2025,2025,10,91185.89,55244.11,-0.29
Kenya,11/1/2025,2025,11,92854.14,56486.89,1.87
Kenya,12/1/2025,2025,12,91685.47,55660.07,-0.13
Kenya,1/1/2025,2025,1,70993.63,49744.34,-3.22
Kenya,2/1/2025,2025,2,71226.88,50799.82,-2.86
Kenya,3/1/2025,2025,3,73231.43,54164.41,7.2
Kenya,4/1/2025,2025,4,71889.42,51559.73,-3.73
Kenya,5/1/2025,2025,5,71754.06,52705.36,2.5
Kenya,6/1/2025,2025,6,73651.09,55603.89,6.96
Kenya,7/1/2025,2025,7,73960.21,55388.25,7.88
Kenya,8/1/2025,2025,8,73420.77,55024.34,5.37
Kenya,9/1/2025,2025,9,73682.1,53757.85,0.89
Kenya,10/1/2025,2025,10,74234.59,54901.17,7.05
Kenya,11/1/2025,2025,11,73156.82,54028.52,1.59
Kenya,12/1/2025,2025,12,73808.8,54152.75,0.41
Kenya,1/1/2025,2025,1,72255.59,48613.47,1.22
Kenya,2/1/2025,2025,2,72137.75,48031.83,-0.04
Kenya,3/1/2025,2025,3,72076.56,48200.35,2.51
Kenya,4/1/2025,2025,4,72902.07,49708.67,2.37
Kenya,5/1/2025,2025,5,73270.84,50078.64,4.61
Kenya,6/1/2025,2025,6,73352.97,50625.27,2.75
Kenya,7/1/2025,2025,7,72632.63,49034.04,3.2
Kenya,8/1/2025,2025,8,73217.67,49550.1,2.23
Kenya,9/1/2025,2025,9,73511.96,49269.11,0.77
Kenya,10/1/2025,2025,10,73566.3,49408.31,3.84
Kenya,11/1/2025,2025,11,72046.04,47403.04,1.81
Kenya,12/1/2025,2025,12,73788.8,49330.59,6.97
Kenya,1/1/2025,2025,1,81387.56,54358.49,-0.57
Kenya,2/1/2025,2025,2,81454.81,54218.86,-0.52
Kenya,3/1/2025,2025,3,81879.16,54768.36,0.85
Kenya,4/1/2025,2025,4,80843.42,53252.38,2.24
Kenya,5/1/2025,2025,5,82889.78,54564.94,1.79
Kenya,6/1/2025,2025,6,82194.31,54683.52,1.2
Kenya,7/1/2025,2025,7,83383.39,54661.61,1.02
Kenya,8/1/2025,2025,8,81228.47,54362.49,1.99
Kenya,9/1/2025,2025,9,82850.67,54939.92,4.04
Kenya,10/1/2025,2025,10,81123.98,53955.87,0.98
Kenya,11/1/2025,2025,11,82512.28,54508.96,3.94
Kenya,12/1/2025,2025,12,82295.3,54771.39,2.38
Kenya,1/1/2025,2025,1,71941.3,50312.61,-4.04
Kenya,2/1/2025,2025,2,70888.61,49486.19,-1.94
Kenya,3/1/2025,2025,3,71839.79,50255.53,1.24
Kenya,4/1/2025,2025,4,71919.24,50868.92,0.5
Kenya,5/1/2025,2025,5,72448.5,51814.57,0.62
Kenya,6/1/2025,2025,6,72202.77,51431.63,1.6
Kenya,7/1/2025,2025,7,71982.63,50300.4,1.32
Kenya,8/1/2025,2025,8,72133.25,50674.98,0.67
Kenya,9/1/2025,2025,9,71805.25,50952.23,2.13
Kenya,10/1/2025,2025,10,72156.6,50125.03,0.93
Kenya,11/1/2025,2025,11,72658.81,50691.2,2.17
Kenya,12/1/2025,2025,12,72515.1,50752.83,3.03
Kenya,1/1/2025,2025,1,71501.11,49349.43,-1.89
Kenya,2/1/2025,2025,2,71503.57,48734.08,-2.58
Kenya,3/1/2025,2025,3,71057.2,48622.25,0.6
Kenya,4/1/2025,2025,4,70968.05,49954.31,1.27
Kenya,5/1/2025,2025,5,72247.16,50259.87,1.68
Kenya,6/1/2025,2025,6,72212.5,50277,2.56
Kenya,7/1/2025,2025,7,72059.31,50058.5,2.03
Kenya,8/1/2025,2025,8,72085.48,50022.2,2.4
Kenya,9/1/2025,2025,9,72033.7,50174.26,2.88
Kenya,10/1/2025,2025,10,71772.32,49537.98,2.31
Kenya,11/1/2025,2025,11,71845,49502.96,1.43
Kenya,12/1/2025,2025,12,71147.04,48876.09,0.68
Kenya,1/1/2025,2025,1,79222.19,51881.26,-1.9
Kenya,2/1/2025,2025,2,79489.2,51515.64,-2.88
Kenya,3/1/2025,2025,3,79352.95,51012.02,-0.62
Kenya,4/1/2025,2025,4,79954.26,51736.99,0.53
Kenya,5/1/2025,2025,5,79306.37,51102.01,-1.05
Kenya,6/1/2025,2025,6,80283.62,51822.91,1.29
Kenya,7/1/2025,2025,7,79999.13,51986.67,0.04
Kenya,8/1/2025,2025,8,80090.48,51608.78,1.07
Kenya,9/1/2025,2025,9,79830.34,51834.88,1.37
Kenya,10/1/2025,2025,10,79638.7,51483.13,0.41
Kenya,11/1/2025,2025,11,79118.41,51366.85,1.31
Kenya,12/1/2025,2025,12,79901.17,51504.59,0.82
Kenya,1/1/2025,2025,1,76553.69,59864.34,-3.08
Kenya,2/1/2025,2025,2,76450.31,59585.22,-1.39
Kenya,3/1/2025,2025,3,76405.17,59549.67,1.29
Kenya,4/1/2025,2025,4,76370.86,60368.56,1.83
Kenya,5/1/2025,2025,5,76753.83,61265.85,1.24
Kenya,6/1/2025,2025,6,76966.81,60771.93,1.79
Kenya,7/1/2025,2025,7,76505.49,60218.87,0.43
Kenya,8/1/2025,2025,8,77062.63,60850.01,2.25
Kenya,9/1/2025,2025,9,76566.07,59965.61,1.34
Kenya,10/1/2025,2025,10,76632.41,60001.59,1.47
Kenya,11/1/2025,2025,11,76809.87,60269.81,1.49
Kenya,12/1/2025,2025,12,76745.66,59896.36,1.05
Kenya,1/1/2025,2025,1,73601.04,51398.56,-1.48
Kenya,2/1/2025,2025,2,73546.45,51681.75,0.24
Kenya,3/1/2025,2025,3,72919.22,50809.96,1.51
Kenya,4/1/2025,2025,4,74012.2,52211.35,2.49
Kenya,5/1/2025,2025,5,73684.82,51753.74,0.32
Kenya,6/1/2025,2025,6,73950.63,52513.53,2.64
Kenya,7/1/2025,2025,7,73130.22,51134.23,-0.26
Kenya,8/1/2025,2025,8,73933.5,52328.63,2.62
Kenya,9/1/2025,2025,9,74435.78,52920.37,1.85
Kenya,10/1/2025,2025,10,74007.72,51205.07,1.02
Kenya,11/1/2025,2025,11,73863.85,51658.52,2.33
Kenya,12/1/2025,2025,12,74902.99,53777.32,3.6
Kenya,1/1/2025,2025,1,89684.1,60846.67,-1.64
Kenya,2/1/2025,2025,2,90150.98,61259.05,-0.78
Kenya,3/1/2025,2025,3,90314.24,61715.05,1.09
Kenya,4/1/2025,2025,4,90148.26,61405.68,0.04
Kenya,5/1/2025,2025,5,90825.05,62432.92,0.19
Kenya,6/1/2025,2025,6,91015.78,62111.97,1.39
Kenya,7/1/2025,2025,7,91226.96,62462.73,2.12
Kenya,8/1/2025,2025,8,91336.37,62711.44,2.4
Kenya,9/1/2025,2025,9,90591.76,62404.38,1.46
Kenya,10/1/2025,2025,10,90940.48,61881.62,1.97
Kenya,11/1/2025,2025,11,90712.9,62138.05,3.45
Kenya,12/1/2025,2025,12,90329.93,61648.76,1.83
Kenya,1/1/2025,2025,1,73836.22,50788.41,-1.93
Kenya,2/1/2025,2025,2,72923.82,49882.54,-0.93
Kenya,3/1/2025,2025,3,73774.94,49922.63,0.72
Kenya,4/1/2025,2025,4,73689.17,50791.72,1.46
Kenya,5/1/2025,2025,5,74756.08,52188.89,2.19
Kenya,6/1/2025,2025,6,74272.76,51314.7,2.23
Kenya,7/1/2025,2025,7,74453.9,51264.74,1.98
Kenya,8/1/2025,2025,8,74856.34,52021.12,3.3
Kenya,9/1/2025,2025,9,74694.72,51265.69,1.66
Kenya,10/1/2025,2025,10,74596.08,50795.43,1.61
Kenya,11/1/2025,2025,11,74542.88,50847.17,0.81
Kenya,12/1/2025,2025,12,75520.54,51696.26,3.21
Kenya,1/1/2025,2025,1,74120.4,47807.28,-3.09
Kenya,2/1/2025,2025,2,74134.65,47553.65,-0.78
Kenya,3/1/2025,2025,3,74222.2,47140.59,-1.33
Kenya,4/1/2025,2025,4,73927.91,48175.82,1.07
Kenya,5/1/2025,2025,5,74633.13,47693.59,0.23
Kenya,6/1/2025,2025,6,73982.7,48328.83,1.35
Kenya,7/1/2025,2025,7,74971.74,48231.57,0.79
Kenya,8/1/2025,2025,8,75380.52,49213.69,2.78
Kenya,9/1/2025,2025,9,75394.71,47960.74,1.23
Kenya,10/1/2025,2025,10,75426.87,48546.73,2.72
Kenya,11/1/2025,2025,11,74599.95,47790.37,1.84
Kenya,12/1/2025,2025,12,74451.78,47317.52,0.66
Kenya,1/1/2025,2025,1,79916.69,49101.48,-3.53
Kenya,2/1/2025,2025,2,79715.69,48259.43,-1.63
Kenya,3/1/2025,2025,3,81130.88,49324.73,2.54
Kenya,4/1/2025,2025,4,81231.35,49524.9,2.43
Kenya,5/1/2025,2025,5,82364.14,50838.98,4.39
Kenya,6/1/2025,2025,6,80992.76,49263.29,1.2
Kenya,7/1/2025,2025,7,81814.37,50324.78,2.92
Kenya,8/1/2025,2025,8,80954,49853.13,0.42
Kenya,9/1/2025,2025,9,81177.47,50019.71,2.33
Kenya,10/1/2025,2025,10,81170.76,49516.73,2.22
Kenya,11/1/2025,2025,11,81155.75,50181.75,2.72
Kenya,12/1/2025,2025,12,81426.7,50384.13,4.4
Kenya,1/1/2025,2025,1,71815.55,44841.26,-8.74
Kenya,2/1/2025,2025,2,71762.89,44550.56,-4.64
Kenya,3/1/2025,2025,3,71655.67,44429.98,-0.64
Kenya,4/1/2025,2025,4,72399.82,45846.61,2.77
Kenya,5/1/2025,2025,5,71778.14,45137.36,-0.92
Kenya,6/1/2025,2025,6,71886.21,45230.81,1.71
Kenya,7/1/2025,2025,7,71774.55,44574.73,-0.04
Kenya,8/1/2025,2025,8,71786.68,44396.43,0.6
Kenya,9/1/2025,2025,9,72372.78,44841.27,1.65
Kenya,10/1/2025,2025,10,72465.13,45221.73,2.99
Kenya,11/1/2025,2025,11,72359.76,45098.44,1.86
Kenya,12/1/2025,2025,12,72093.15,44933.97,2.17
Kenya,1/1/2025,2025,1,80882.8,52503.73,1.17
Kenya,2/1/2025,2025,2,80406.98,52558.78,1.93
Kenya,3/1/2025,2025,3,81343.99,52478.63,1.2
Kenya,4/1/2025,2025,4,82199.35,53663.54,3.59
Kenya,5/1/2025,2025,5,81863.07,53572.94,3.03
Kenya,6/1/2025,2025,6,82445.76,53594.33,2.44
Kenya,7/1/2025,2025,7,82963.11,53920.63,0.09
Kenya,8/1/2025,2025,8,82008.65,53496.61,1.01
Kenya,9/1/2025,2025,9,82438.55,53664.57,2.87
Kenya,10/1/2025,2025,10,82775.3,53509.84,2.01
Kenya,11/1/2025,2025,11,81662.83,52866.8,1.52
Kenya,12/1/2025,2025,12,81604.15,52963.3,0.64
Kenya,1/1/2025,2025,1,88764.64,60803.93,-4.11
Kenya,2/1/2025,2025,2,89302.35,61559.9,-1.8
Kenya,3/1/2025,2025,3,89149.83,61547.49,1.19
Kenya,4/1/2025,2025,4,89535.77,62202.91,1.6
Kenya,5/1/2025,2025,5,89651,62729.85,0.7
Kenya,6/1/2025,2025,6,90312.33,63420.75,2.49
Kenya,7/1/2025,2025,7,90217.14,63164.38,2.33
Kenya,8/1/2025,2025,8,90580.5,63012.14,1.57
Kenya,9/1/2025,2025,9,90163.93,63132.03,3.08
Kenya,10/1/2025,2025,10,89617.1,62215.99,1
Kenya,11/1/2025,2025,11,89862.53,62390.77,0.52
Kenya,12/1/2025,2025,12,89550.6,61713.48,1.79
Kenya,1/1/2025,2025,1,83368.27,56645.08,-2.41
Kenya,2/1/2025,2025,2,82219.61,55264.34,0.05
Kenya,3/1/2025,2025,3,82022.88,54975.21,1.43
Kenya,4/1/2025,2025,4,82365.67,56634.7,2.98
Kenya,5/1/2025,2025,5,83780.35,58469.44,2.81
Kenya,6/1/2025,2025,6,83695.98,58465.41,6.16
Kenya,7/1/2025,2025,7,84361.77,58611.49,4.49
Kenya,8/1/2025,2025,8,83135.4,58156.98,2.85
Kenya,9/1/2025,2025,9,84436.01,57957.86,1.73
Kenya,10/1/2025,2025,10,83509.57,56229.18,1.59
Kenya,11/1/2025,2025,11,84347.11,58091.72,2.55
Kenya,12/1/2025,2025,12,83219.68,55524.56,1.12
Kenya,1/1/2025,2025,1,75644.97,48747.18,-1.09
Kenya,2/1/2025,2025,2,74576.31,47979.93,-4.01
Kenya,3/1/2025,2025,3,74481.32,48272,1.7
Kenya,4/1/2025,2025,4,75674.29,49096.14,1.36
Kenya,5/1/2025,2025,5,76093.25,49831.38,0.12
Kenya,6/1/2025,2025,6,75327.15,49430.74,0.33
Kenya,7/1/2025,2025,7,76388.56,49819.14,2.67
Kenya,8/1/2025,2025,8,75796.4,49392.8,0.78
Kenya,9/1/2025,2025,9,75758.1,48809.33,1.58
Kenya,10/1/2025,2025,10,75850.62,49367.07,1.13
Kenya,11/1/2025,2025,11,75444.96,48724.72,-0.08
Kenya,12/1/2025,2025,12,76179.81,49926.27,3.8
Kenya,1/1/2025,2025,1,74363.45,55195.02,-1.7
Kenya,2/1/2025,2025,2,73322.88,54105.92,1
Kenya,3/1/2025,2025,3,74153.23,54925.61,4.54
Kenya,4/1/2025,2025,4,74034.01,55815.01,0.64
Kenya,5/1/2025,2025,5,74371.02,56189.78,1.55
Kenya,6/1/2025,2025,6,74326.75,55930.98,2.48
Kenya,7/1/2025,2025,7,74314.08,55474.45,-0.58
Kenya,8/1/2025,2025,8,75152.32,55874.95,1.52
Kenya,9/1/2025,2025,9,74906.82,54696.89,-0.12
Kenya,10/1/2025,2025,10,75100.7,55618.93,4.1
Kenya,11/1/2025,2025,11,74468.92,55547.06,1.74
Kenya,12/1/2025,2025,12,74669.75,55205.27,2.27
Kenya,1/1/2025,2025,1,80896.88,55742.2,-0.58
Kenya,2/1/2025,2025,2,79610.94,55694.08,1.07
Kenya,3/1/2025,2025,3,81136.77,56405.42,3.37
Kenya,4/1/2025,2025,4,79996.62,57139.84,1.38
Kenya,5/1/2025,2025,5,80257.97,58570.21,1.98
Kenya,6/1/2025,2025,6,80955.96,58599.86,2.68
Kenya,7/1/2025,2025,7,81026.48,58491.96,3.79
Kenya,8/1/2025,2025,8,82035.52,58027.47,1.99
Kenya,9/1/2025,2025,9,81741.2,57985.49,2.81
Kenya,10/1/2025,2025,10,79979.45,57115.24,1.11
Kenya,11/1/2025,2025,11,80854.37,56286.54,1.63
Kenya,12/1/2025,2025,12,79579.15,57037.24,2.02
Kenya,1/1/2025,2025,1,76307.42,53609.75,-2.34
Kenya,2/1/2025,2025,2,75694.92,53269.39,-0.28
Kenya,3/1/2025,2025,3,75413.25,52860,-1
Kenya,4/1/2025,2025,4,75645.36,54492.06,0.36
Kenya,5/1/2025,2025,5,76497.71,54774.51,0.69
Kenya,6/1/2025,2025,6,76789.98,54899.59,1.72
Kenya,7/1/2025,2025,7,77008.77,55301.94,3
Kenya,8/1/2025,2025,8,76648.14,54487.03,1.3
Kenya,9/1/2025,2025,9,77207.44,54513.72,1.76
Kenya,10/1/2025,2025,10,75774.95,53313.19,1.16
Kenya,11/1/2025,2025,11,76112.26,53890.5,0.82
Kenya,12/1/2025,2025,12,76240.28,53326.51,1.67
Kenya,1/1/2025,2025,1,81006.93,38903.66,-0.37
Kenya,2/1/2025,2025,2,80623.62,38795.51,-0.33
Kenya,3/1/2025,2025,3,80978.15,38901.27,-0.53
Kenya,4/1/2025,2025,4,81049.1,38945.47,-0.44
Kenya,5/1/2025,2025,5,81054.21,38929.31,-0.02
Kenya,6/1/2025,2025,6,81413.14,39038.41,0.54
Kenya,7/1/2025,2025,7,81598.79,40250.82,2.05
Kenya,8/1/2025,2025,8,80683.08,38828.59,-0.16
Kenya,9/1/2025,2025,9,81454.43,39059.29,0.53
Kenya,10/1/2025,2025,10,81219.53,38769.33,-0.02
Kenya,11/1/2025,2025,11,80925.68,40120.1,1.43
Kenya,12/1/2025,2025,12,81637.63,40247.1,2.59
Kenya,1/1/2025,2025,1,78765.98,51801.89,-0.66
Kenya,2/1/2025,2025,2,78916.56,52706.72,3.63
Kenya,3/1/2025,2025,3,77601.66,51419.9,1.75
Kenya,4/1/2025,2025,4,78180.13,52060.19,2.02
Kenya,5/1/2025,2025,5,80758.1,53558.9,5.57
Kenya,6/1/2025,2025,6,80128.14,53676.7,0.94
Kenya,7/1/2025,2025,7,80390.03,54473.17,4.24
Kenya,8/1/2025,2025,8,80690.6,53626.9,3.36
Kenya,9/1/2025,2025,9,79534.06,53237.28,1.5
Kenya,10/1/2025,2025,10,78976.86,52857.71,3.1
Kenya,11/1/2025,2025,11,80153.78,53774.52,3.86
Kenya,12/1/2025,2025,12,80125.02,53433.42,2.78
Kenya,1/1/2025,2025,1,80676.83,53426.59,-2.23
Kenya,2/1/2025,2025,2,79224.91,51414.61,-3.12
Kenya,3/1/2025,2025,3,80016.94,53324.43,1.56
Kenya,4/1/2025,2025,4,80046.45,53329.94,1.12
Kenya,5/1/2025,2025,5,80996.81,54471.57,4.14
Kenya,6/1/2025,2025,6,81208.08,55195.46,2.4
Kenya,7/1/2025,2025,7,80744.04,54332.85,1.88
Kenya,8/1/2025,2025,8,80828.9,54518.35,2.13
Kenya,9/1/2025,2025,9,80943.5,53943.59,0.6
Kenya,10/1/2025,2025,10,80630.1,53812.49,2.64
Kenya,11/1/2025,2025,11,80844.53,53631.19,1.62
Kenya,12/1/2025,2025,12,80822.35,53288.86,1.32
Kenya,1/1/2025,2025,1,70741.48,44764.05,-1.49
Kenya,2/1/2025,2025,2,70065,43949.51,-2.06
Kenya,3/1/2025,2025,3,70788.73,44576.76,1.34
Kenya,4/1/2025,2025,4,71587.14,45078.37,2.53
Kenya,5/1/2025,2025,5,72417.1,45885.14,1.47
Kenya,6/1/2025,2025,6,71543.36,45144.71,-0.6
Kenya,7/1/2025,2025,7,72126.06,45883.16,3.02
Kenya,8/1/2025,2025,8,71894.19,45374.63,1.79
Kenya,9/1/2025,2025,9,71174.84,44647.2,0.61
Kenya,10/1/2025,2025,10,71761.77,45060.27,1.3
Kenya,11/1/2025,2025,11,72155.91,45701.55,2.58
Kenya,12/1/2025,2025,12,72117.32,45597.33,1.91
Kenya,1/1/2025,2025,1,72037.47,44748.33,-8.6
Kenya,2/1/2025,2025,2,71394.79,44139.81,-6.64
Kenya,3/1/2025,2025,3,72661.93,45309.26,0.34
Kenya,4/1/2025,2025,4,72163.15,45015.01,0.68
Kenya,5/1/2025,2025,5,71937.55,45475.36,-0.08
Kenya,6/1/2025,2025,6,72950.38,46162.08,2.33
Kenya,7/1/2025,2025,7,72294.29,45210.06,2.17
Kenya,8/1/2025,2025,8,72068.31,44619.77,1.44
Kenya,9/1/2025,2025,9,72808.11,45452.39,2.39
Kenya,10/1/2025,2025,10,72263.09,45282.78,1.84
Kenya,11/1/2025,2025,11,72323.09,44864.89,1.62
Kenya,12/1/2025,2025,12,72871.07,45660.89,2.57
Kenya,1/1/2025,2025,1,91654,53895.94,-3.06
Kenya,2/1/2025,2025,2,91472.06,54015.36,-1.7
Kenya,3/1/2025,2025,3,92059.4,54346.39,0.74
Kenya,4/1/2025,2025,4,91915.18,54292.18,-1.1
Kenya,5/1/2025,2025,5,92328.22,54751.27,-0.63
Kenya,6/1/2025,2025,6,92434.66,54494.82,0.78
Kenya,7/1/2025,2025,7,92149.28,54522.83,-1.15
Kenya,8/1/2025,2025,8,91982.86,54314.5,-0.15
Kenya,9/1/2025,2025,9,91724.32,54366.27,-0.41
Kenya,10/1/2025,2025,10,92014.6,54830.45,0.54
Kenya,11/1/2025,2025,11,92046.69,54486.81,0.93
Kenya,12/1/2025,2025,12,91781.04,54392.3,0.44
Kenya,1/1/2025,2025,1,81990.82,52697.5,-2.4
Kenya,2/1/2025,2025,2,83100.25,52489.67,0.05
Kenya,3/1/2025,2025,3,81282.14,52138.87,0.27
Kenya,4/1/2025,2025,4,81473.35,51927.05,-0.61
Kenya,5/1/2025,2025,5,83056.63,53490.66,1.18
Kenya,6/1/2025,2025,6,82801.38,52557.09,1.01
Kenya,7/1/2025,2025,7,83182.26,53661.15,2.36
Kenya,8/1/2025,2025,8,82810.92,53046.68,2.02
Kenya,9/1/2025,2025,9,83539.94,53405.77,1.2
Kenya,10/1/2025,2025,10,82646.17,52166.88,0.22
Kenya,11/1/2025,2025,11,82668.04,52619.13,1.02
Kenya,12/1/2025,2025,12,82956.21,53636.64,2.63
Kenya,1/1/2025,2025,1,78147.24,55479.16,0.24
Kenya,2/1/2025,2025,2,77979.03,54856.01,2.07
Kenya,3/1/2025,2025,3,78876.23,55584.1,2.92
Kenya,4/1/2025,2025,4,79137.74,55977.45,1.42
Kenya,5/1/2025,2025,5,79956.39,57123.11,2.3
Kenya,6/1/2025,2025,6,79339.46,57471.48,2.96
Kenya,7/1/2025,2025,7,79478.03,57285.12,1.53
Kenya,8/1/2025,2025,8,79907.05,57057.52,3.33
Kenya,9/1/2025,2025,9,80153.53,56698.98,4.38
Kenya,10/1/2025,2025,10,79412.86,55639.51,2.11
Kenya,11/1/2025,2025,11,80465.03,56319.15,4.13
Kenya,12/1/2025,2025,12,80028.5,55377.34,1.09
Kenya,1/1/2025,2025,1,86902.43,53763.38,-3.25
Kenya,2/1/2025,2025,2,85910.77,52260.73,-3.38
Kenya,3/1/2025,2025,3,86787.47,53584.38,2.36
Kenya,4/1/2025,2025,4,87767.51,54196.24,4.74
Kenya,5/1/2025,2025,5,87625.67,54296.98,2.34
Kenya,6/1/2025,2025,6,86730.02,53520.91,1.59
Kenya,7/1/2025,2025,7,87597.19,53965.56,0.67
Kenya,8/1/2025,2025,8,87274.94,54344.28,2.86
Kenya,9/1/2025,2025,9,87148.4,53705.11,3.54
Kenya,10/1/2025,2025,10,86824.34,53378.8,2.54
Kenya,11/1/2025,2025,11,86125.6,52389.44,0.29
Kenya,12/1/2025,2025,12,86097.91,53147.25,1.2
Kenya,1/1/2025,2025,1,71536.51,53353.31,3.27
Kenya,2/1/2025,2025,2,69550.93,49094.03,-1.15
Kenya,3/1/2025,2025,3,69073.66,49378.12,1.83
Kenya,4/1/2025,2025,4,68886.07,49021.26,0.23
Kenya,5/1/2025,2025,5,70157.26,49836.63,0.94
Kenya,6/1/2025,2025,6,69558.57,50594.88,2.53
Kenya,7/1/2025,2025,7,69701.69,49558.25,-1.02
Kenya,8/1/2025,2025,8,69977.16,49753.3,-0.45
Kenya,9/1/2025,2025,9,70028.33,50149.14,0.87
Kenya,10/1/2025,2025,10,70214.05,50250.68,1.49
Kenya,11/1/2025,2025,11,72130.88,53234.79,7.41
Kenya,12/1/2025,2025,12,69901.06,49871.18,0.67
Kenya,1/1/2025,2025,1,86969.04,53807.39,-2.6
Kenya,2/1/2025,2025,2,85692.87,52419.69,-2.79
Kenya,3/1/2025,2025,3,83261.67,51287.89,0
Kenya,4/1/2025,2025,4,87640.08,52598.56,-1.66
Kenya,5/1/2025,2025,5,88143.21,55313.85,0.07
Kenya,6/1/2025,2025,6,88258.92,54541.02,2.68
Kenya,7/1/2025,2025,7,88043.05,55425.55,4.1
Kenya,8/1/2025,2025,8,87161.39,52860.8,-0.13
Kenya,9/1/2025,2025,9,85722.13,52996.46,-0.23
Kenya,10/1/2025,2025,10,87620.47,52970.03,1.81
Kenya,11/1/2025,2025,11,88059.06,53077.92,4.26
Kenya,12/1/2025,2025,12,86925.09,53252.89,2.79
Kenya,1/1/2025,2025,1,74305.11,45967.04,-3.15
Kenya,2/1/2025,2025,2,73854.78,44915.15,-3.03
Kenya,3/1/2025,2025,3,73308.25,44242.62,-0.69
Kenya,4/1/2025,2025,4,73058.25,44851.04,0.71
Kenya,5/1/2025,2025,5,74352.88,45819.48,1.46
Kenya,6/1/2025,2025,6,74459.69,46429.23,3.57
Kenya,7/1/2025,2025,7,74190.65,46067.16,1.59
Kenya,8/1/2025,2025,8,74647.66,46394.41,2.51
Kenya,9/1/2025,2025,9,74500.59,45427.25,2.38
Kenya,10/1/2025,2025,10,74944.87,45886.23,3.04
Kenya,11/1/2025,2025,11,75076.17,46383.61,2.45
Kenya,12/1/2025,2025,12,74450.33,45945.25,3.4
Kenya,1/1/2025,2025,1,76285.29,53736.66,-1.48
Kenya,2/1/2025,2025,2,75604.22,52568.14,0.05
Kenya,3/1/2025,2025,3,75489.44,52739.6,1.85
Kenya,4/1/2025,2025,4,76326.34,53445.6,2
Kenya,5/1/2025,2025,5,76516.81,54391.67,1.61
Kenya,6/1/2025,2025,6,76325.52,53659.76,0.39
Kenya,7/1/2025,2025,7,76895.35,54553.71,3.65
Kenya,8/1/2025,2025,8,77208.81,54287.69,2.53
Kenya,9/1/2025,2025,9,77056.34,54336.2,3.57
Kenya,10/1/2025,2025,10,76359.15,53146.16,1.73
Kenya,11/1/2025,2025,11,76162.8,52596.47,1.36
Kenya,12/1/2025,2025,12,76648.99,52928.54,1.89
Kenya,1/1/2025,2025,1,78534.56,51330.26,-1.71
Kenya,2/1/2025,2025,2,78493.08,51056.32,-0.6
Kenya,3/1/2025,2025,3,78668.75,51305.82,1.61
Kenya,4/1/2025,2025,4,78738.91,51477.17,1.51
Kenya,5/1/2025,2025,5,78982.48,51326.62,1.09
Kenya,6/1/2025,2025,6,78721.44,51143.84,0.72
Kenya,7/1/2025,2025,7,79633.87,52306.1,1.88
Kenya,8/1/2025,2025,8,79824.08,52312.81,1.88
Kenya,9/1/2025,2025,9,79964.15,52464.48,2.82
Kenya,10/1/2025,2025,10,78994.47,52000.2,1.35
Kenya,11/1/2025,2025,11,78860.3,51447.42,0.16
Kenya,12/1/2025,2025,12,79040.25,51435.62,2.2
Kenya,1/1/2025,2025,1,79079.63,51186.12,-1.35
Kenya,2/1/2025,2025,2,78191.1,50793.37,-0.83
Kenya,3/1/2025,2025,3,78735.03,51231.83,1.51
Kenya,4/1/2025,2025,4,77984.49,50889.02,-0.59
Kenya,5/1/2025,2025,5,78709.83,51562.56,0.03
Kenya,6/1/2025,2025,6,78893.53,51120.9,0.7
Kenya,7/1/2025,2025,7,78777.57,51282.34,0.41
Kenya,8/1/2025,2025,8,78404.38,51028.54,0
Kenya,9/1/2025,2025,9,79137.92,51006.36,-0.63
Kenya,10/1/2025,2025,10,78454.8,50910.42,1.14
Kenya,11/1/2025,2025,11,78770.23,50628.46,0.62
Kenya,12/1/2025,2025,12,77746.26,50727.34,0.75
Kenya,1/1/2025,2025,1,74582.27,44734.53,-3.32
Kenya,2/1/2025,2025,2,73902.73,44051.69,-2.79
Kenya,3/1/2025,2025,3,74229.02,44070.69,-0.74
Kenya,4/1/2025,2025,4,74507.18,45632.98,2.64
Kenya,5/1/2025,2025,5,74774.26,45933.79,2.6
Kenya,6/1/2025,2025,6,74900.42,45432.53,2.69
Kenya,7/1/2025,2025,7,73889.19,44990.3,1.23
Kenya,8/1/2025,2025,8,75395.7,46206.79,4.46
Kenya,9/1/2025,2025,9,74206.61,44180.55,1.14
Kenya,10/1/2025,2025,10,74967.1,44362.19,2.55
Kenya,11/1/2025,2025,11,74223.01,44454.18,2.51
Kenya,12/1/2025,2025,12,74591.19,44602.92,1.94
Kenya,1/1/2025,2025,1,73369.71,43405.63,-4.4
Kenya,2/1/2025,2025,2,72802.84,42667.71,-2.98
Kenya,3/1/2025,2025,3,73395.03,43616.57,1.94
Kenya,4/1/2025,2025,4,73645.29,44028.26,2.78
Kenya,5/1/2025,2025,5,74170.47,44416.85,2.8
Kenya,6/1/2025,2025,6,73436.41,43632.61,2.07
Kenya,7/1/2025,2025,7,73785.99,44231.17,1.55
Kenya,8/1/2025,2025,8,73873.6,43752.09,1.75
Kenya,9/1/2025,2025,9,74161.07,44452.23,1.6
Kenya,10/1/2025,2025,10,74735.52,44664.94,3.81
Kenya,11/1/2025,2025,11,73584.14,43804.67,2.07
Kenya,12/1/2025,2025,12,73722.27,43620.6,2.93
Kenya,1/1/2025,2025,1,85592.28,56353.66,-0.24
Kenya,2/1/2025,2025,2,85123.78,55382,-0.02
Kenya,3/1/2025,2025,3,85052.2,55237.97,2.37
Kenya,4/1/2025,2025,4,85551.78,55628.42,1.79
Kenya,5/1/2025,2025,5,85461.84,55136.25,1.24
Kenya,6/1/2025,2025,6,85642.38,55992.69,0.46
Kenya,7/1/2025,2025,7,86971.21,57574.93,4.38
Kenya,8/1/2025,2025,8,86818.93,57382,3.84
Kenya,9/1/2025,2025,9,86738.25,56631.08,3.05
Kenya,10/1/2025,2025,10,87158.61,57674.76,4.45
Kenya,11/1/2025,2025,11,86674.4,56947.14,4.74
Kenya,12/1/2025,2025,12,86262.78,56806.46,2.95
Kenya,1/1/2025,2025,1,72766.75,45212.96,-8.35
Kenya,2/1/2025,2025,2,71721.26,44664.58,-4.57
Kenya,3/1/2025,2025,3,71967.06,44638.92,-1.29
Kenya,4/1/2025,2025,4,72410.95,45363.91,1.24
Kenya,5/1/2025,2025,5,71720.7,44954.3,-0.79
Kenya,6/1/2025,2025,6,72054.51,45650.33,1.31
Kenya,7/1/2025,2025,7,71981.24,45087.27,0.51
Kenya,8/1/2025,2025,8,72588.08,45718.01,1.98
Kenya,9/1/2025,2025,9,72504.86,45378.88,2.71
Kenya,10/1/2025,2025,10,72595.53,45061.1,1.54
Kenya,11/1/2025,2025,11,72385.01,44863.14,1.55
Kenya,12/1/2025,2025,12,72784.02,45421.61,2.11
Kenya,1/1/2025,2025,1,71388.54,44137.18,-9.87
Kenya,2/1/2025,2025,2,71966.39,44584.16,-6.55
Kenya,3/1/2025,2025,3,72266.65,44798.61,-1
Kenya,4/1/2025,2025,4,72370.68,45387.38,1.18
Kenya,5/1/2025,2025,5,72569.05,45970.46,2.24
Kenya,6/1/2025,2025,6,72422.85,45729.88,1.18
Kenya,7/1/2025,2025,7,72767.47,45881.4,1.7
Kenya,8/1/2025,2025,8,72598.95,45679.28,1.86
Kenya,9/1/2025,2025,9,72476.23,45683.42,1.61
Kenya,10/1/2025,2025,10,72912.21,45445.94,2.07
Kenya,11/1/2025,2025,11,72390.83,45437.77,1.64
Kenya,12/1/2025,2025,12,72813.65,45266.98,2.91
Kenya,1/1/2025,2025,1,71908.98,44876.01,-7.94
Kenya,2/1/2025,2025,2,72135.74,45183.42,-6.5
Kenya,3/1/2025,2025,3,71353.07,44417.4,-0.7
Kenya,4/1/2025,2025,4,72212.8,45282.67,0.59
Kenya,5/1/2025,2025,5,72258.87,45703.71,0.59
Kenya,6/1/2025,2025,6,72293.28,45705.73,2.77
Kenya,7/1/2025,2025,7,72777.45,45988.58,2
Kenya,8/1/2025,2025,8,73105.31,46417.18,2.15
Kenya,9/1/2025,2025,9,72847.9,45374.75,1.89
Kenya,10/1/2025,2025,10,72414.88,45249.67,1.11
Kenya,11/1/2025,2025,11,72189.72,45353.29,2.44
Kenya,12/1/2025,2025,12,71726.59,44540.71,0.34
Kenya,1/1/2025,2025,1,71517.48,44696.13,-9.06
Kenya,2/1/2025,2025,2,71641.6,43827.31,-6.89
Kenya,3/1/2025,2025,3,71655.86,44024.72,-2.07
Kenya,4/1/2025,2025,4,72057.48,44920.43,-0.25
Kenya,5/1/2025,2025,5,72622.37,45883.51,1.7
Kenya,6/1/2025,2025,6,72212.07,45363.29,2.17
Kenya,7/1/2025,2025,7,73541.71,46461.82,2.87
Kenya,8/1/2025,2025,8,72531.28,45141.87,1.29
Kenya,9/1/2025,2025,9,72472.57,45339.31,0.79
Kenya,10/1/2025,2025,10,73000.75,45909.02,3.96
Kenya,11/1/2025,2025,11,72900.76,45469.27,3.51
Kenya,12/1/2025,2025,12,71929.38,44528.65,1.68
Kenya,1/1/2026,2026,1,81810.47,53067.08,2.56
Kenya,2/1/2026,2026,2,81652.69,53137.01,2.59
Kenya,3/1/2026,2026,3,81520.53,53128.26,2.24
Kenya,1/1/2026,2026,1,72512.19,56075.1,0.4
Kenya,2/1/2026,2026,2,72683.84,56306.61,2.06
Kenya,3/1/2026,2026,3,72927.72,56787.54,2.72
Kenya,1/1/2026,2026,1,73186.41,45537.45,1.44
Kenya,2/1/2026,2026,2,73432.34,46614.62,4.2
Kenya,3/1/2026,2026,3,73493.98,46817.74,3.03
Kenya,1/1/2026,2026,1,71431,58413.83,8.87
Kenya,2/1/2026,2026,2,71046.95,58226.85,8.44
Kenya,3/1/2026,2026,3,70659.43,57733.04,6.58
Kenya,1/1/2026,2026,1,75747.35,59582.98,-0.82
Kenya,2/1/2026,2026,2,75788.97,59378.91,-0.19
Kenya,3/1/2026,2026,3,75892.15,59896.96,0.81
Kenya,1/1/2026,2026,1,84726.65,59524.83,1.57
Kenya,2/1/2026,2026,2,84832.78,58448.41,0.88
Kenya,3/1/2026,2026,3,84873.65,58916.6,0.44
Kenya,1/1/2026,2026,1,71236.51,45491.56,0.13
Kenya,2/1/2026,2026,2,70973.47,44437.09,0.13
Kenya,3/1/2026,2026,3,71196.94,44423.34,0.71
Kenya,1/1/2026,2026,1,82876.21,54560.99,0.96
Kenya,2/1/2026,2026,2,83040.17,54842.41,0.2
Kenya,3/1/2026,2026,3,83055.62,55138.64,1.27
Kenya,1/1/2026,2026,1,75441.59,63811.19,0.09
Kenya,2/1/2026,2026,2,75759.1,63897.34,1.34
Kenya,3/1/2026,2026,3,75830.4,63972.71,1.95
Kenya,1/1/2026,2026,1,82519.72,51952.63,3.4
Kenya,2/1/2026,2026,2,81778.7,52011.69,2.96
Kenya,3/1/2026,2026,3,81773.88,52227.29,2.4
Kenya,1/1/2026,2026,1,88280.71,54357.97,2.19
Kenya,2/1/2026,2026,2,87578.85,53901.78,4.5
Kenya,3/1/2026,2026,3,87404.33,53961.96,0.75
Kenya,1/1/2026,2026,1,75586.26,64670.49,0.54
Kenya,2/1/2026,2026,2,75462.62,64757.12,0.91
Kenya,3/1/2026,2026,3,75591.31,64805.72,1.49
Kenya,1/1/2026,2026,1,78956.35,56909.91,4.66
Kenya,2/1/2026,2026,2,78367.25,56643.18,1.78
Kenya,3/1/2026,2026,3,78075.88,56486.22,1.29
Kenya,1/1/2026,2026,1,83099.51,58155.2,2.42
Kenya,2/1/2026,2026,2,82465.66,57335.11,1.94
Kenya,3/1/2026,2026,3,82770.59,57642.22,3.6
Kenya,1/1/2026,2026,1,86089.34,55537.7,4.16
Kenya,2/1/2026,2026,2,85753.71,54689.72,3.21
Kenya,3/1/2026,2026,3,85891.52,54588.38,2.19
Kenya,1/1/2026,2026,1,80350.9,50655.76,1.53
Kenya,2/1/2026,2026,2,79915.57,51702.84,1.34
Kenya,3/1/2026,2026,3,79653.09,51979.2,1.19
Kenya,1/1/2026,2026,1,81019.6,55908.03,1.64
Kenya,2/1/2026,2026,2,80871.98,55840.83,1.85
Kenya,3/1/2026,2026,3,80454.24,56069.59,1.99
Kenya,1/1/2026,2026,1,82850.18,52695.55,1.29
Kenya,2/1/2026,2026,2,82797.96,53044.6,2.25
Kenya,3/1/2026,2026,3,82640.79,53059.33,2.07
Kenya,1/1/2026,2026,1,79014.38,50414.8,2.41
Kenya,2/1/2026,2026,2,78927.45,50334,2.77
Kenya,3/1/2026,2026,3,79115.22,50350.8,3.29
Kenya,1/1/2026,2026,1,81184.13,56611.86,3.26
Kenya,2/1/2026,2026,2,79992.57,55409.27,2.27
Kenya,3/1/2026,2026,3,79727.21,55056.57,0.91
Kenya,1/1/2026,2026,1,78901.96,60004.14,1.16
Kenya,2/1/2026,2026,2,78481.46,59204.03,4.98
Kenya,3/1/2026,2026,3,78611.42,59544.91,5.27
Kenya,1/1/2026,2026,1,76059.44,47131.44,1.35
Kenya,2/1/2026,2026,2,75877.01,46922.71,3.47
Kenya,3/1/2026,2026,3,76138.49,47386.26,4.46
Kenya,1/1/2026,2026,1,76110.4,58162.08,-0.93
Kenya,2/1/2026,2026,2,76349.95,58648.46,0.64
Kenya,3/1/2026,2026,3,76532.58,59096.86,1.89
Kenya,1/1/2026,2026,1,86256.87,51350.05,0.49
Kenya,2/1/2026,2026,2,85867.87,51422.39,2.81
Kenya,3/1/2026,2026,3,86820.38,52355.92,2.38
Kenya,1/1/2026,2026,1,83624.89,58547.07,3.31
Kenya,2/1/2026,2026,2,83650.93,57468.04,2.93
Kenya,3/1/2026,2026,3,83907.53,57312.62,2.25
Kenya,1/1/2026,2026,1,91290.08,53354.96,0.07
Kenya,2/1/2026,2026,2,91610.76,53888.99,0.41
Kenya,3/1/2026,2026,3,91536.73,53948.24,0.4
Kenya,1/1/2026,2026,1,93762.18,58593.03,1.39
Kenya,2/1/2026,2026,2,93575.57,57688.66,-0.82
Kenya,3/1/2026,2026,3,93369.51,58061.48,1.19
Kenya,1/1/2026,2026,1,92936.25,56663.99,0.43
Kenya,2/1/2026,2026,2,92958.46,56855.15,1.7
Kenya,3/1/2026,2026,3,92989.84,57018.57,2.63
Kenya,1/1/2026,2026,1,74153.77,55132.05,8.17
Kenya,2/1/2026,2026,2,73004.79,54135.84,4.89
Kenya,3/1/2026,2026,3,73199.41,54436.71,0.3
Kenya,1/1/2026,2026,1,74257.25,50678.8,3.62
Kenya,2/1/2026,2026,2,73901.11,49893.96,3.26
Kenya,3/1/2026,2026,3,74186.6,50332.73,3.64
Kenya,1/1/2026,2026,1,82592.91,54676.81,0.97
Kenya,2/1/2026,2026,2,82839.56,54092.9,0.6
Kenya,3/1/2026,2026,3,83124.51,54528.5,0.1
Kenya,1/1/2026,2026,1,72390.81,49950.06,-0.16
Kenya,2/1/2026,2026,2,73048.19,50449.02,2.41
Kenya,3/1/2026,2026,3,73014.6,50576.24,1.07
Kenya,1/1/2026,2026,1,71707.08,49240.7,-0.01
Kenya,2/1/2026,2026,2,72930.85,49877.71,2.2
Kenya,3/1/2026,2026,3,73212.37,49897.03,2.78
Kenya,1/1/2026,2026,1,80025.75,51299.61,-0.2
Kenya,2/1/2026,2026,2,79504.76,51447.15,-0.07
Kenya,3/1/2026,2026,3,79701.35,51698.31,0.6
Kenya,1/1/2026,2026,1,78820.21,62634.73,3.98
Kenya,2/1/2026,2026,2,79142.48,62624.97,4.48
Kenya,3/1/2026,2026,3,78391.73,62052.83,3.36
Kenya,1/1/2026,2026,1,76207.72,56433.51,7.18
Kenya,2/1/2026,2026,2,74437.81,52791.04,1.76
Kenya,3/1/2026,2026,3,74804.45,53365.88,4.14
Kenya,1/1/2026,2026,1,91260.32,61717.63,1.57
Kenya,2/1/2026,2026,2,91102.58,62247.92,1.38
Kenya,3/1/2026,2026,3,91566.94,62886.24,1.23
Kenya,1/1/2026,2026,1,75122.65,51553.46,1.61
Kenya,2/1/2026,2026,2,74566.58,51115.15,2.38
Kenya,3/1/2026,2026,3,74833.35,51386.8,2.02
Kenya,1/1/2026,2026,1,75938.11,48274.39,1.62
Kenya,2/1/2026,2026,2,74351.76,47817.52,0.44
Kenya,3/1/2026,2026,3,74413.29,47581.4,0.9
Kenya,1/1/2026,2026,1,83613.68,52264.03,5.63
Kenya,2/1/2026,2026,2,81136.23,49602.51,2.33
Kenya,3/1/2026,2026,3,81428.58,50382.05,0.97
Kenya,1/1/2026,2026,1,72544.84,45296.68,1.02
Kenya,2/1/2026,2026,2,72940.97,45358.64,1.74
Kenya,3/1/2026,2026,3,73001.51,45393.36,2.03
Kenya,1/1/2026,2026,1,84203.81,55417.01,4.92
Kenya,2/1/2026,2026,2,81848.07,53279.92,1.55
Kenya,3/1/2026,2026,3,82091.72,53562.22,1.48
Kenya,1/1/2026,2026,1,90488.22,62897.75,2.81
Kenya,2/1/2026,2026,2,89381.53,61592.37,0.07
Kenya,3/1/2026,2026,3,89362.1,62115.18,0.68
Kenya,1/1/2026,2026,1,84540.68,57865.2,1.84
Kenya,2/1/2026,2026,2,84657.79,57919.01,4.02
Kenya,3/1/2026,2026,3,84713.83,58230.58,4.63
Kenya,1/1/2026,2026,1,76728.75,49951.75,2.02
Kenya,2/1/2026,2026,2,77572.7,51316.43,5.67
Kenya,3/1/2026,2026,3,77373.81,51498.55,5.32
Kenya,1/1/2026,2026,1,77777.18,59146.47,6.12
Kenya,2/1/2026,2026,2,75525.01,56159.81,3.48
Kenya,3/1/2026,2026,3,75367.81,56785.55,2.81
Kenya,1/1/2026,2026,1,82528.25,58168.17,3.37
Kenya,2/1/2026,2026,2,82952.79,57587.26,3.73
Kenya,3/1/2026,2026,3,83075.81,57494.61,1.97
Kenya,1/1/2026,2026,1,77964.71,54130.63,1.47
Kenya,2/1/2026,2026,2,77627.58,54302.86,2.2
Kenya,3/1/2026,2026,3,77598.57,54750.64,3.03
Kenya,1/1/2026,2026,1,81359.03,39990.71,1.59
Kenya,2/1/2026,2026,2,80893.83,40012.54,1.71
Kenya,3/1/2026,2026,3,80874.8,39634.51,1.01
Kenya,1/1/2026,2026,1,81120.46,54066.38,3.77
Kenya,2/1/2026,2026,2,81437.57,53951.2,2.72
Kenya,3/1/2026,2026,3,81648.46,54230.53,5.23
Kenya,1/1/2026,2026,1,81728.28,54799.12,2.02
Kenya,2/1/2026,2026,2,81175.73,53265.65,3.11
Kenya,3/1/2026,2026,3,80817.29,53271.74,0.5
Kenya,1/1/2026,2026,1,72569.11,45819.03,2.46
Kenya,2/1/2026,2026,2,72375.66,45862.94,3.89
Kenya,3/1/2026,2026,3,72098.24,45721.53,2.15
Kenya,1/1/2026,2026,1,72420.22,45220.78,0.82
Kenya,2/1/2026,2026,2,72496.37,45464.66,2.35
Kenya,3/1/2026,2026,3,72677.6,45687.95,0.7
Kenya,1/1/2026,2026,1,92904.44,55623.55,2.36
Kenya,2/1/2026,2026,2,91832.43,54570.54,0.74
Kenya,3/1/2026,2026,3,91965.67,54756.64,0.28
Kenya,1/1/2026,2026,1,84599.44,55394.84,4.27
Kenya,2/1/2026,2026,2,83691,54580.25,2.54
Kenya,3/1/2026,2026,3,83564.63,54490.75,3.72
Kenya,1/1/2026,2026,1,80702.56,56857.71,2.81
Kenya,2/1/2026,2026,2,80289.07,56717.78,3.22
Kenya,3/1/2026,2026,3,80456.82,56842.62,2.28
Kenya,1/1/2026,2026,1,88067.24,54472.58,1.33
Kenya,2/1/2026,2026,2,87270.16,53853.99,2.39
Kenya,3/1/2026,2026,3,87587.54,54018.85,0.65
Kenya,1/1/2026,2026,1,72606.9,54120.47,1.46
Kenya,2/1/2026,2026,2,72027.65,53532.04,6.77
Kenya,3/1/2026,2026,3,71314.3,52224.54,4.68
Kenya,1/1/2026,2026,1,88431.1,53904.66,0.85
Kenya,2/1/2026,2026,2,88921.02,55496.74,4.92
Kenya,3/1/2026,2026,3,89053.23,55725.23,8.21
Kenya,1/1/2026,2026,1,74670.76,46807.86,1.23
Kenya,2/1/2026,2026,2,73988.73,45068.8,0.27
Kenya,3/1/2026,2026,3,74207.46,45635.51,2.12
Kenya,1/1/2026,2026,1,77339.82,54155.17,1.03
Kenya,2/1/2026,2026,2,77147.91,52820.04,1.13
Kenya,3/1/2026,2026,3,77047.62,52897.34,1.56
Kenya,1/1/2026,2026,1,80465.69,52852.4,2.75
Kenya,2/1/2026,2026,2,78832.49,52030.55,1.27
Kenya,3/1/2026,2026,3,78977.62,52417.04,1.32
Kenya,1/1/2026,2026,1,78852.49,51358.07,0.06
Kenya,2/1/2026,2026,2,78458.65,51272.31,0.68
Kenya,3/1/2026,2026,3,78920.71,51488.58,0.6
Kenya,1/1/2026,2026,1,75062.74,45547.37,1.28
Kenya,2/1/2026,2026,2,74620.93,44917.62,1.51
Kenya,3/1/2026,2026,3,74972.37,45284.57,1.91
Kenya,1/1/2026,2026,1,74509.64,44484.68,2.06
Kenya,2/1/2026,2026,2,73975.15,43752.64,2.11
Kenya,3/1/2026,2026,3,74114.31,43988.34,0.96
Kenya,1/1/2026,2026,1,86547.89,56759.44,0.89
Kenya,2/1/2026,2026,2,87093.02,57885.71,3.56
Kenya,3/1/2026,2026,3,87393.5,57801.37,3.99
Kenya,1/1/2026,2026,1,72469.15,45458.28,0.12
Kenya,2/1/2026,2026,2,72085.27,44636.36,0.19
Kenya,3/1/2026,2026,3,72821.63,45400.92,1.25
Kenya,1/1/2026,2026,1,72964.93,45449.36,2.63
Kenya,2/1/2026,2026,2,72685.81,45750.43,1.89
Kenya,3/1/2026,2026,3,72912.46,45958.56,1.8
Kenya,1/1/2026,2026,1,72409.38,45169.33,0.67
Kenya,2/1/2026,2026,2,72924.77,45263.5,0.59
Kenya,3/1/2026,2026,3,73319.31,45891.29,3.22
Kenya,1/1/2026,2026,1,72497.63,45083.98,1.09
Kenya,2/1/2026,2026,2,73118.92,45388.86,2.89
Kenya,3/1/2026,2026,3,72863.66,45290.98,2.38
